"rid","pid","elevation.min","WS_ID","ws_mi60_mean","ws_accum_precip_mean","ws_10.min.storm.accum_mean","ws_30.min.storm.accum_mean","ws_60.min.storm.accum_mean","ws_sbs_mean","ws_dnbr.BAER_mean","ws_dnbr.extended_mean","ws_flow.accum_max","ws_slope_mean","ws_aspect.northness_mean","ws_aspect.eastness_mean","ws_slope.northness_mean","ws_slope.eastness_mean","ws_bare.earth_mean","ws_ndvi.max_mean","ws_ndvi.mean_mean","ws_ndvi.min_mean","ws_ndvi.range_mean","ws_RV.Sand","ws_RV.Silt","ws_RV.Clay","ws_Kw","ch_elevation.min","ch_watershed","ch_valley_width","ch_area","ch_channel_width","ch_channel.width.over.valley.width","ch_elevation.mean","ch_slope.median","ch_flow.accumulation.max","ch_curvature.median","ch_sfm.erosion.mean","ch_sfm.erosion.count","ch_sfm.erosion.sum","ch_sfm.deposition.mean","ch_sfm.deposition.count","ch_sfm.deposition.sum","ch_sfm.net.change","ch_sfm.net.change.norm","ch_distance.upstream","ch_distance.downstream","ch_slope.upstream","ch_slope.downstream","ch_central.slope.difference","ch_slope.over.width","ch_change.in.slope.over.width","ch_stream.power","ch_slope.over.width.central.diff","ch_stream.power.central.diff","hs_area","hs_hillslope.length","hs_flow.accumulation.max","hs_elevation.range","hs_mi60.mean","hs_accum.precip.mean","hs_storm.accum.10.min","hs_storm.accum.30.min","hs_storm.accum.60.min","hs_slope.median","hs_northness.median","hs_eastness.median","hs_curvature.median","hs_bare.earth.mean","hs_ndvi.max","hs_ndvi.mean","hs_ndvi.min","hs_ndvi.range","hs_dnbr.BAER.median","hs_extended.dnbr.median","hs_drainage_density","ch_sfm.net.change.count","ch_sfm.erosion.norm","ch_sfm.deposition.norm","ratio","snapdist","upDist","afv_flow_accum","locID","netID","netgeom","X","Y"
43,1,-1.01883196629671,1,0,0,-1,-1,-1,-0.591112647860236,-0.663732003858026,-0.860981755716162,0.872019114997993,0.22798155006269,-0.783598060715632,-0.358098382015015,0.22798155006269,0.22798155006269,0.510291575273115,-0.326469197264897,-0.28536159691456,0.498185831093889,-0.476948217446917,0,0,0,0.901960784313725,-1.01883196629671,11,0.433158366946373,-3.23595203299771,-3.1723588476803,-0.229841460812299,-1.00486418922099,-0.24724528551671,0.866028113410917,0.523173111218345,1.52484341460036,10.0000000001,15.0277414035265,0.0362317972885204,1.0000000001,0.0357074093692258,15.0634488127957,0.22415834289615,-1.71057484710723,-1.11212800301081,-0.429669516973652,-0.361038536276468,-0.0115456999212419,0.0297210131071991,-0.011760918955715,0.89272572983545,0.0601096125187946,-0.00262496823724722,-0.51417775690973,-0.783926133081425,-1.78781548546927,-0.296722052490404,3.00614757423704e-15,-0.5,-1.15226040856004,-1.16215284746047,-1.15725648653398,1.45641007723232,2.04704940401375,-0.029068222968288,-6.88634640433632,0.262335239930171,0.406105481437123,1.04046817405249,1.39030652061698,0.0344230590761711,-3.48273181626427,-0.162717547473574,0,10.0000000001,0.223626982827602,0.000531359968547678,0.0119099114814584,0.956831399977681,2814.94656906917,0.0312500660060792,1,2,"SNETWORK (2 43 2814.94656906917 0.0119099114814584 1 1)",453472.700986085,4501060.70098608
43,2,-0.917758786167799,3,0,0,-1,-1,-1,-0.544506602144749,-0.599136911299928,-0.852661370806985,0.865888875407174,0.203578781354057,-0.784188817026091,-0.373013013135862,0.203578781354057,0.203578781354057,0.505751755416775,-0.385483456572128,-0.39883937942788,0.436955938647412,-0.493957193277466,0,0,0,0.901960784313725,-0.917758786167799,11,0.647465283488881,0.55906592599028,0.561004424246456,-0.396713470559546,-0.907073479638017,-0.134899505072142,0.860822475887287,0.316331226278145,0.222678459452917,9.0000000001,1.97510042306966,6.60118939737545,5.0000000001,32.5282472528847,34.5033476758544,0.401849450206562,0.382053175618675,-0.489650987959889,-0.343522103611199,-0.483335863111083,0.000124369199624949,-0.176112339737729,-0.000626564725693879,0.698409156086495,-0.0335092305795909,-0.17814411482414,-0.355637901424668,-0.252258998391063,0.176993506657494,0.181103897154152,0,-0.5,-1.15226040856004,-1.16215284746047,-1.15725648653398,1.67110807630826,0.0979095715936494,-0.0162972894953533,-2.79575222692186,0.262335239930171,-0.336649865517701,-0.0879922164237137,-0.353029009095781,-0.388446364513741,-1.52361491784699,-0.455917457738955,0,9.0000000001,0.0230033626398903,0.378846087466671,0.0421632373127617,0.277573740317675,2859.07615336947,0.0312500660060792,2,2,"SNETWORK (2 43 2859.07615336947 0.0421632373127617 2 2)",453435.588540867,4501050.58854087
43,3,-0.867969833077432,4,0,0,-1,-1,-1,-0.529029533571369,-0.570876475001001,-0.860506436982621,0.860994390569436,0.163263476689888,-0.777536837576227,-0.378449645175358,0.163263476689888,0.163263476689888,0.501647541356033,-0.394728542280569,-0.424078422795835,0.427526705592121,-0.496737735117111,0,0,0,0.901960784313725,-0.867969833077432,11,-0.129302778893613,0.734394202586698,0.737691778157264,0.180682635692724,-0.869096205512953,-0.37723685111439,0.857045327634218,-0.173272509473756,4.46300054599907,3.0000000001,13.1952207255865,6.01774374653962,3.0000000001,17.7919442732528,30.9871649987394,0.356841112214154,-0.200510185666809,0.387420262092182,-0.0456926655919013,-0.118660958011311,-0.000124369199624975,-0.484512134415915,0.000626564725693852,0.391386509539708,-0.0871311682391545,-0.277393747664549,-0.193270779502576,-0.233567715697729,0.351283286890525,0.126708372739585,0,0,-1.15226040856004,-1.16215284746047,-1.15725648653397,1.67118862641526,0.681175648022332,-1.00718308820231,-1.67181819982095,-1.55931141720524,-0.597125640613852,-0.454737014292759,-0.979307864557532,-0.532655238017872,0.244575586640432,-0.510690260708208,2.61154454396457,3.0000000001,0.151953147003965,0.20488796511019,0.0585142699490337,0.0992754762992263,2882.92689550416,0.0312500660060792,3,2,"SNETWORK (2 43 2882.92689550416 0.0585142699490337 3 3)",453417.673968497,4501040.5
43,4,-0.843362027151148,5,0,0,-1,-1,-1,-0.51041502247284,-0.5475879390143,-0.859474082156073,0.852982518363652,0.105123250691052,-0.779320633823812,-0.354548008123685,0.105123250691052,0.105123250691052,0.501600105936122,-0.378487638528912,-0.417008405888823,0.438509594325889,-0.487901004594153,0,0,0,0.901960784313725,-0.843362027151148,11,-0.562161077250741,0.0787979527613447,0.0788341101679401,0.777028056174197,-0.839299163393335,-0.0354969941068772,0.851405577786806,-0.388882461488047,0.675968220557435,2.0000000001,1.332369673913,0.104744644935591,8.0000000001,0.825829286446123,2.15819896025913,0.0259265173420493,-0.196676353218537,-0.203326954572211,0.677550156199289,-0.377682074145898,-1.50160691006962,-0.023431333037719,-1.49490067899436,0.83521406861453,-1.2230365801055,-2.45904334748379,0.0201599635628717,-0.0102410377121079,0.350471510832495,0.350695351864132,0,0,-0.923982802009859,-0.919043924637798,-0.92148847106651,1.15440750227162,-1.7169277379533,-0.178183270577198,-0.302084366675945,-0.195046269601975,-0.812380353915799,-0.634052446196692,-0.783513541294672,-0.847337652393318,-0.950667917081458,-0.13914359556651,1.13262103678432,8.0000000001,0.0160058020407671,0.00992071520128219,0.0740419082785507,0.533115740865469,2905.57657800412,0.0312500660060792,4,2,"SNETWORK (2 43 2905.57657800412 0.0740419082785507 4 4)",453398.337994496,4501034.5
43,5,-0.810667816406962,6,0,0,-1,-1,-1,-0.504286365686376,-0.528334560195142,-0.819511625091219,0.835898488907141,0.0370771245642826,-0.68056675962835,-0.361364716464193,0.0370771245642826,0.0370771245642826,0.494742419211674,-0.302024079735472,-0.363115913207621,0.456499922780038,-0.422447370962823,0,0,0,0.901960784313725,-0.810667816406962,11,-0.395897780322529,0.322860452026924,0.323528155204158,0.512074549239269,-0.800944104837955,0.794376977198194,0.837892440323469,-0.688661605338273,0.230024409114732,8.0000000001,1.81356186607405,0.0791379964358243,15.0000000001,1.16988931412156,2.98345118009562,0.0352805809642434,-0.651184173752452,-0.19943926441096,-0.00406659589895845,-0.012415058411855,0.0706517612783212,0.691586976493416,0.0662278002754803,1.44326795811848,0.0381046303517481,0.043976290577388,0.522146858577786,0.51765895534287,-0.815258201938962,1.11067318504949,0,-0.5,-1.04924136718261,-1.05244060473119,-1.05085711031842,0.781936474451126,0.28874276024414,-0.260333353887745,-0.213205722267714,0.24652627305804,-1.01491931373402,-0.903179740224381,-0.705219806301019,-1.11439720329477,0.867610423807573,0.931070941873386,0,15.0000000001,0.0214461414665748,0.0138344393976685,0.0897642092158787,0.334645788997405,2928.51020878829,0.0312500660060792,5,2,"SNETWORK (2 43 2928.51020878829 0.0897642092158787 5 5)",453378.36130712,4501031.36130712
43,6,-0.766708597022524,7,0,0,-1,-1,-1,-0.573129094979421,-0.603219625196057,-1.01873171012362,0.765176729729982,-0.134843738582226,-0.589854973266825,-0.373133499781399,-0.134843738582226,-0.134843738582226,0.443003851936172,0.18096994418741,0.0633470125855778,0.509336219899655,0.0340715221788709,0,0,0,0.901960784313725,-0.766708597022524,11,-0.0225842678152923,0.398697530481312,0.399702833823777,0.203298699803411,-0.747536520038191,0.0122662061974841,0.784748929096842,0.545035392332877,0.763062535574698,27.0000000001,20.3045028372573,0.0676999534405671,13.0000000001,0.867361590671762,21.1718644278291,0.249144923774457,-0.206892673980903,-0.660332014926782,-0.494494777386645,0.874591776519014,2.03158352616498,-0.00188048976232594,1.97256789322097,0.813313636444339,1.48822084511221,2.82239705901458,0.00838696522550594,0.344371391867305,0.339171078492963,0.686262108111743,-3.00614757423704e-15,0,-1.15226040856004,-1.16215284746047,-1.15725648653397,0.881958052183501,-0.799346347519633,0.0426409797355155,-0.679363660545136,0.124384942898014,-0.897232645189126,-0.784319542681866,-0.81150348809412,-0.94255926634178,1.37957037796165,1.31741110432395,5.35765499623441e-10,27.0000000001,0.238938040949564,0.0102068827248926,0.105680304290229,0.731665201863656,2951.72652104538,0.0312500660060792,6,2,"SNETWORK (2 43 2951.72652104538 0.105680304290229 6 6)",453359.015963101,4501024.9840369
43,7,-0.706778384117989,8,0,0,-1,-1,-1,-0.577530385330097,-0.61641970768025,-1.05687041766398,0.753689063943775,-0.179562716785109,-0.526069525380023,-0.391487703974102,-0.179562716785109,-0.179562716785109,0.433805729801907,0.268423027706462,0.135960934407639,0.524869439076641,0.112501626749961,0,0,0,0.901960784313725,-0.706778384117989,11,0.222361792505301,-0.0822499615458471,-0.0822479100858278,-0.172025680587467,-0.706811219898203,-0.550468148501186,0.749708272808057,0.526005616815679,0.98017733718024,25.0000000001,24.1497773002951,0.106984759115696,7.0000000001,0.738054474490615,24.8878317746857,0.30210035161051,-0.718065462393255,-0.209799104139983,-0.237633912202496,0.0386364103569688,0.515618060513991,-0.66186873578009,0.510620844679977,0.135982767123355,0.343440634143781,0.58226734711947,-0.00838696522550653,0.326780383010865,0.337455843671996,0.588911995873091,0,0,-0.962174353888553,-0.959716801747689,-0.960933191598411,0.693667498964868,-0.905919446352332,-0.0874653863184644,-0.302324399402359,0.262335239930171,-0.669454773990666,-0.56283915044169,-0.60177032188661,-0.723835788992392,1.03232078143507,0.701515691058721,0,25.0000000001,0.29314149490272,0.00895885660778986,0.122035508427723,0.960565903396462,2975.58334801901,0.0312500660060792,7,2,"SNETWORK (2 43 2975.58334801901 0.122035508427723 7 7)",453338.924813563,4501022.07518644
43,8,-0.675588620781785,9,0,0,-1,-1,-1,-0.581308203578277,-0.618730698940264,-1.19351948032115,0.733913254496411,-0.208069801015834,-0.463158909063667,-0.401237034066265,-0.208069801015834,-0.208069801015834,0.430968792210954,0.315790771160999,0.169296316784024,0.531447908858203,0.156278843680844,0,0,0,0.901960784313725,-0.675588620781785,11,0.231493072914103,0.337393365195411,0.338120590627664,-0.165560912064661,-0.674219875699168,-0.255737057032753,0.736217397515171,0.358261484649668,0.153669518580698,15.0000000001,2.27168156755493,0.133594405006034,10.0000000001,1.31660874220509,3.58829030966002,0.0423933126543893,0.563458842971889,-0.728152852516534,-0.0633409255438172,-0.56283951987755,-0.552135686923368,-0.298512562254618,-0.54145594195028,0.501779804585881,-0.442712720725116,-0.897354282597378,0.129685686045502,0.428368306251448,-1.08772294151708,0.805792655157062,0,0,-0.98976987012078,-0.98910521319696,-0.989434191745534,0.522308540383261,-0.505257330900333,-0.805684435537713,0.100870991261665,-0.0783265425366888,-0.923391358842526,-0.837733439182899,-0.742270255226923,-0.993254391305706,0.267203195069682,-0.085525389284038,0,15.0000000001,0.0268384379203059,0.0155548746340833,0.137901586166547,1.89281497604967,2998.72670154631,0.0312500660060792,8,2,"SNETWORK (2 43 2998.72670154631 0.137901586166547 8 8)",453322.388418469,4501014.38841847
43,9,-0.646843208738639,10,0,0,-1,-1,-1,-0.597406574198275,-0.658656845008939,-1.20537105560788,0.712121410104442,-0.240854892480732,-0.391180668413813,-0.37029436582597,-0.240854892480732,-0.240854892480732,0.419290157115878,0.447790185673387,0.288840191458978,0.554123724212446,0.275210099076974,0,0,0,0.901960784313725,-0.646843208738639,11,-0.0641545175902699,0.361057209021171,0.361886605223249,0.0932369288859514,-0.642524454326692,-0.0557472214601867,0.72280443981886,-0.0434978115199671,0.756003747359577,30.0000000001,22.3518599467706,0.0521915756234659,4.0000000001,0.205744798010557,22.5576047446812,0.266097038355621,-0.538281244410768,0.57137431790439,0.654027827091791,-0.247817598912842,-1.28570899974645,-0.0708962953156409,-1.25519296433824,0.709806471311365,-1.1708675996082,-2.14795796729963,0.13406814404843,0.474748954355105,-1.04874793075093,0.83967961972506,3.00614757423704e-15,0,-1.03069038963765,-1.03268436040911,-1.03169742476339,0.515340020478179,-0.0999998279498086,-0.688761399581111,-0.0202517346948017,0.0694669128806957,-0.785187769452891,-0.657424549559197,-0.634264365618811,-0.855269215575597,0.476974041191787,0.618978521392971,0,30.0000000001,0.263670003914856,0.00242703434076493,0.153317559453014,1.22641278175765,3021.21350172523,0.0312500660060792,9,2,"SNETWORK (2 43 3021.21350172523 0.153317559453014 9 9)",453303.266024169,4501006.26602417
43,10,-0.610397052934304,11,0,0,-1,-1,-1,-0.61318669831214,-0.700363546648871,-1.33177875341812,0.688406865719006,-0.274489736761979,-0.339865905819202,-0.345456331030256,-0.274489736761979,-0.274489736761979,0.402867640871599,0.544643883881661,0.358877776567919,0.560932058849068,0.369429792100198,0,0,0,0.901960784313725,-0.610397052934304,11,0.710137262838381,-0.608097564563065,-0.606061976122694,-0.443325855426145,-0.598909223802803,0.767386638569681,0.684840018477601,0.219630960623345,0.644563981431885,12.0000000001,7.62282138934474,0.377641968839529,12.0000000001,4.46611563820287,12.0889370274476,0.151805287355077,2.64535501045659,-0.545843024210506,0.459165089823126,-0.0340594173053412,-0.673670623632887,0.767172182372646,-0.709863566844595,1.40627187228696,-0.674206591252197,-1.03523167238332,0.726772707472333,0.445605656484162,-0.581958911636622,0.843169786393287,0,0.5,-1.15226040856004,-1.16215284746046,-1.15725648653397,0.399567580163632,1.26256031030601,-0.476910096941383,-0.582638409532856,-1.93175013805794,-0.459173282038277,-0.420802754252552,-0.553219295448929,-0.48215249316342,0.556174745976474,-0.528452609892456,0,12.0000000001,0.0957226088671535,0.0560826783879238,0.166448976806348,4.4405547322116,3040.36789130565,0.0312500660060792,10,2,"SNETWORK (2 43 3040.36789130565 0.166448976806348 10 10)",453286.5,4501002.5
43,11,-0.558544447132778,12,0,0,-1,-1,-1,-0.658770541780363,-0.832511387094483,-1.48342679960525,0.557282459562632,-0.474457176625495,-0.565468650540114,-0.24393253212138,-0.474457176625495,-0.474457176625495,0.490777413648113,0.783962773542966,0.576169472042121,0.608004235028429,0.580842228348519,0,0,0,0.901960784313725,-0.558544447132778,11,0.772178732428931,-0.519530888437578,-0.518069612574341,-0.464406767122306,-0.548427677638095,0.543794355640379,0.562234825084272,-0.449732696720927,0.0659835222511977,7.0000000001,0.45519973329376,0.0779594834798268,17.0000000001,1.30612980107573,1.76132953426949,0.0219916225927084,0.515043575762163,2.68251698161741,0.145895558898258,0.845743281845853,0.91644512146399,0.580669653001041,0.934833651298879,1.16919130844828,0.893545608803245,1.66582624599355,-0.365296944438906,-0.14360257689678,-1.20883541905331,-0.131867009327258,0,-0.5,-0.8957479270828,-0.888974615022706,-0.892327133127475,0.349408667746323,-1.85036060262241,-0.168958650802546,-0.869709799245269,0.262335239930171,-0.556528703085808,-0.495434463851812,-0.0489781914418901,-0.738406502367234,-1.89539242465431,0.250458479200419,0,17.0000000001,0.00568353649727391,0.0163080859954344,0.189285832656526,1.44937952142209,3073.67930179366,0.0312500660060792,11,2,"SNETWORK (2 43 3073.67930179366 0.189285832656526 11 11)",453262.644433635,4501014.5
43,12,-0.512704668488363,13,0,0,-1,-1,-1,-0.652183600313163,-0.833621026347935,-1.50268347397757,0.550984217059762,-0.476581337515184,-0.52031839598306,-0.246916900075411,-0.476581337515184,-0.476581337515184,0.485271748390203,0.780431044726449,0.571593806035787,0.593790019213286,0.587283518260054,0,0,0,0.901960784313725,-0.512704668488363,11,0.707811072054343,1.3842062251872,1.39558628941434,-0.406770712588824,-0.504065389999996,0.184337998958342,0.551753053163918,0.626087318904651,0.0298373681561781,1.0000000001,0.0294055277130779,0.0790496969218814,23.0000000001,1.79182878611986,1.82123431373293,0.0201126782294112,-0.66898545907958,0.522278912582131,-0.56939112947635,0.606757736987524,1.78402101147979,0.0780992441248328,1.63345627079156,0.728757206447929,1.42563537676114,2.30436280141161,0.182791811282302,0.463673207214566,0.134942550413908,0.526848319910379,0,0,-1.05368147144721,-1.05716918490732,-1.05544290647581,-0.292848229472451,-0.20462940986021,-0.540083150318156,0.163200149387836,0.219966636084912,0.00986217776715046,0.0425432644703575,-0.111629761884148,-0.0344230590761711,-0.164047466334962,0.553672071486041,0,23.0000000001,0.000324737958032208,0.019787940171379,0.205225155607654,1.99818268883973,3096.92949583129,0.0312500660060792,12,2,"SNETWORK (2 43 3096.92949583129 0.205225155607654 12 12)",453243.536375221,4501022.5
43,13,-0.469493086078013,14,0,0,-1,-1,-1,-0.67332317531538,-0.862711894330892,-1.68614910160905,0.52383121307436,-0.449033605235433,-0.452101925802575,-0.208828381259179,-0.449033605235433,-0.449033605235433,0.463159908691253,0.670997733263836,0.462773932385785,0.551410949314948,0.505367520612312,0,0,0,0.901960784313725,-0.469493086078013,11,0.707811072054343,0.155873163160471,0.156033522385869,-0.406770712588824,-0.471053290320646,-0.636406828115057,0.533019436729984,0.599938714066916,0.0994795124115182,6.0000000001,0.588238387756215,0.0664158276252894,19.0000000001,1.24363705564394,1.83187544330015,0.0218972572036134,0.493337230136042,-0.678383372871513,-0.638854443766511,0.222554525101143,1.39419492819896,-0.812413966569343,1.37230072368676,-0.180756829813817,0.938824428064216,1.48289986786693,1.01183387754292,1.00958039831102,0.307456927555398,1.69128709685383,4.45040472848782,-16278397943475.5,-0.583670841159905,-0.588262124957085,-0.58598893010889,0.321750012090363,1.10441146973105,-1.05433624337453,-0.305632281010885,0.0471505418861598,-0.402099125140716,-0.402338587073674,-0.804261287193204,-0.344139385822822,0.27604784119317,-0.861322221657891,0,19.0000000001,0.0070314863712684,0.014865770732345,0.219108153445215,0.102072665467858,3117.18019245981,0.0312500660060792,13,2,"SNETWORK (2 43 3117.18019245981 0.219108153445215 13 13)",453223.699892155,4501021.5
43,14,-0.435299014655749,15,0,0,-1,-1,-1,-0.64932035452841,-0.891414519952971,-0.959972401637262,0.22486443098347,-1.0072417990506,-0.978435034247203,0.902901619267822,-1.0072417990506,-1.0072417990506,0.196202600520595,1.16520797986435,1.0559540496471,1.03524573570359,0.668308677578125,-0.885714285714286,0.686384976525822,0.464516129032257,-0.0980392156862747,-0.435299014655749,11,0.368554103191657,0.894133366784053,0.898975226165531,-0.184469185523809,-0.442405490898822,-0.716111451172667,0.513636506991249,0.48373860926365,0.44913041849997,3.0000000001,1.32789027131301,0.193661642106852,11.0000000001,2.09944624683157,3.42733651804458,0.0390640909184519,2.75166896175903,0.500267636015937,-0.615529204993227,-0.65469466757252,0.208512806690939,-0.993681626437634,0.198391020692812,-0.411593722093486,0.254120098232263,0.479846439267368,0.440967471651305,0.507373993223467,-0.315803636132195,0.306484304039485,-6.01229514847409e-15,0.5,-0.704719976618657,-0.703703101529627,-0.704206015864928,-0.703284713136708,-0.446001568647777,0.0886248717136664,0.117530926791642,-0.358662627842711,0.228222607876453,0.314087608764754,0.442579585385898,0.0784680626611725,-1.03628136321967,-1.07816836548623,0,11.0000000001,0.0151350256620591,0.0239290651563928,0.234280161987981,0.914472143165767,3139.31112886416,0.0312500660060792,14,2,"SNETWORK (2 43 3139.31112886416 0.234280161987981 14 14)",453203.22581,4501023.5
43,15,-0.405994397309424,16,0,0,-0.969898012391661,-1.00036116796162,-0.993921440693166,-0.598422533926456,-0.799524725782625,-0.828269500805848,0.165637804388609,-0.862688627857204,-0.776048446912158,0.910898932741635,-0.862688627857204,-0.862688627857204,0.154738700522686,0.774245723501062,0.606034555539294,0.810525297436113,0.427567805474129,-0.885714285714286,0.686384976525822,0.464516129032257,-0.0980392156862747,-0.405994397309424,11,0.339933406815344,3.74187612681734,3.82110979074514,-0.136810999698303,-0.407276110818945,-0.689347260849306,0.203209091870412,0.50634904982701,0.509672074213041,8.0000000001,4.01836414555083,1.11526028138962,12.0000000001,13.1894275402843,17.2077916857351,0.163268638011344,1.47856897664955,2.79032443227125,0.653425117077802,-0.739886573659786,-1.81521462714907,-1.13625849812078,-1.39874205250092,-0.845040025432064,-1.13545241315181,-1.3623076745702,0.593042429183514,0.188314426451472,0.0843459208039286,-0.000626527479954951,0,0,-0.579063291812485,-0.58403469254029,-0.581573340274907,-0.274209651969844,-0.536011598241435,0.86912153985026,0.117154069155733,0.209962623456053,0.2678873319791,0.220061134033582,0.582964554687354,0.0880907805093998,-2.62428766154347,-1.06299989595369,0,12.0000000001,0.0381264983122279,0.125142139599116,0.25087461855194,0.749518238939345,3163.51694590194,0.0312500660060792,15,2,"SNETWORK (2 43 3163.51694590194 0.25087461855194 15 15)",453181.505274336,4501021.5
43,16,-0.372928661443146,17,0,0,-0.969898012391661,-1.00036116796162,-0.993921440693166,-0.128011563614562,-0.174244097881754,-0.0255620254999832,0.0779477510943523,-0.660124316755769,-0.306090315410201,0.628890016550139,-0.660124316755769,-0.660124316755769,0.0344357734485552,0.014629587995354,-0.0633470125855656,0.365260902197508,-0.0340715221788709,-0.885714285714286,0.686384976525822,0.464516129032257,-0.0980392156862747,-0.372928661443146,11,0.368554103191657,2.88163292389729,2.92932130574844,-0.184469185523809,-0.364874315596008,0.766695068134713,0.159567817064325,-0.0472520263796516,0.0599194055624864,7.0000000001,0.413365284195515,0.0684549667064627,17.0000000001,1.14689153956646,1.56025682366197,0.0156464795825519,1.82240161610782,1.49933992703328,-0.0832906707925192,-0.711279796523641,-0.676111622774471,0.414363251569174,-0.542340295449937,0.705417540398321,-0.711789004194136,-0.886230905850023,-1.22767587321824,-0.873834992109696,-1.97513089477023,-0.611511250679944,0,0,-1.15226040856004,-1.16215284746046,-1.15725648653398,-1.25716961650749,0.315587655072898,0.0121298774750885,4.44213244098204,0.262335239930171,1.37824267312587,1.69128081535218,0.702292083526263,1.40181548470084,-3.09597895616192,-2.94401971777989,0,17.0000000001,0.00414528642895747,0.0115011930535945,0.267511902466476,2.56791660725328,3187.78523386236,0.0312500660060792,16,2,"SNETWORK (2 43 3187.78523386236 0.267511902466476 16 16)",453159.657167033,4501017.65716703
43,17,-0.329340967180801,18,0,0,-0.969898012391661,-1.00036116796162,-0.993921440693166,-0.107882950799178,-0.152797811450243,0.00495481909594526,0.0767941310982724,-0.655598832057791,-0.305954016664272,0.62943383973581,-0.655598832057791,-0.655598832057791,0.0325240655452488,-0.0265189799070569,-0.111560049591341,0.355927762783469,-0.0695437816298057,-0.885714285714286,0.686384976525822,0.464516129032257,-0.0980392156862747,-0.329340967180801,11,0.031587942198825,0.128501451084741,0.128609728440111,-0.00956563710862431,-0.290910587513837,-0.078638253098859,0.0755800686787958,0.935923182902181,0.057231717284186,10.0000000001,0.564033944660664,0.0453947815447539,7.0000000001,0.313164434618838,0.877198379179501,0.0105040864114905,1.16016207029246,1.8480027305267,-0.641610424518815,0.845004100085895,2.12666822567198,-0.0750018245664586,2.09896873853261,0.192686713578165,1.18526073808874,1.51928121994155,-1.34948686285506,-1.16072274980068,-0.0912521301002649,-0.667716554201012,0,0,-1.15226040856004,-1.16215284746047,-1.15725648653398,-1.58734380875565,0.0627846541638454,-0.0504283080359172,0.0202517346948017,0.262335239930171,1.06421864712753,1.19360710736156,0.642628319106809,1.07473533564239,-2.62471806162239,-1.04668376511567,0,10.0000000001,0.00675407225728435,0.00375001405420615,0.285703814954293,1.97032810963294,3214.32121011142,0.0312500660060792,17,2,"SNETWORK (2 43 3214.32121011142 0.285703814954293 17 17)",453146.5,4500999.5
43,18,-0.243481970138095,19,0,0,-0.969898012391661,-1.00036116796162,-0.993921440693166,-0.0876683182709077,-0.116919131921713,0.0660965177669035,0.0764543918761258,-0.651231466454096,-0.304631370398818,0.629457006044325,-0.651231466454096,-0.651231466454096,0.0318484847441219,-0.0448712198154339,-0.132759297438515,0.351373893268026,-0.0850874643265704,-0.885714285714286,0.686384976525822,0.464516129032257,-0.0980392156862747,-0.243481970138095,11,-0.00304449960779157,-1.2780356799972,-1.26856611544096,-0.0316196218166899,-0.248757049198082,-0.719273759353051,0.0751904806959155,0.650745985830079,0.0326987046506636,3.0000000001,0.0966763548407451,0.0271332424306174,18.0000000001,0.481329703560952,0.578006058301697,0.00757900726468573,0.222188245503943,1.17646003757007,-0.689443279874336,-0.058526387260056,1.08837318811189,-0.848339020675441,1.16133151263035,-0.605454227465197,0.794639278458155,0.89843555626602,-2.76426428987527,-3.74374689356071,-3.00639544326343,-0.756000745703903,0,0,-1.15226040856004,-1.16215284746047,-1.15725648653398,-2.85031179164175,-0.114373100260211,-0.112986493546923,-0.0766505997661299,0.262335239930171,0.988227139916483,1.0800171761534,-0.0887217836494109,1.14567520258149,-2.6251484617013,-1.03036763427764,0,18.0000000001,0.00126765243173303,0.0063113547329527,0.299963722149141,0.291781546918411,3235.12169268244,0.0312500660060792,18,2,"SNETWORK (2 43 3235.12169268244 0.299963722149141 18 18)",453130.913158066,4500986.91315807
43,19,-0.212860961309787,20,0,0,-0.969898012391661,-1.00036116796162,-0.993921440693166,-0.0673671134405896,-0.0944837375961094,0.12742097500166,0.0763050559543032,-0.648597164455279,-0.303750026823905,0.629442915246864,-0.648597164455279,-0.648597164455279,0.0314654560763086,-0.0545722263813032,-0.143186016782387,0.347916781608843,-0.0925623746823063,-0.885714285714286,0.686384976525822,0.464516129032257,-0.0980392156862747,-0.212860961309787,11,0.00304449960779125,0.0563540747757206,0.0563671697072793,-0.0031814212785281,-0.21955997699524,-0.774158841426093,0.0750235144175381,0.659068518507418,0.0231188308516277,4.0000000001,0.0911369146923445,0.0353276387029191,18.0000000001,0.626694060674212,0.717830975266556,0.00863582022659054,-1.31322417220499,0.225309547990398,-0.620350830373022,-0.743266591671133,0.103439856910004,-1.0381342042675,0.0976704638013569,-0.836521637252035,0.0887794029034128,0.032785628930734,-1.54279113819417,-1.63452741017792,0.235210603304055,-0.723921857722079,0,0.5,-1.15226040856004,-1.16215284746047,-1.15725648653398,-1.95866133793326,0.239942408587902,-0.280453914081357,-0.74117046858485,0.262335239930171,1.14021015433857,1.30719703856972,1.10137700757244,1.00379546870328,-1.93487634928607,1.66512187366526,0,18.0000000001,0.00109641688439165,0.0075394032421989,0.314619550084178,0.711720472680872,3256.49969250819,0.0312500660060792,19,2,"SNETWORK (2 43 3256.49969250819 0.314619550084178 19 19)",453115.625056546,4500973.62505655
43,20,-0.185620372419534,21,0,0,-0.969898012391661,-1.00036116796162,-0.993921440693166,-0.0412505552557242,-0.0542497833597961,0.200072832927284,0.0759093157614732,-0.644073275239862,-0.302556401953924,0.629665058139615,-0.644073275239862,-0.644073275239862,0.0307215173919019,-0.0683110056263346,-0.158270154781958,0.342449712693813,-0.102735885850263,-0.885714285714286,0.686384976525822,0.464516129032257,-0.0980392156862747,-0.185620372419534,11,0.0090826314103126,-0.0790046835610166,-0.0790049644647466,0.0031814212785282,-0.192064378904482,-0.694879761527523,0.0747934719895516,0.623195045972567,0.0480238650994135,10.0000000001,0.473288088267876,0.118570012450877,18.0000000001,2.10337077270425,2.57665886087213,0.0312701652865276,0.0830495281711041,-1.33167235727742,-0.449774537223234,-0.801930249790171,-0.251302091752616,-0.891275595914807,-0.25822653337878,-0.656432623534638,-0.323495467235776,-0.471241353999958,-0.127719020227335,-0.0317518301594368,-1.39329673146445,-0.169945578937781,0,0.5,-0.59410447445843,-0.599205007437247,-0.596679758341676,-0.13330473770681,-0.829375208312986,1.21609817882354,-0.169792865768304,0.0524775817072466,0.252024159665424,0.269379902128344,0.619689813273423,0.0587887820965745,0.298024529038829,1.07395127923819,0,18.0000000001,0.00574379360929075,0.0255263715772369,0.329238383996684,0.489820935763419,3277.82373030527,0.0312500660060792,20,2,"SNETWORK (2 43 3277.82373030527 0.329238383996684 20 20)",453099.080740927,4500963.5
43,21,-0.154242553157333,22,0,0,-0.969898012391661,-1.00036116796162,-0.993921440693166,-0.0569601709684675,-0.0508143210069201,0.159604342354497,0.0648136567700507,-0.628413911116007,-0.233192679042701,0.559002739089797,-0.628413911116007,-0.628413911116007,0.0159501736709019,-0.185984071090484,-0.280516841263111,0.277589687965149,-0.177175341613658,-0.885714285714286,0.686384976525822,0.464516129032257,-0.0980392156862747,-0.154242553157333,11,-0.0400348911567147,-1.22500877933978,-1.21632836880675,0.00439217013849428,-0.155972082267625,-0.499154589370085,0.0733056169311227,0.515092299807278,0.441447042028768,10.0000000001,4.35057916536258,0.102034101362689,4.0000000001,0.402229389301683,4.75280855456426,0.0621073941200101,0.00845806454736957,0.0842162086955008,-0.331390347929161,-0.717193183478193,-0.323039791315663,-0.495171142762794,-0.365604879065667,-0.220192886042298,-0.352501276907449,-0.49550487923045,-0.302415206142405,-0.0756355939550877,-1.27805143110206,-0.203277521879514,0,0,-0.0793120703146027,-0.0799929839377898,-0.0796558609819428,-0.275768897889285,-0.691871625266085,1.05668865542762,0.12980189764748,0.10925173753836,0.525099280929752,0.564972694244427,0.837542657899706,0.330215228992337,0.209676106177272,0.802604145332473,0,10.0000000001,0.0568512557019388,0.00525613831807135,0.344679818222653,0.247996450652853,3300.34766956378,0.0312500660060792,21,2,"SNETWORK (2 43 3300.34766956378 0.344679818222653 21 21)",453084.226456346,4500949.22645635
43,22,-0.115168201118933,23,0,0,0,0,0,-0.0637603590804316,-0.0469012372743012,0.0909198919555764,0.058056206307576,-0.614750699090907,-0.194302275883565,0.520860700382773,-0.614750699090907,-0.614750699090907,0.00764986310934024,-0.292122858902911,-0.391968941087714,0.235751690298832,-0.256087987431064,-0.885714285714286,0.686384976525822,0.464516129032257,-0.0980392156862747,-0.115168201118933,11,0.117614450197391,-0.789005123910944,-0.785501911938957,-0.115883522285572,-0.113316487206285,-0.363316452648738,0.06239344304873,0.463710695028489,0.125880548364831,12.0000000001,1.48870393577482,0.0434183172018958,14.0000000001,0.599058847404843,2.08776278307967,0.0265247020580939,0.0666751641251504,0.00857688351478352,-0.270491076620181,-0.507993267015398,-0.148150244474965,-0.339975470015803,-0.168267844794398,-0.0739848693977738,-0.126128556327599,-0.194000776130698,0.0373453879008035,0.166126030206887,-1.31445773031781,0.000626527479954951,0,-0.5,0,2.60717925603918e-15,0,-0.19018825010345,-0.645030539722711,0.843114303244132,0.0674683192934069,-0.396050415367616,0.454556327768121,0.510909038801489,0.781092879310382,0.260145357021962,0.235317710811389,0.524006740402296,0,14.0000000001,0.0189137523283462,0.00761094962974776,0.359149849535279,0.451325670677634,3321.45465364213,0.0312500660060792,22,2,"SNETWORK (2 43 3321.45465364213 0.359149849535279 22 22)",453070.422885117,4500934.42288512
43,23,-0.0725207864865764,24,0,0,0,0,0,-0.0555089395368141,-0.033938737944771,0.034556672248628,0.0397513556901653,-0.589635566471177,-0.0902680582132968,0.426923492043288,-0.589635566471177,-0.589635566471177,-0.00764986310929638,-0.557216602972927,-0.678193188769737,0.113249266814478,-0.440462391219465,-0.885714285714286,0.686384976525822,0.464516129032257,-0.0980392156862747,-0.0725207864865764,11,0.575571109254029,-0.507649465639232,-0.506258051383531,-0.385915535168471,-0.0680952217845986,-0.293438510403003,0.039604401231098,0.521338804283646,0.0481902995215488,2.0000000001,0.0949856689200374,0.415798951572555,7.0000000001,2.86846724164625,2.96345291046629,0.0369727467725793,0.101303204201278,0.0676118174350343,-0.32865352341595,-0.362803322659601,0.133536918596317,-0.272968871463214,0.127417189624424,-0.030850178728514,0.0962846521248358,0.0820817846185566,0.0337335130358724,0.0102410377121079,0.22486370416682,-0.156138139094208,-3.00614757423704e-15,-0.5,0,0,2.65175774138411e-15,-0.446380786039938,-0.749934950701056,0.669060416903799,0.0206743137224149,-0.945621780418791,-0.00986217776714978,-0.042543264470358,0.431997402126901,-0.207335789854889,-0.593745553456496,0.00409067801867486,0.761308815733512,7.0000000001,0.0011850639024916,0.0357876827700877,0.374447378545069,0.567048167719624,3343.76868284302,0.0312500660060792,23,2,"SNETWORK (2 43 3343.76868284302 0.374447378545069 23 23)",453055.594231222,4500920.59423122
43,24,-0.0231079452482052,25,0,0,0,0,0,-0.0104682292200377,-0.00554165281943375,-0.0493037882791389,0.0224545225450574,-0.536568809896384,0.0210857864752475,0.356517448856339,-0.536568809896384,-0.536568809896384,-0.0139235984963897,-0.659997896267738,-0.766343885286406,0.0254093106842289,-0.483414113995245,-0.885714285714286,0.686384976525822,0.464516129032257,-0.0980392156862747,-0.0231079452482052,11,0.458150875138126,-0.230726827848837,-0.230484686547089,-0.30809532226954,-0.0221128787455703,-0.360176125003429,0.0215349395489313,0.565547040082004,1.71115542523629,6.0000000001,10.1183377856664,0.229793030868633,7.0000000001,1.58527042649491,11.7036082120613,0.143431239646425,-0.268703503871776,0.102726312531973,-0.0254468196189279,-0.288114617475369,-0.254346779863396,-0.382723448838772,-0.265145861637039,-0.157319106398493,-0.174380794760946,-0.202564650672992,0.364588259788046,0.420409544522257,0.224891301125576,0.293514504196287,0,-0.5,0,0,0,-0.339743082902838,0.9146492603664,-0.435253095361266,-0.127051549270684,-1.27088476676266,-0.128993958862136,-0.13762730029587,-0.378109760861916,-0.12976652059706,0.0161538673183051,-0.511685523928925,0.955792987738559,7.0000000001,0.124003273558831,0.0194279659875941,0.38972390746176,0.174763711556579,3366.05207986205,0.0312500660060792,24,2,"SNETWORK (2 43 3366.05207986205 0.38972390746176 24 24)",453040.78723755,4500906.78723755
43,25,0.0231079452482052,26,0,0,0,0,0,0.0104682292200407,0.00554165281943604,0.0172237583216309,-0.0224545225450574,-0.443126679038774,-0.0147031947653008,0.434579087481204,-0.443126679038774,-0.443126679038774,-0.0141739492749648,-0.841884811581435,-0.93065905566289,-0.0254093106842289,-0.633438618692933,-0.885714285714286,0.686384976525822,0.464516129032257,-0.0980392156862747,0.0231079452482052,11,0.458150875138126,0.369321817516235,0.3701884289273,-0.30809532226954,0.0221128787455618,-0.0122662061974841,-0.0215349395489313,0.0434978115199671,0.261382327701314,10.0000000001,2.57599304257599,0.0963518757131331,9.0000000001,0.854616251848941,3.43060929432493,0.0404470512756582,0.780230354500494,-0.272478253129334,0.205163977475054,-0.359446798438301,-0.708861602119556,-0.0250248968348372,-0.692696909026854,0.140720509865457,-0.497900034545343,-0.564005905268912,0.133690602338755,0.307325417939705,0.318596731787743,0.114988222815645,0,-1,2.49354294832634e-15,2.60717925603918e-15,2.65175774138411e-15,0.0682242518445673,0.573215408218634,-0.0121298774750885,-0.212605316591199,0.0201842443458765,0.291265042540089,0.331796309773738,-0.152769661405384,0.318084653456707,-0.5541591890368,0.0631266268871997,0.789194834935236,10.0000000001,0.0303710838166739,0.0100759673589843,0.405952224203849,1.38920100442304,3389.72382014327,0.0312500660060792,25,2,"SNETWORK (2 43 3389.72382014327 0.405952224203849 25 25)",453024.119857287,4500896.11985729
43,26,0.0663195276585547,27,0,0,0,0,0,0.0838812678793292,0.0984146280820339,0.0292623073581089,-0.0471397504223407,-0.414579230838427,0.0147031947652996,0.42947610898008,-0.414579230838427,-0.414579230838427,-0.0463184537775641,-1.1630600196394,-1.27461602891056,-0.0929787166983227,-0.914047715129115,-0.885714285714286,0.686384976525822,0.464516129032257,-0.0980392156862747,0.0663195276585547,11,0.458150875138126,0.815583050288252,0.819629183705073,-0.30809532226954,0.0825080665809665,0.252344644050905,-0.0415746033159503,0.455932274510627,0.254036930913031,11.0000000001,2.75396240277215,0.112085367756416,9.0000000001,0.994168262760909,3.74813066543306,0.042937299881834,0.829737323787876,0.791191037591473,0.00406659589895845,0.012415058411855,0.0917580223450509,0.194895955451812,0.0882528198604916,0.317207069726504,0.0335092305795909,0.00262496823724722,0.361330979302871,0.285697999356551,0.210503298755364,-0.104115928014036,0,-0.5,0,0,2.65175774138411e-15,-1.53647331622052,-0.647518820151516,0.315602992057251,0.0388351630772603,-1.25150328234977,-0.392992796468235,-0.470883275618317,0.200471022065974,-0.608468870947152,-0.215405469577452,-0.0660857282356441,0,11.0000000001,0.0315484490349075,0.0113888507469265,0.421853397062746,0.71211005654186,3412.91836582936,0.0312500660060792,26,2,"SNETWORK (2 43 3412.91836582936 0.421853397062746 26 26)",453003.66734627,4500889.5
43,27,0.13564336340317,28,0,0,0,0,0,0.195214210346431,0.23609504735556,0.0432093725657706,-0.0934637533717251,-0.0754169309133565,0.321639954602581,0.293190746087531,-0.0754169309133565,-0.0754169309133565,-0.0333987051323976,-1.20533863319595,-1.24616216962351,-0.293263607296773,-0.815537216691692,-0.885714285714286,0.686384976525822,0.464516129032257,-0.0980392156862747,0.13564336340317,11,0.29796160015255,0.463959053659978,0.465308255180775,-0.20814723380193,0.147755809255076,0.0215985133747709,-0.0488357812444924,0.48216847849435,0.562602799485786,8.0000000001,4.43568135681622,0.210826435743766,18.0000000001,3.73995206751789,8.17563342423412,0.0958046893115166,-0.274720410760319,0.84139348123207,-0.355130510841207,0.295243103251096,1.02614199785407,0.00188048976232594,0.991656241168084,0.136392918089126,0.701422120258786,0.76260922482552,-0.679880966820877,-0.113721430077193,-1.34140926842393,-0.360604020161246,0,0.5,7.48062884497903e-15,5.21435851207836e-15,5.30351548276823e-15,-0.938577873018822,0.403855482708508,-1.32109228005262,-0.177220798802534,-0.967560716817751,-0.0132006406870654,-0.104210519098915,-0.7015580424297,0.0992953223670837,-0.173418049719125,-0.31710601178261,0,18.0000000001,0.0519787338516249,0.0438259553598917,0.437298419157378,1.06446179771801,3435.44753860017,0.0312500660060792,27,2,"SNETWORK (2 43 3435.44753860017 0.437298419157378 27 27)",452983.880188997,4500882.880189
43,28,0.197266079641685,29,0,0,0,0,0,0.209354439150125,0.255747110994226,0.0388556399891618,-0.0975667578238023,-0.0483436085572053,0.330959815989958,0.303067537443385,-0.0483436085572053,-0.0483436085572053,-0.0245051239187853,-1.29071386335065,-1.34403643427562,-0.316451888921137,-0.88642543518713,-0.885714285714286,0.686384976525822,0.464516129032257,-0.0980392156862747,0.197266079641685,11,1.01153834900956,0.534053339328301,0.535826744122932,-0.523627409294077,0.204429929569445,-0.390556741361811,-0.0939500696620417,0.719202011543346,0.308764147450476,21.0000000001,6.39020256484067,0.142543263522946,30.0000000001,4.21440643911611,10.6046090038568,0.123707832244189,0.997087575860415,-0.278579685580376,-0.458196221981897,0.0486112023593135,0.869101797567151,-0.485728122779008,0.836463173380016,-0.384691063113662,0.528432130994659,0.562659571920755,-0.840016088877028,-1.19120925115734,-1.78269525965153,-0.654605445170759,0,0,4.98708589665269e-15,2.60717925603918e-15,2.65175774138411e-15,-0.497905306458586,-0.648614024773958,1.00947166394333,1.59592429006644,0.262335239930171,0.803515946673374,0.702133848035628,1.00156023078622,0.622872865654823,-0.0161538673183051,0.481471986122281,0,30.0000000001,0.0745447668995866,0.0491630652446026,0.453274605157749,3.14811595715582,3458.75150361981,0.0312500660060792,28,2,"SNETWORK (2 43 3458.75150361981 0.453274605157749 28 28)",452966.118479727,4500877.5
43,29,0.249871284892114,30,0,0,0,0,0,0.223632958700069,0.280406121340082,0.00966476732661466,-0.0993027879149905,-0.0370771245642826,0.342131172471086,0.294144881262975,-0.0370771245642826,-0.0370771245642826,-0.02276047925639,-1.33336411793827,-1.38741034434626,-0.334506469986831,-0.917260952466091,-0.885714285714286,0.686384976525822,0.464516129032257,-0.0980392156862747,0.249871284892114,11,0.844227848788357,-1.00436193083362,-0.998592765739669,-0.495311562154822,0.247254591314825,-0.508817923405591,-0.0993226734640494,0.611111304266162,0.0424047580558996,13.0000000001,0.543283362843476,0.0310120266121045,23.0000000001,0.702953256738149,1.24623661948162,0.0160548770099798,0.356088890115122,1.01109467116236,-0.690035973911884,-0.391918975288141,0.663247044772115,-0.52731360896593,0.690930109006919,-0.43382335902794,0.415887586541529,0.382373393770754,0.349236927317716,0.396217494579821,-0.830604949213349,0.0864029065427005,4.40000830149054,102033927438336,2.49354294832634e-15,0,2.65175774138411e-15,-1.23801010238094,-0.18044649533322,0.529134279582054,-0.37865376841755,-2.38213177656031,-0.478212786517173,-0.467028304152021,0.275222166944943,-0.732295049713214,0.393329589199206,-0.00409067801867486,0,23.0000000001,0.00699894978243731,0.00905592712754253,0.470966883848016,1.41541068972787,3484.55867960701,0.0312500660060792,29,2,"SNETWORK (2 43 3484.55867960701 0.470966883848016 29 29)",452952.052863096,4500859.0528631
43,30,0.288569525078519,31,0,0,0,0,0,0.277777474769909,0.306634915792322,-0.0609850187022349,-0.141635788353665,0.257652407566241,0.542679698311523,0.10584318805521,0.257652407566241,0.257652407566241,0.0228080363179997,-1.2778710188392,-1.31975892118882,-0.554794443012217,-0.704613088287856,-0.885714285714286,0.686384976525822,0.464516129032257,-0.0980392156862747,0.288569525078519,11,0.770828561425739,-0.518179537084729,-0.516726292586798,-0.460435259104585,0.277554073165634,-0.774838919181294,-0.10128916518716,0.536085003541731,0.0344410695132631,13.0000000001,0.441253786450543,0.0429524111037495,22.0000000001,0.931276603307805,1.37253038965835,0.0171356567851418,-0.542708978257943,0.361091230070569,-0.32507984491492,-0.518321875495834,-0.0752377167999043,-1.00119734292038,-0.0878781532640025,-0.974162208055711,-0.0519287521742733,-0.0783866363562268,-0.772155037492668,-0.774047740249295,0.0145012995948361,-0.560742094559681,3.00614757423704e-15,0,0,0,2.65175774138411e-15,0.0442992544633665,-0.0627846541638453,0.854705131679378,6.48853106592165,0.262335239930171,0.521178574587041,0.344654635000814,0.128587798348744,0.519767462211763,-0.620554179333246,0.0429660510355594,4.01501163256694e-09,22.0000000001,0.00550892967576102,0.0116267270093808,0.486144678041623,0.118867549701703,3506.69805536008,0.0312500660060792,30,2,"SNETWORK (2 43 3506.69805536008 0.486144678041623 30 30)",452937.640601057,4500844.64060106
43,31,0.315438588846678,32,0,0,0,0,0,0.285323889627441,0.311531036650596,-0.0769723272391952,-0.143397952231172,0.258811013141579,0.552496218594043,0.0971519554483639,0.258811013141579,0.258811013141579,0.0189563795183201,-1.31583952520262,-1.35164506648169,-0.563587965205651,-0.73721540129267,-0.885714285714286,0.686384976525822,0.464516129032257,-0.0980392156862747,0.315438588846678,11,0.689124251534885,-0.0904858550067394,-0.09047732563999,-0.42618743009732,0.305204889209667,-0.356075561983013,-0.14299363116407,-0.509787665984296,0.0401062836395957,24.0000000001,0.948619671267534,0.0440992343075333,40.0000000001,1.73843919053215,2.68705886169969,0.0326341329191584,-0.41863537418611,-0.550332958902893,0.999804729508499,-0.802657147654191,-2.59622619183094,-0.389042929094585,-2.61083147548663,-0.342294022785221,-2.09812129716141,-2.18717188918222,0.40096993076948,0.359316652148757,0.189661521535051,0.125036497779488,4.36080974993191,101124933206651,0,0,2.65175774138411e-15,-0.827340344376939,-0.222489940646667,0.777971259263153,-0.439995650208813,-0.768717903072477,-0.639701477506212,-0.611975710623414,0.077749856809027,-0.873995932237732,0.610540639312225,0.566671812975931,1.26738086426177,40.0000000001,0.0115209163394797,0.0211132164796787,0.502085196288196,0.0627331109717488,3529.94999293795,0.0312500660060792,31,2,"SNETWORK (2 43 3529.94999293795 0.502085196288196 31 31)",452921.760610842,4500832.5
43,32,0.347187933230973,33,0,0,0,0,0,0.33727637572757,0.321268853084128,-0.220734756596768,-0.192533203908868,0.52562867588665,0.829674711906429,-0.212326168198947,0.52562867588665,0.52562867588665,-0.0123400148269836,-1.06176525360872,-1.09993779880213,-0.780406331116344,-0.323954977183752,-0.885714285714286,0.686384976525822,0.464516129032257,-0.0980392156862747,0.347187933230973,11,-0.603686467553585,-0.227347983208545,-0.227114214083737,0.834806877283945,0.3578666813401,1.16414308405151,-0.144080767154394,-0.441604519028936,0.059667717454993,24.0000000001,1.41129931335423,0.0420447521847464,29.0000000001,1.20165074109268,2.61295005434691,0.0320155094901729,-0.0210805188067045,-0.424516367716624,0.815951465971562,-0.355063931217567,-1.69527276890807,1.00742061935658,-1.72334609754374,0.875854957741172,-1.45045904298186,-1.43186235616369,-0.69389637536404,-0.764802633557023,0.281226870533746,-0.560183667892765,3.00614757423704e-15,0.5,4.98708589665269e-15,2.60717925603918e-15,5.30351548276823e-15,0.108800387337501,-0.0745379044901317,0.305607661318481,3.80637923128192,0.262335239930171,0.30508264138936,0.186058045983637,-0.0163421295997394,0.297448747501077,-0.682175224313683,-0.185488708070769,57.384892944425,29.0000000001,0.0172921278546435,0.0147233815355294,0.51881465911278,2.81982969245897,3554.352739404,0.0312500660060792,32,2,"SNETWORK (2 43 3554.352739404 0.51881465911278 32 32)",452902.5,4500821.5
43,33,0.38814284452935,34,0,0,0,0,0,0.345360935898764,0.340095422103398,-0.220710818688322,-0.194564172445656,0.524062349404344,0.838226179311245,-0.215170360071761,0.524062349404344,0.524062349404344,-0.016473153741148,-1.09319917327906,-1.12413847597111,-0.790337897818349,-0.349075648330074,-0.885714285714286,0.686384976525822,0.464516129032257,-0.0980392156862747,0.38814284452935,11,-0.403374003389559,-0.502965542906403,-0.501601203269717,0.57065511475748,0.393319263346736,0.953183454240145,-0.192794106461409,-1.35165765997984,0.0400693496757878,20.0000000001,0.789788404472973,0.0364525446640601,29.0000000001,1.04182389046759,1.83161229484057,0.0228447270344964,-0.00845806454737612,-0.0213766581259465,1.16635585896788,1.26981451568852,-0.128208885818694,0.892551801072713,-0.14223373803395,0.726959342167243,-0.213453835602439,-0.139453735999974,-0.535919485165863,-0.540690365760791,0.177986307811571,-0.518621741695319,0,0,2.49354294832634e-15,5.21435851207836e-15,5.30351548276823e-15,-0.80439164946066,0.0962220019132674,-0.478637977054126,4.79148937053559,-0.727313712402291,0.391100029166806,0.273712601195845,0.0163421295997386,0.392796343613321,0.100016177971801,0.358191080058384,1.46935879092695,29.0000000001,0.00985061111772444,0.012994115816772,0.531866869302723,0.686880103951728,3573.3915919617,0.0312500660060792,33,2,"SNETWORK (2 43 3573.3915919617 0.531866869302723 33 33)",452890.451711813,4500807.45171181
43,34,0.429290398483627,35,0,0,0,0,0,0.351537842500151,0.353229813575206,-0.23471645540716,-0.197842095929663,0.532226288945285,0.855043363054696,-0.21777072994247,0.532226288945285,0.532226288945285,-0.0188812540622191,-1.14340345657358,-1.16465654568966,-0.803586266312274,-0.391029314912484,-0.885714285714286,0.686384976525822,0.464516129032257,-0.0980392156862747,0.429290398483627,11,-0.639211486000156,-0.547901984092265,-0.546267020398421,0.882406592724891,0.431643860847304,1.35524964337759,-0.195191000146559,-0.315510983362357,0.0306504827682309,12.0000000001,0.36248248692975,0.0490214510931816,44.0000000001,2.12572609083157,2.48820857766132,0.0311242241696312,-0.444577101608719,-0.00857688351479016,0.359796532827452,1.04433132184537,0.870884346066041,1.16390872140415,0.889231650240665,0.936875915127883,0.659775297603565,1.07513884065197,0.967995248096327,0.678996665032041,-0.354976592986062,1.01541376777112,4.55429991016276,-16658418911206.5,4.98708589665269e-15,5.21435851207836e-15,5.30351548276823e-15,0.196457042161665,1.13296748736492,-1.21580262945911,-0.352916241331413,-0.0351693887515507,-0.535924393942612,-0.551328243371363,-0.928785073051352,-0.472288747371009,0.418220392699648,-0.438798171608996,0,44.0000000001,0.00453418023036625,0.026590043839265,0.54712440445575,1.95035598995513,3595.64728336914,0.0312500660060792,34,2,"SNETWORK (2 43 3595.64728336914 0.54712440445575 34 34)",452878.664308967,4500790.66430897
43,35,0.467988638670032,36,0,0,0,0,0,0.531656425762057,0.463037100442712,0.43911815733155,-0.462211478332291,0.405863699546697,0.250811161212167,1.52340776195024,0.405863699546697,0.405863699546697,-0.579139286500115,0.0606703822097034,0.366091110667511,-0.219080481266711,0.426554631048424,0.114285714285714,-0.313615023474178,-0.535483870967743,0,0.467988638670032,11,-0.246699764288144,-0.445708518193721,-0.444653845839802,0.263771567511999,0.472178719180555,0.42977541686595,-0.459320521454239,-0.66230385354318,0.0367483708438958,19.0000000001,0.688113621368569,0.0732408136996333,28.0000000001,2.02106209090819,2.70917571217676,0.0336654986502437,-0.340512549819422,-0.450822524761167,0.498306212180881,1.47407784986176,1.21620518938978,0.476457589359282,1.2386939908663,0.0130270300565334,0.953602758477804,1.40499511628493,-0.699465556341947,-0.698031344652366,0.104797970918532,-0.562553576186508,0,0,2.49354294832634e-15,2.60717925603918e-15,2.65175774138411e-15,-0.867909876685438,-0.157431573047248,0.137484863356684,3.4281594659107,-3.71305521578452,0.772537998086381,0.732529394357496,0.423415230954501,0.743763937848225,0.842267539640447,1.6223507116966,26.9680658624609,28.0000000001,0.0085508252624419,0.0251146732878018,0.56162199864155,0.153733679292671,3616.79447255228,0.0312500660060792,35,2,"SNETWORK (2 43 3616.79447255228 0.56162199864155 35 35)",452862.539415217,4500778.53941522
43,36,0.509136192624309,37,0,0,0,0,0,0.53037831036457,0.47284639489735,0.358427280258221,-0.46408191075312,0.411082300496329,0.262410795253528,1.52275933798434,0.411082300496329,0.411082300496329,-0.574993551032087,0.00409746800405868,0.314458925833239,-0.233659553430347,0.379027686536427,0.114285714285714,-0.313615023474178,-0.535483870967743,0,0.509136192624309,11,-0.536072817134835,-0.408867410707344,-0.407991198328226,0.697714747536692,0.510274256723197,0.588706240934894,-0.461227647389482,-0.610608927959493,0.0449656835204992,15.0000000001,0.664723331078565,0.0530384953823321,18.0000000001,0.940875509749389,1.60559884072795,0.019904558326538,-0.165911707816641,-0.345296073205232,-0.151313600099196,0.484889138258689,0.959782850433974,0.606350119297207,0.973497220796099,0.118089317040626,0.828150867109148,0.567949474743332,0.117293908755659,0.229438638112907,0.104280935403534,0.00481132244117579,4.22185726104697,97902696520537.5,4.98708589665269e-15,0,2.65175774138411e-15,-0.612020303469621,-0.239772960575342,0.795074871276737,-0.450699721716642,-0.0291958479606593,-0.616237671517026,-0.615496474033606,-0.198942443618367,-0.769708841935199,1.03454114497208,0.470162476275264,4.79924541771201,18.0000000001,0.00824055418526986,0.0116640040412681,0.575959329470182,2.04608163051307,3637.70789056693,0.0312500660060792,36,2,"SNETWORK (2 43 3637.70789056693 0.575959329470182 36 36)",452847.370245581,4500767.5
43,37,0.55140749540467,38,0,0,0,0,0,0.454502498209907,0.42159642897064,0.140979154356161,-0.485276411457799,0.521120823195065,0.414901744649426,1.38033701047074,0.521120823195065,0.521120823195065,-0.634689060769024,0.158331523435774,0.492659245602331,-0.312611398130389,0.592619417774392,0.114285714285714,-0.313615023474178,-0.535483870967743,0,0.55140749540467,11,-0.799964397542831,0.83823359785679,0.842501980337321,1.35054505184206,0.551951968868485,-0.156690128323463,-0.465505694477683,-0.152211788519197,0.113402469649328,12.0000000001,1.34113415514161,0.0459615607814623,15.0000000001,0.67944528790868,2.02057944295029,0.0231132926719286,-0.863678496561478,-0.168242436991649,0.314304186764355,0.654761591311594,0.435885573342167,-0.225201166837592,0.413461674533539,-0.624852873219767,0.448037293974029,0.319720412379759,-0.632072458839475,-0.688331962899409,-0.0785046885761529,-0.506625783478572,-3.00614757423704e-15,0,0,0,2.65175774138411e-15,-0.0442992544633679,0.0993268725270316,0.101628955224662,2.09826780713616,-0.604243688250499,0.506321325864212,0.504050390693334,0.376414075998676,0.433828088125633,0.578270908645764,1.46655165218831,0,15.0000000001,0.0153411568218057,0.00777213575012296,0.592320689464565,0.448552068360128,3661.5736968973,0.0312500660060792,37,2,"SNETWORK (2 43 3661.5736968973 0.592320689464565 37 37)",452834.189430526,4500750.18943053
43,38,0.591986294851052,39,0,0,0,0,0,0.465608130866129,0.423444376785151,0.0266881400994741,-0.487807655332692,0.52480615224056,0.428935124129802,1.37677481451053,0.52480615224056,0.52480615224056,-0.639928857898811,0.0920254491268334,0.429181968360419,-0.334454792512389,0.540274126848721,0.114285714285714,-0.313615023474178,-0.535483870967743,0,0.591986294851052,11,-0.521539068229271,0.819779256252735,0.823866122133005,0.752128767657199,0.586083162964676,0.377575916568295,-0.484358042487352,-0.502763988838302,0.143110256742103,8.0000000001,1.12831201354052,0.0323656471928755,18.0000000001,0.574149861281781,1.7024618747223,0.0194975448018198,0.742548417762244,-0.875811459908392,0.389739923814816,-0.141951761711214,-0.727633583485558,0.30681347308117,-0.686850112935212,-0.172843139032689,-0.694043753061535,-0.51128647258579,-0.460791402848036,-0.418788003376514,0.0961552909499818,-0.44163036751455,0,0.5,4.98708589665269e-15,2.60717925603918e-15,2.65175774138411e-15,-0.557978978520434,-0.212448470885034,0.137595275359245,2.20384370025609,0.00193776240075663,0.485322749696182,0.45610121475756,0.0243704558017537,0.504851297878913,0.178651083509157,1.07352664075711,6.25035383123177,18.0000000001,0.01292205966406,0.00657548503775975,0.607401224888601,2.63788296254419,3683.57120431184,0.0312500660060792,38,2,"SNETWORK (2 43 3683.57120431184 0.607401224888601 38 38)",452823.291698113,4500733.29169811
43,39,0.616598687507238,40,0,0,0,0,0,0.488054851287892,0.430587657387554,-0.00495481909594526,-0.491753857066856,0.534035495319131,0.448869847562534,1.3742017038716,0.534035495319131,0.534035495319131,-0.646313996523416,-0.00409746800405868,0.341943681819245,-0.357908585356488,0.458588050916318,0.114285714285714,-0.313615023474178,-0.535483870967743,0,0.616598687507238,11,-0.487332797631494,-0.0708312961927617,-0.0708368998563162,0.635089622106667,0.623286706882147,0.464133505248332,-0.487667685160965,-0.698075236556658,0.04308247162302,18.0000000001,0.764260790972768,0.0464931901746056,14.0000000001,0.64148402602974,1.40574481690251,0.0170510359384727,-0.325831467782723,0.752979744664427,0.057985060021765,0.429095951407458,0.544994474798096,0.468763637405106,0.539773676002798,-0.0403863006283751,0.276985426570403,0.165440706795611,-0.227484559973436,-0.388412105060471,0.0953904104663347,-0.337449743728128,-3.00614757423704e-15,0.5,0,2.60717925603918e-15,2.65175774138411e-15,0.0758742245494949,-0.337445860701718,0.822354330403171,-0.273861574456764,0.262335239930171,-0.459297380890035,-0.504861812147974,-0.551118207457686,-0.482878811714857,0.583718630599084,0.727962210555267,6.49362115438148,18.0000000001,0.00927013066621314,0.00778090517225961,0.623684367723868,3.08091594081028,3707.3229177079,0.0312500660060792,39,2,"SNETWORK (2 43 3707.3229177079 0.623684367723868 39 39)",452803.274875099,4500724.2748751
43,40,0.667323333497691,41,0,0,0,0,0,0.471580404542763,0.404948468401431,-0.0378663944838497,-0.499377455875902,0.533148262478172,0.51077515801467,1.3191803250716,0.533148262478172,0.533148262478172,-0.673571257931783,0.0228991853387167,0.389122341660108,-0.367074474365935,0.492678385112732,0.114285714285714,-0.313615023474178,-0.535483870967743,0,0.667323333497691,11,-0.638960980684581,-0.0563540747757206,-0.0563671697072793,0.916537298875012,0.662863857991354,0.0834664346317649,-0.494116293868071,-0.444150409172334,0.0356068749104222,17.0000000001,0.596556035276841,0.045214652494255,12.0000000001,0.534723052210364,1.1312790873872,0.0137090848963524,0.0900466956650956,-0.330408751195032,0.203205771982821,0.521612617105006,0.436760003142981,0.113598679220166,0.431056101187631,-0.359003241481362,0.363935769866817,0.231772277178526,0.825255329703575,0.582328769051473,-0.0828401066641415,0.718899422760483,6.0616437201371,141195132252558,2.49354294832634e-15,2.60717925603918e-15,2.65175774138411e-15,-0.0722499678510503,0.55674414612026,0.73425982343287,-0.36165316690084,-0.388330227014598,-0.513931394751486,-0.489650362496157,-0.381202253293582,-0.595698723690572,0.10199010950845,-0.87009052607488,0,17.0000000001,0.00722919513311822,0.00647988966323416,0.639098816424597,0.44880538713187,3729.80749402107,0.0312500660060792,40,2,"SNETWORK (2 43 3729.80749402107 0.639098816424597 40 40)",452793.42497106,4500706.5
43,41,0.706214216339996,42,0,0,0,0,0,0.779490989556033,0.890491946173562,1.19257264490923,-0.672185251211021,0.937764378882175,1.13878946692217,-0.0971519554483634,0.937764378882175,0.937764378882175,-1.22620887499284,1.25850706242461,1.77286944481544,-0.783594028629042,2.05095046758151,0.114285714285714,-0.313615023474178,-0.535483870967743,0,0.706214216339996,11,-0.559178048042993,0.553340177263611,0.555240247070121,0.781018461496214,0.708245132387134,0.250097730954074,-0.500208707847972,-0.200566037547344,0.0493908377481972,19.0000000001,0.924843944568868,0.0741671052278158,27.0000000001,1.97352920181169,2.89837314628056,0.0337688889084983,0.521509535930395,0.0913116724618608,0.386942565586071,0.114738434825248,-0.38321128130341,0.217756813850847,-0.369579736836439,-0.277215628236152,-0.328638925833806,0.120915265471093,0.396703508560495,0.550752006437491,-0.12847164132947,0.670360568267234,6.73092167483238,96316409877063,0,0,2.65175774138411e-15,-0.280724943606901,0.230212254958077,0.698739323611672,-0.215140069967342,-0.60208752079963,-0.288575031761716,-0.277849618627618,-0.484833088164508,-0.2940262646321,-0.124151584451773,-0.768509467508066,0,27.0000000001,0.0107753386989311,0.0229935501095671,0.654454587893557,0.950983242655639,3752.20647968348,0.0312500660060792,41,2,"SNETWORK (2 43 3752.20647968348 0.654454587893557 41 41)",452784.5,4500688.3396939
43,42,0.757126918256446,43,-0.383334159851074,-4.01664225260419,0,0,0,1.03918943916246,1.16155967277031,1.81571752080243,-0.720536489299148,1.2702993884927,1.52413770616073,-0.654628778596977,1.2702993884927,1.2702993884927,-1.41794383473964,1.38772403859416,1.99219696618342,-0.860757947890539,2.23770232687834,0.114285714285714,-0.313615023474178,-0.535483870967743,0,0.757126918256446,11,-0.26002030938041,0.105891193654096,0.105963070503915,0.308606129744213,0.763422687881164,0.460923719112187,-0.716533928475357,-0.92425567201473,0.0416194360330755,19.0000000001,0.779324367284928,0.0494278430076076,30.0000000001,1.46137400273116,2.24069836991608,0.0268705891503154,1.72346248971602,0.528835706617405,0.821067385915942,0.29284150090749,-0.820056216102789,0.448504278562663,-0.816966895188773,-0.515638423434961,-0.713472848327548,-0.0565679098797434,0.119099326461947,0.192891137843686,0.00490380167461599,0.167017243977122,6.04371759932375,61112576911653,2.49354294832634e-15,2.60717925603918e-15,2.65175774138411e-15,0.164389272246637,0.533331272345358,0.991232055311398,0.505425822493675,0.262335239930171,0.439276118430076,0.457951698408838,0.088172223873177,0.431528525987746,-0.262367557907628,-0.0173035533804277,0.746092795663485,30.0000000001,0.00934570448642856,0.0175248845638869,0.670202103099471,0.942061029316392,3775.17688973607,0.0312500660060792,42,2,"SNETWORK (2 43 3775.17688973607 0.670202103099471 42 42)",452775.5,4500669.09720591
43,43,0.804283088382845,44,-0.383334159851074,-4.01664225260419,0,0,0,1.15339630965917,1.26296985501935,1.80411552806589,-0.741712323013599,1.29296408219282,1.61945766019766,-1.00512747670415,1.29296408219282,1.29296408219282,-1.55863962981388,0.819042040110636,1.44867667746842,-1.06951611666365,1.80392063230758,0.114285714285714,-0.313615023474178,-0.535483870967743,0,0.804283088382845,11,-0.732451661328459,0.223243886560467,0.223569775401343,1.13889956903741,0.816195932794262,0.959053638738633,-0.719587556188791,-0.467237020230327,0.0587103198723627,25.0000000001,1.44651492560243,0.039645945636904,32.0000000001,1.25030861341953,2.69682353892197,0.0320966211122638,-1.44667523858207,1.7476737063907,1.10440239245554,0.518181852507161,-1.00373101965263,0.820735622223898,-0.990375133673146,-0.216847449685755,-1.29131493702788,-0.605840386269183,-0.689757253612453,-0.779586752866571,0.0988896615538463,-0.505651941852121,0,-0.5,0,2.60717925603918e-15,2.65175774138411e-15,0.923289557562542,0.61954152610608,0.520686387942286,4.13243468362002,0.262335239930171,0.702550965913306,0.680344871840536,0.100443652717733,0.747415031156209,-0.276409998465741,0.177739360236634,76.0877649177306,32.0000000001,0.0172158988840314,0.0148807221282324,0.686698402236782,3.76319416775368,3799.23952759222,0.0312500660060792,43,2,"SNETWORK (2 43 3799.23952759222 0.686698402236782 43 43)",452780.5,4500647.93406299
43,44,0.876987344065517,45,-0.383334159851074,-4.01664225260419,0,0,0,1.19302706984864,1.29719828067955,1.76085471928222,-0.743769425336706,1.26838355195848,1.62870385781414,-1.02466045136959,1.26838355195848,1.26838355195848,-1.57374955607541,0.731116423027987,1.3677956809507,-1.09127166471533,1.72940489935437,0.114285714285714,-0.313615023474178,-0.535483870967743,0,0.876987344065517,11,-0.756153083667565,-2.24760994467597,-2.21749734991364,1.13891885446181,0.880509177244486,1.28416208088595,-0.739052113885843,-1.57824404075039,0.0480209658689556,16.0000000001,0.757215224856829,0.0439449759786294,18.0000000001,0.779561172720762,1.53677639747759,0.021453124475088,2.81033257559513,-1.46699814544439,0.848816128688549,1.05060564054015,0.0943761088025304,1.30401445803268,0.0817280058173588,0.11316310486919,-0.470625960007427,-0.206827337420728,-0.694548576457253,-0.814257094099973,-0.00490380167461554,-0.523361558282804,0,0,2.49354294832634e-15,2.60717925603918e-15,2.65175774138411e-15,0.798566180821517,0.340849240344962,-0.328160463488043,9.82899744295902,-2.22188279613735,0.946224108521811,0.908230973776441,0.89459719626122,0.825238799971184,-0.488945176025535,0.03613795472942,46.6783873085763,18.0000000001,0.0105705894645043,0.0108825349105837,0.704394848322794,0.906461564139258,3825.05278242982,0.0312500660060792,44,2,"SNETWORK (2 43 3825.05278242982 0.704394848322794 44 44)",452770.253410504,4500628.7465895
43,45,0.927335878203974,46,-0.383334159851074,-4.01664225260419,0,0,0,1.21314887334689,1.32017038104389,1.7613796664054,-0.745770526689129,1.24603061229317,1.64299974161743,-1.02599599640281,1.24603061229317,1.24603061229317,-1.57699166695195,0.624666118540383,1.26937940994514,-1.13733570113382,1.65315589951963,0.114285714285714,-0.313615023474178,-0.535483870967743,0,0.927335878203974,11,-0.825167260944409,-2.62757387901913,-2.58610055204411,1.13893813969051,0.939865121601348,0.990893511419838,-0.740899874033219,-1.60123274217897,0.0658593670205027,34.0000000001,2.20680995006236,0.0496825295103473,16.0000000001,0.783415474394033,2.99022542435639,0.0427808525482314,-2.82840904966883,2.84981215308616,0.920127691658548,1.39809624784874,0.432277686998876,1.14594992295876,0.479788010953054,-0.0130270300565334,0.875036638434282,0.406995769265693,-0.241555322948078,-0.0763925203584782,0.0969215277738362,-0.0558630969355485,3.99999999999999,-13894087769168,4.98708589665269e-15,5.21435851207836e-15,5.30351548276823e-15,0.294628072180171,0.497576846396835,0.80727644682244,1.21390944815491,-0.287862199805855,0.69393806003439,0.741599915109195,0.471507412471447,0.635272040972018,-0.445312367158823,-0.150295854713162,15.2705677783431,34.0000000001,0.0315726065616294,0.0112082458866019,0.720699623247614,2.54780927141303,3848.83604988128,0.0312500660060792,45,2,"SNETWORK (2 43 3848.83604988128 0.720699623247614 45 45)",452760.293240833,4500611.29324083
43,46,0.991591377406457,47,-0.383334159851074,-4.01664225260419,0,0,0,1.31695182790139,1.42549374267742,1.85989347073849,-0.753069319868211,1.23621117472311,1.68566704193163,-1.13502985890115,1.23621117472311,1.23621117472311,-1.6179695869085,0.313970668565336,0.963121804442995,-1.25805564527155,1.42088438457121,0.114285714285714,-0.313615023474178,-0.535483870967743,0,0.991591377406457,11,-0.780658141240305,0.834229488502659,0.838458157162637,1.30181120503401,1.00317795049926,1.07271887930295,-0.748446749815873,-0.0837044607826976,0.0452952964699188,28.0000000001,1.24991247220316,0.0656085907155182,33.0000000001,2.13374793118835,3.38366040329151,0.0387154894625388,0.353927512255066,-2.86814256563147,1.00249820618925,1.08463753654858,-0.115975330212422,0.834945192976224,-0.108019988806258,-0.27709438722666,-0.633755883447224,0.142966211485136,0.726226083033436,0.497153959329897,-0.00949963009397453,0.893652919098788,6.16610308409227,62350108650664,4.98708589665269e-15,2.60717925603918e-15,5.30351548276823e-15,0.361317616175834,1.23304232215412,-0.133418478079049,0.0514667014121815,-0.00193776240075663,-0.481975351022946,-0.365727766012697,-0.665699887735276,-0.478974444230475,0.244876219216674,-0.33900221285348,0,33.0000000001,0.0143013681196173,0.0244141212429215,0.737490253498677,1.50194687041078,3873.32801936758,0.0312500660060792,46,2,"SNETWORK (2 43 3873.32801936758 0.737490253498677 46 46)",452760.874298061,4500589.87429806
43,47,1.06035104537308,48,-0.383334159851074,-4.01664225260419,0,0,0,1.65767609094815,1.74414949435271,3.08928797014599,-0.88159528098487,0.915463936734817,1.49472628789864,-1.94957327935147,0.915463936734817,0.915463936734817,-2.72900699840143,1.58235167851522,1.85564004228378,-1.41245859755715,2.82716656799419,0.114285714285714,-0.313615023474178,-0.535483870967743,0,1.06035104537308,11,-0.681012558686809,-4.61021181188581,-4.47833147379233,0.689967987795049,1.06226664343184,1.16723367288602,-0.876290973988509,-1.391493371618,0.0409243169930213,18.0000000001,0.725976242616084,0.0497064330683781,9.0000000001,0.440883222776519,1.1668594652926,0.0189792518046116,-7.11529009547566,0.358899489154748,1.13824041104692,1.17209619062459,-0.245192267301359,1.48766642789547,-0.382764307011469,-0.147432062568108,-6.73160237635727,-2.03904438852815,-0.655201425784917,-0.400379301099004,-0.259547361738874,-0.263672727922781,4.56923839683206,-16713059926016.5,2.49354294832634e-15,2.60717925603918e-15,0,0.765763421935483,0.783235292660956,-0.16084967458801,3.40952921930496,-3.31448521633415,0.97021041656886,1.06136471982528,0.0182270110998592,1.09451574531678,-0.188577919614724,-0.11300756841091,0,18.0000000001,0.0118081793474646,0.00717107235714699,0.752922272237421,0.816385048510711,3895.83822454808,0.0312500660060792,47,2,"SNETWORK (2 43 3895.83822454808 0.752922272237421 47 47)",452754.735353925,4500570.73535393
43,48,1.11765306204355,49,1.44999980926514,-0.45001220703125,0,0,0,1.65767609094815,1.74414949435271,3.11907277726728,-0.883850253404392,0.881027923803902,1.50197800082641,-1.97731672899806,0.881027923803902,0.881027923803902,-2.7387217834587,1.42506962826573,1.6963464675376,-1.43885145244651,2.6850125670329,0.114285714285714,-0.313615023474178,-0.535483870967743,0,1.11765306204355,11,-0.980519848300422,-16.7971775187553,-14.7718160193511,0.520329290822835,1.11495478499262,1.32298900045354,-0.878190679200269,-0.825508255879823,0.0677165287615491,12.0000000001,0.800837493408326,0.101197335503413,12.0000000001,1.19679230495966,1.99762979826799,0.0720233701144973,-3.38068129161029,-7.21524575522031,1.07036930861808,1.27311787681921,-0.180583798756891,3.03543171100094,-0.245392147908863,0.955668940629479,0.0601096125187946,-0.00262496823724722,1.08948816042238,0.728067180418579,-0.260200134335643,1.11834474163828,9.30770850291884,94117228969984,-0.243386972013181,-0.254953163229495,-0.265922458155757,0.132675743690289,1.00574877605518,-0.415251315259271,0.02978027410047,-3.48178509729906,-0.248699711807828,-0.205640172771429,-0.752199597859051,-0.172394249839143,0.978305955652793,0.174536039444538,0.0566911737900002,12.0000000001,0.0288737258299436,0.0431496441845537,0.764070433595838,0.513015638745856,3912.09970036739,0.0312500660060792,48,2,"SNETWORK (2 43 3912.09970036739 0.764070433595838 48 48)",452753.5,4500554.98557846
