"rid","pid","elevation.min","WS_ID","ws_mi60_mean","ws_accum_precip_mean","ws_10.min.storm.accum_mean","ws_30.min.storm.accum_mean","ws_60.min.storm.accum_mean","ws_sbs_mean","ws_dnbr.BAER_mean","ws_dnbr.extended_mean","ws_flow.accum_max","ws_slope_mean","ws_aspect.northness_mean","ws_aspect.eastness_mean","ws_slope.northness_mean","ws_slope.eastness_mean","ws_bare.earth_mean","ws_ndvi.max_mean","ws_ndvi.mean_mean","ws_ndvi.min_mean","ws_ndvi.range_mean","ws_RV.Sand","ws_RV.Silt","ws_RV.Clay","ws_Kw","ch_elevation.min","ch_watershed","ch_valley_width","ch_area","ch_channel_width","ch_channel.width.over.valley.width","ch_ch_area","ch_elevation.mean","ch_slope.median","ch_flow.accumulation.max","ch_curvature.median","ch_sfm.erosion.mean","ch_sfm.erosion.count","ch_sfm.erosion.sum","ch_sfm.deposition.mean","ch_sfm.deposition.count","ch_sfm.deposition.sum","ch_sfm.net.change","ch_sfm.net.change.norm","ch_distance.upstream","ch_distance.downstream","ch_slope.upstream","ch_slope.downstream","ch_central.slope.difference","ch_slope.over.width","ch_change.in.slope.over.width","ch_stream.power","ch_slope.over.width.central.diff","ch_stream.power.central.diff","ch_lidar.erosion.mean","ch_lidar.erosion.count","ch_lidar.erosion.sum","ch_lidar.deposition.mean","ch_lidar.deposition.count","ch_lidar.deposition.sum","ch_lidar.net.change","ch_lidar.net.change.norm","ch_lidar.resolution","hs_area","hs_hillslope.length","hs_flow.accumulation.max","hs_elevation.range","hs_mi60.mean","hs_accum.precip.mean","hs_storm.accum.10.min.mean","hs_storm.accum.30.min.mean","hs_storm.accum.60.min.mean","hs_slope.median","hs_aspect.northness.median","hs_aspect.eastness.median","hs_slope.northness.median","hs_slope.eastness.median","hs_curvature.median","hs_bare.earth.mean","hs_ndvi.max.mean","hs_ndvi.mean.mean","hs_ndvi.min.mean","hs_ndvi.range.mean","hs_dnbr.BAER.median","hs_extended.dnbr.median","hs_drainage_density","ch_sfm.net.change.count","ch_sfm.erosion.norm","ch_sfm.deposition.norm","ratio","snapdist","upDist","afv_flow_accum","locID","netID","netgeom","X","Y"
318,1,-0.792897546048296,13,0.0788384832778411,-0.644864271764473,0,0,0,-0.19104318250754,-1.33149937553443,-0.386193302484166,0.552509321546618,0.811477046961432,0.540032191258301,0.333281192849054,0.811477046961432,0.811477046961432,0.157914190671623,0.283632177897627,0.280432271049009,0.239524946978854,0.297737098649077,-1,1,-1,-2.19285846267553,-0.792897546048296,8,0.0125808423301901,0.173890489336017,0.174797565632038,-0.033529480154401,0.186389734510956,-0.803401034090239,0.381510288937386,2.48783549356163,-0.445942609473204,0.385106420386986,34418.0000000001,25.6611261011397,0.067022269324043,11749.0000000001,1.52450675625554,27.1856328572952,0.0721398081573388,0.571078196570287,0.241215675700027,0.843725432802108,-0.058019775023664,-1.56153323897148,0.00408934617108954,-1.26065006056792,0.104288977238638,-1.03135931909632,-1.03268686311235,0.387821432638507,211.0000000001,81.830322265725,0.387821432638507,211.0000000001,81.830322265725,1.64920971937341,1.39730499615749,1e-10,-1.08033844075652,-1.35084958800127,4.16441485947225,-0.812499503294153,0,-1,0.721946340332766,0.726464773148383,0.66277344637971,-0.832843669675053,0.804836878042532,0.613179219624373,-0.796675173028479,-0.796675173028479,1.21411438133381,-1.28296039342026,0.960706321300076,1.18304561420281,1.56374321676545,0.361282657226663,0.593720721847758,0.713882475220033,-0.0823106354352604,34418.0000000001,0.0680943762165983,0.00404543184074043,0.00509219029771302,3.15185078646755,17515.9428527783,5.82076609134674e-11,1,1,"SNETWORK (1 318 17515.9428527783 0.00509219029771302 1 1)",408555.616934274,4456585.69303471
318,2,-0.76153831785609,14,0.0788384832778411,-0.644864271764473,0,0,0,-0.19517280003147,-1.3217410375893,-0.400947855950535,0.54726385709196,0.809502496217831,0.527483942230403,0.321426849057571,0.809502496217831,0.809502496217831,0.169539113860467,0.275489741793001,0.272114260725269,0.231360486188734,0.289602505016101,-1,1,-1,-2.19285846267553,-0.76153831785609,8,0.162902035974024,-0.291022102725846,-0.290271570481959,-0.595353273490811,-0.270502443252692,-0.772030292701986,0.839491313561873,0.551062719490008,-0.543068800748005,0.418272911946697,39549.0000000001,32.0261378115647,0.121056360120144,14241.0000000001,3.33762407356582,35.3637618850305,0.1251205105343,0.315713843386274,0.62383503518104,0.60648942131401,0.349717859144616,-0.451061940973022,0.436340141106988,-0.452718151608796,0.433128979174036,-0.987555065286675,-0.961978243085656,0.384803069981135,163.0000000001,62.722900390725,0.384803069981135,163.0000000001,62.722900390725,1.31951605846956,1.3880605579061,1e-10,-0.665814561621119,-1.0349353460397,-0.583726344843582,-0.744033569367952,-8.88178419700125e-16,-1,0.741294232289334,0.745933758982553,0.680535490004341,-0.768070398561426,0.81346625214014,0.450900811806826,-0.741318692921711,-0.741318692921711,0.261840607672007,-0.865566971020336,0.511854999368969,0.858655456395047,1.86805308904665,-0.302539098629042,1.04570546116699,0.490007295127215,-0.0823106354352604,39549.0000000001,0.113311664161987,0.0118088462723137,0.0252904146584282,2.78742303792387,17539.8796984718,5.82076609134674e-11,2,1,"SNETWORK (1 318 17539.8796984718 0.0252904146584282 2 2)",408569.446382606,4456570.3135598
318,3,-0.729577954299178,15,0.0788384832778411,-0.644864271764473,0,0,0,-0.199304679946303,-1.30438264663096,-0.400340415135874,0.538568450312717,0.804034176546851,0.505767977578882,0.30281528405732,0.804034176546851,0.804034176546851,0.185782319565314,0.261789464883136,0.257639452696862,0.213227320459906,0.278506415098699,-1,1,-1,-2.19285846267553,-0.729577954299178,8,0.0350728047919489,-0.758459543248803,-0.749452767631252,-0.864536812541025,-0.615084232421938,-0.745476997858892,0.602255302073775,0.542279593247112,-0.630574685551949,0.123219781965387,17164.0000000001,4.09456965069944,0.190047942933868,21367.0000000001,7.86169234814736,11.9562619987468,0.0565076591843182,0.137809245803285,0.372095797392485,0.373636943025911,0.764925805300464,0.670914278879197,0.646007590068614,1.04504232141966,0.585349044074882,0.300641001681391,0.300633299696937,0.379491006274395,124.0000000001,47.056884765725,0.379491006274395,124.0000000001,47.056884765725,1.04920297923928,1.37179112626425,1e-10,-0.696586145415978,-0.942042484878417,-0.708480428248883,-0.735026636678879,0,-1,0.820191227488663,0.825324551806001,0.752965699648282,-0.931530704797763,0.744585038658048,0.529262950379049,-0.879059305915022,-0.879059305915022,1.30135451344285,-0.881178221034334,1.1618868194988,1.59412991129334,2.33280644838885,0.189823298599987,0.616389021447949,0.506248481585126,-0.0823106354352604,21367.0000000001,0.0193517460506683,0.0371559130336499,0.0456501152277163,0.30210548453033,17564.0079090606,5.82076609134674e-11,3,1,"SNETWORK (1 318 17564.0079090606 0.0456501152277163 3 3)",408589.260885014,4456567.31356002
318,4,-0.704664273530365,16,0.0788384832778411,-0.644864271764473,0,0,0,-0.203438824111689,-1.30802399571483,-0.389221103643027,0.530049420952932,0.80013794816641,0.487070730420885,0.2811430434367,0.80013794816641,0.80013794816641,0.199491973509567,0.244518520110687,0.239019769480734,0.187975744099334,0.265884778101065,-1,1,-1,-2.19285846267553,-0.704664273530365,8,0,-0.256163928231668,-0.255665119975027,-0.440021140930831,-0.240603101921428,-0.713825176499478,0.369402823785676,0.535146608747162,-0.400782286140872,0.0903068016170939,16552.0000000001,2.89387827837728,0.122156270103463,5956.0000000001,1.40857434432477,4.30245262260204,0.0148975498098201,1.23320184322005,0.196716707726243,0.40804281331683,0.549846420374105,0.216149304198121,0.2230924084144,0.26432600229812,0.259672844458399,0.899705950780133,0.917886435928743,0.20160900307619,105.0000000001,21.1689453126,0.20160900307619,105.0000000001,21.1689453126,0.602513227613228,0.826986084171964,1e-10,0.397862923929842,0.201816016657237,0.434655958800994,0,-0.495677213396702,0.487038258242942,1.37240898609802,1.38099851071369,1.25992097591824,-0.990493397705662,0.318015663108026,-1.15101729263532,-0.927178293206397,-0.927178293206397,-1.8711051722292,-0.364383753946958,1.62463459408728,1.82600368183107,1.53151026798599,1.12673861409878,-0.0522203027652826,-0.390211708498842,0.418283956214277,16552.0000000001,0.0100202603694758,0.00487728934034433,0.0735565876365829,3.51232387098195,17597.0797728034,5.82076609134674e-11,4,1,"SNETWORK (1 318 17597.0797728034 0.0735565876365829 4 4)",408612.022585806,4456566.90790437
318,5,-0.668033143150622,17,0,0,0,0,0,-0.2008660516631,-1.09971294497623,-0.252041125534424,0.498061612160165,0.790578403925209,0.478955258885241,0.34896121055427,0.790578403925209,0.790578403925209,0.238335656919865,0.171089220090348,0.166163760089832,0.124053502611607,0.187216859914487,-1,1,-1,-2.19285846267553,-0.668033143150622,8,0.596211252896153,0.155632371516722,0.156400370009824,-0.546164026891966,0.165866610452145,-0.670402080914974,0.403808694076595,0.528553093663174,0.558482574000593,0.144177250135953,24772.0000000001,6.91460109596038,0.140200225876632,4568.0000000001,1.23989277654348,8.15449387240386,0.0218845191744328,-1.67220757608049,1.27655927038109,0.707147454603914,0.338741169132367,-0.660902794172002,0.0209428833490581,-0.532599430674353,0.0719612965058765,-0.874176974519161,-0.907381186665056,0.141841529880983,117.0000000001,16.595458984475,0.141841529880983,117.0000000001,16.595458984475,0.523598894718003,0.643934284864402,1e-10,-0.376957687318495,-0.21044901997709,-0.450185539667944,-0.1724165335495,0,-1,1.21182875836056,1.21941324935554,1.11250269234655,0.0325616377509418,-0.0303300039331093,-0.936025914318719,0.0351866807142849,0.0351866807142849,-0.21820849391583,-0.0389251586017101,0.864935379677667,0.898850912455737,0.517451011733519,0.795215446982438,-0.168825401843479,-0.354892891405884,-0.0823106354352604,24772.0000000001,0.0185569726268858,0.00332754644754703,0.0913013466060553,5.11158472989959,17618.1090251642,5.82076609134674e-11,5,1,"SNETWORK (1 318 17618.1090251642 0.0913013466060553 5 5)",408627.821444873,4456557.10904486
318,6,-0.647213494210634,18,0,0,0,0,0,-0.189970496466748,-1.05738986288792,-0.199397720453622,0.485104926926835,0.775901067374387,0.486697982824249,0.36791236066129,0.775901067374387,0.775901067374387,0.24955681955896,0.146822823572542,0.142257757199418,0.104375408462032,0.160373343797048,-1,1,-1,-2.19285846267553,-0.647213494210634,8,0.71872944707337,-0.802949701566006,-0.792635857677704,-1.26081246796203,-0.642994845580779,-0.648485771832776,0.702913335363679,0.485466059264065,-0.477363616731402,0.298039238523326,18696.0000000001,10.7877647194428,0.106609487936101,4098.0000000001,0.845818407909251,11.633583127252,0.056519923120459,2.8134885746554,-1.58760537734232,0.0415939252270964,0.36993370762435,0.486010421667726,0.725659186892255,0.800539706221884,0.638184156202538,-0.033071951334694,-0.0425626224792748,0.16142578135,110.0000000001,17.7568359376,0.16142578135,110.0000000001,17.7568359376,0.543638155999302,0.703915613802076,1e-10,0.0867483831400918,0.0157420247821122,-0.207944767756333,0.0492599745156787,0,-1,0.721946340332367,0.726464773147983,0.662773446379347,0.0377862064946328,-0.104249140315891,-1.26927053866183,0.040863149459456,0.040863149459456,-1.11109358562304,0.0993680541817046,0.346066765695403,0.347832149861781,0.0858590080142395,0.433597530909676,-0.282444320274183,-0.263115335725399,-0.0823106354352604,18696.0000000001,0.0524106481069467,0.00410927491351233,0.112354222982972,2.01390334284543,17643.0587160004,5.82076609134674e-11,6,1,"SNETWORK (1 318 17643.0587160004 0.112354222982972 6 6)",408648.564045288,4456554.36644312
318,7,-0.608227330735683,19,0,0,0,0,0,-0.159966565785005,-0.912097959296887,-0.107865599384427,0.461022354074142,0.750322925708682,0.511121046591904,0.425345275875949,0.750322925708682,0.750322925708682,0.260706523258667,0.107498531162508,0.105190119058114,0.0793106966005218,0.112942099911302,-10.2513145082782,1.22677291391182,1.23642806520189,1.4066768292683,-0.608227330735683,8,0.897387436740367,-0.156856037953714,-0.156826058062802,-0.978573251896669,-0.15181147047729,-0.604075904445045,0.0373598059868614,0.481115044497412,-0.159986225179058,0.173869046778644,34615.0000000001,11.6518780454077,0.111594897364626,5472.0000000001,1.18222393315867,12.8341019784664,0.0417897704345571,-1.85410448842553,2.83441248011328,-0.607150731052701,0.641103509683987,2.007672515225,0.0276672541136582,2.0343284427742,0.0774347401925135,1.72951584279428,1.76982212888012,0.0314871150955036,139.0000000001,4.376708984475,0.0314871150955036,139.0000000001,4.376708984475,0.312767499173232,0.305948201329675,1e-10,0.954711421934742,-0.178007269191346,0.420066393483982,-0.491537456919046,0,-1,-2.79370977148293e-15,-2.92015875875632e-15,0,-0.670808649159564,0.697362273231037,1.66507454146256,-0.656237983226778,-0.656237983226778,0.214245440780538,0.961376106901823,-0.402890469399009,-0.21730395890228,0.66598163080467,-0.711536341465874,0.69774293050344,0.836640258484656,0.0306965995987693,34615.0000000001,0.0379402710295168,0.00384949930504038,0.134331628809519,1.70271872630738,17669.1040634834,5.82076609134674e-11,7,1,"SNETWORK (1 318 17669.1040634834 0.134331628809519 7 7)",408667.616926034,4456540.31356201
318,8,-0.42062300233343,25,0,0,0,0,0,-0.109468567356334,-0.586428033456609,-0.025995550957633,0.343075246134689,0.619594080487249,0.41193944552157,0.263682804087997,0.619594080487249,0.619594080487249,0.189118502650382,0.0029091334003776,0.00668770425734623,0,-0.00583265408131838,0,0,0,0,-0.42062300233343,8,0.760695815743675,1.42605153674894,1.45550980277964,0.648742120420002,2.32121973731584,-0.428199254781128,-0.674053150710131,0.346286475889596,0.604477161621618,0.122534997204914,18458.0000000001,4.37878990415737,0.108376705827388,21963.0000000001,4.60825952058461,8.98704942464198,0.01099955290982,0.059324782461137,0.114203078657765,-0.528534020098053,-0.594068477084469,-0.306360914303581,-0.687513134999761,-0.146730977382554,-1.08777689701227,-0.0882766502181293,-0.100486314130878,0.174342214027061,473.0000000001,82.4638671876,0.174342214027061,473.0000000001,82.4638671876,1.1856443569227,0.32445203156018,1e-10,-0.907951110192662,-1.02891865601465,-0.844697648389869,-0.348631873415508,-8.88178419700125e-16,-1,-2.79370977148293e-15,-2.92015875875632e-15,0,0.562831230054599,-0.296630013545348,-2.27804117443608,0.657056123805453,0.657056123805453,-1.95815709433497,-0.224084489930609,0.0945399963033696,-0.211368997277813,-0.710691613349462,0.562516850662624,-0.816749903987962,-0.982977449881832,-0.0823106354352604,21963.0000000001,0.00535934860458838,0.00564020420523166,0.261708009805467,7.27299951600986,17820.0573711829,5.82076609134674e-11,8,1,"SNETWORK (1 318 17820.0573711829 0.261708009805467 8 8)",408743.616920442,4456458.31356804
318,9,-0.339426789857673,28,0,0,0,0,0,0,-0.235057545213741,0.369112707118337,0.279494713968739,0.494829965851976,0.564608021287888,0.512024203075671,0.494829965851976,0.494829965851976,0.166184094807686,-0.0384294251136213,-0.0224137678988404,0.00584983794304477,-0.0741941828137141,0,0,0,0,-0.339426789857673,8,-0.124316914767123,0.350969719506895,0.353725620434456,0.301357775098484,0.397901458083815,-0.335793458481832,0.134789155586118,0.314835056344583,1.07103710976137,0.217165577768138,19939.0000000001,8.38308138604387,0.0932234462827317,11967.0000000001,2.15983097884776,10.5429123647916,0.0250747610833814,0,-0.166312271358484,0,-0.521646247614082,-1.06196129421696,-0.162073442653894,-0.772390321588443,-0.132303184639057,-0.655377695658689,-0.679432130716655,0.297619902006949,313.0000000001,93.155029296975,0.297619902006949,313.0000000001,93.155029296975,1.84461463293119,1.12104181152403,1e-10,0.52925674801687,0.659570551737508,0.000939509550599834,1.00770622564486,0,-0.575439277580266,-2.79370977148293e-15,-5.84031751751264e-15,0,0.281464859262891,-0.238435777922212,-1.20531625234942,0.315312189049627,0.315312189049627,-1.12857292610363,0.457664773219802,0.0530672896486907,-0.239249432364649,-0.463913468048794,0.38792241267398,-0.190944448589396,-0.366344356458366,-0.0823106354352604,19939.0000000001,0.0199379217796358,0.00513683920374567,0.320580469099277,3.04378015498619,17889.8269186713,5.82076609134674e-11,9,1,"SNETWORK (1 318 17889.8269186713 0.320580469099277 9 9)",408779.616917793,4456413.31357135
318,10,-0.293123881528256,29,0,0,0,0,0,0.0808097387132539,0,0.53876891958381,0.238920852396793,0.425249845193266,0.643106172416825,0.620708218604797,0.425249845193266,0.425249845193266,0.148748230653195,-0.0757813258347989,-0.0490808281964776,0.00677876105193076,-0.133466285340863,0,0,0,0,-0.293123881528256,8,-0.121171646679601,-0.0208884270860831,-0.0209325372255661,-0.110608715413767,-0.0210744263309888,-0.30668234642352,-0.00423411924023495,0.276395215999323,0.220607628218651,0.317378798001999,42326.0000000001,26.007251654664,0.0914633405306008,10051.0000000001,1.77977725884219,27.7870289134061,0.0831776601020264,-0.296613044854211,0.0608637820293824,-0.281259443228715,0.126039214082809,0.610346533526981,-0.0542836197793651,0.581341474690615,-0.0122771421077456,-0.0518739512458648,-0.0608918118251581,0.0147160634069249,213.0000000001,3.134521484475,0.0147160634069249,213.0000000001,3.134521484475,0.291333872644064,0.254582951575054,1e-10,-0.140621234917441,-0.776547282920123,4.15937401096156,-0.538519207283959,-8.88178419700125e-16,-0.999999999999993,0,0,0,-0.578090472257072,0.732788633907367,1.6358328447727,-0.572888197626811,-0.572888197626811,0.353415556357183,0.765600873689329,-0.106214445441417,-0.0604818492915514,0.732331473312118,-0.411319246642272,1.07136704438881,0.911478893536161,-0.0405841341718482,42326.0000000001,0.077850076827558,0.0053275831744684,0.342434801026177,3.06166592641533,17915.7264117024,5.82076609134674e-11,10,1,"SNETWORK (1 318 17915.7264117024 0.342434801026177 10 10)",408785.616917352,4456391.31357297
318,11,-0.261751513089484,30,0,0,0,0,0,0.0850336385669354,0.00615537132486252,0.50257323307041,0.224951760775778,0.40867415728971,0.604048469995224,0.525915065827192,0.40867415728971,0.40867415728971,0.125848427037111,-0.0840265773397147,-0.0569649324980212,-0.00457525372805569,-0.139872075179069,0,0,0,0,-0.261751513089484,8,0.203334925109086,-0.105120389313754,-0.105193834890687,-0.467994634122822,-0.103353945860699,-0.275398050228021,-0.28549356246895,0.229538947576266,-0.0743533778816352,0.277090655274862,27729.0000000001,14.875288891598,0.0827748283762643,22157.0000000001,3.55073750732695,18.426026398825,0.0581074245615295,-0.489986752634931,-0.231538586972901,-0.185002509641345,0,0.220836667998696,-0.140249331852403,0.239204776215168,-0.108982799692852,-0.0418413666545426,-0.0511922163549286,0.023223376764959,244.0000000001,5.66650390635,0.023223376764959,244.0000000001,5.66650390635,0.335022579549331,0.280638579062854,1e-10,-0.355215856407667,-0.731495180460541,-0.250118244424392,-0.509222834163826,0,-1,-2.79370977148293e-15,-2.92015875875632e-15,0,-0.700647032106242,0.751333369150815,1.38313452057867,-0.682592660767358,-0.682592660767358,1.16203016483606,1.04771301083356,-0.0235651028978416,0.0973499541065983,0.861671295494878,-0.385103114238655,1.16373833286257,1.00829873616776,0.386944576140927,27729.0000000001,0.046909990624238,0.0111974338372915,0.358587184952374,6.26107043810738,17934.8685459177,5.82076609134674e-11,11,1,"SNETWORK (1 318 17934.8685459177 0.358587184952374 11 11)",408796.616916542,4456377.313574
318,12,-0.23391627322749,31,0,0,0,0,0,0.0878521724060247,-0.0162337740999239,0.471366053396231,0.214026943414596,0.397528763423324,0.572117957085523,0.462484486089286,0.397528763423324,0.397528763423324,0.101839576732634,-0.090915906302547,-0.0641061465272083,-0.0135607604721893,-0.145535588225391,0,0,0,0,-0.23391627322749,8,0.390045201440645,-0.228205314211798,-0.227875252971069,-0.707753759182815,-0.216152810222772,-0.250664289881696,-0.18923662888158,0.220805184547903,0.6635156337377,0.17009376244063,35452.0000000001,11.6745043068543,0.0922723078790035,24816.0000000001,4.4331505962185,16.1076549029728,0.0548169855781472,-0.115488544638657,-0.422167189587562,-0.0108752440806314,-0.25499125396229,-0.557209399198464,-0.0413316003971182,-0.548878882638995,0,-0.045182234426268,-0.0556178154092913,0.0362929997294466,253.0000000001,9.18212890635,0.0362929997294466,253.0000000001,9.18212890635,0.0788132309832946,0.0983558224642284,1e-10,0.416726862709199,0.631084143207548,0.0231229205769812,0.987522749127784,-1.77635683940025e-15,-0.705112001463301,-8.38112931444878e-15,-5.84031751751264e-15,-2.70965137014994e-15,-0.027895163507968,0,-0.278763315428998,-0.0298833280553312,-0.0298833280553312,-0.0628884912851169,0.535926647401974,0.0508289112673949,-0.116391154533772,-0.129377823536947,0.212122221245213,0.238602729451043,-0.0184674286778117,0.030813587430869,35452.0000000001,0.039730248562364,0.0150867369157832,0.380091998068081,2.41342122266856,17960.3538254169,5.82076609134674e-11,12,1,"SNETWORK (1 318 17960.3538254169 0.380091998068081 12 12)",408817.616914997,4456369.31357459
318,13,-0.216026512254286,32,0,0,0,0,0,0.119792463368857,0.0709848520017219,0.572745627326856,0.181841591912037,0.344880917018752,0.599416193800846,0.457366678384054,0.344880917018752,0.344880917018752,0.071077824281174,-0.118508036957144,-0.0860441808924881,-0.0193729626500158,-0.185569528287066,0,0,0,0,-0.216026512254286,8,0.544586657764988,0.127452018626364,0.128025071797016,-0.530979215275792,0.134640595883161,-0.218734642773336,-0.0151093633208664,0.201144521388376,1.22306799766171,0.159052340514274,16980.0000000001,5.22861990038238,0.11852582343119,23810.0000000001,5.46363524326778,10.6922551435502,0.0291997650322521,0.274794758419212,-0.0529853039458058,-0.477854068155267,-0.167724224218336,0.387093437581033,-0.124087783039505,0.337343828430164,-0.0911667375667598,0.444299664544833,0.443589005442107,0.156615746891825,263.0000000001,41.18994140635,0.156615746891825,263.0000000001,41.18994140635,0.473473359719856,0.270160599598965,1e-10,0.571528944839552,0.630015475184753,0.127878101201468,0.989257908219356,0,-0.619011071276222,-5.58741954296585e-15,-2.92015875875632e-15,0,0.205342875567397,-0.264225897612701,-0.614832409107051,0.227505562212387,0.227505562212387,-0.894281086393209,0.437035600926424,0.338949465390127,0.0170438067525369,-0.534936628400501,0.747120624015732,-0.352639587696104,-0.568687223190357,0.594130902017478,23810.0000000001,0.0142789776300714,0.0149207873021807,0.400608222697603,3.14782683237127,17984.667532127,5.82076609134674e-11,13,1,"SNETWORK (1 318 17984.667532127 0.400608222697603 13 13)",408831.616913967,4456358.3135754
318,14,-0.179688793183507,33,0,0,0,0,0,0.205910311235628,0.310964143364295,0.908378450733985,0.139172366596939,0.271312954892126,0.689392465618553,0.495935253903563,0.271312954892126,0.271312954892126,0.0515443947376021,-0.170011213520693,-0.123782332307587,-0.0154617668145823,-0.268806441867129,0,0,0,0,-0.179688793183507,8,0.491944994027412,0.509942709691883,0.515081299495765,-0.130692716477903,0.608503706092187,-0.180351865633265,-0.482088187395502,0.173804352425144,0.953501470165149,0.170960248385221,21404.0000000001,7.08434012360006,0.123796828664714,30915.0000000001,7.40948616510082,14.4938262886009,0.0312444880933712,-0.616372457545948,0.331757593832842,-0.6632329746543,-0.00985955206848344,1.00272967627762,-0.435432502588082,0.659159250764105,-0.520865142618387,0.503633733414405,0.503785034852546,0.513949657149705,254.0000000001,130.543212890725,0.513949657149705,254.0000000001,130.543212890725,2.01524112839845,1.36457887980086,1e-10,-0.271315607206009,-0.657688282758652,-0.44484088011865,-0.471353980401974,8.88178419700125e-16,-1,-2.79370977148293e-15,-2.92015875875632e-15,0,-0.627896632071937,0.780335729105085,1.31370817775236,-0.617937760947106,-0.617937760947106,0.0257557225593318,0.99610851832968,-0.101738866095869,-0.00840109418998811,0.604905615304168,-0.340270382842157,1.41884603796209,0.921128566428448,-0.0823106354352604,30915.0000000001,0.0152717836907751,0.0159727043025961,0.424262992735939,4.04514058236799,18012.7007181246,5.82076609134674e-11,14,1,"SNETWORK (1 318 18012.7007181246 0.424262992735939 14 14)",408850.539875014,4456347.39061376
318,15,-0.118115942791501,35,0,0,0,0,0,0.198651734619435,0.204310998515714,0.79152018017855,0.102595217349894,0.237608244481894,0.581091024916427,0.303781543845471,0.237608244481894,0.237608244481894,-0.00943473506876633,-0.194801747985912,-0.149427471639868,-0.0512348698233677,-0.287213434859668,0,0,0,0,-0.118115942791501,8,0.568938993246453,0.448811018612218,0.452956553171119,-0.259236434540989,0.525065724232585,-0.12508089334958,-0.58819203384769,0.12134888509654,0.449173752670443,0.15765611710895,14833.0000000001,4.52740289499709,0.238851407779116,21976.0000000001,10.1621540260426,14.6895569209396,0.0328861030778085,-0.844910959307445,-0.0257920748075471,-0.407931295632198,-0.601290416900653,-0.537408578005534,-0.457260975731283,-0.370732724415541,-0.560186660954358,-0.238514823268574,-0.252427481187127,0.234873798176923,325.0000000001,76.3339843751,0.234873798176923,325.0000000001,76.3339843751,1.07987480210856,0.509844098535797,1e-10,-0.216968426345738,0.229441087007142,-0.13271595246674,0.423937777989706,-8.88178419700125e-16,-0.716076165154856,-2.79370977148293e-15,-2.92015875875632e-15,0,0,-0.026256066279501,0.070793882549061,0,0,-0.469168589536766,-0.262169362533809,0.815488267239788,0.666599270669418,0.408141266841517,0.796068882342708,0.160851480109974,-0.228102667585906,0.0334896035469816,21976.0000000001,0.0101356792873984,0.0227504236904101,0.469027336915231,2.30213473720643,18065.7507872821,5.82076609134674e-11,15,1,"SNETWORK (1 318 18065.7507872821 0.469027336915231 15 15)",408883.616910141,4456323.31357798
318,16,-0.0935051747054681,36,0,0,0,0,0,0.217565866817459,0.267736558556271,0.824757537590916,0.0858252523078985,0.221101408614852,0.5965476124246,0.285498031709835,0.221101408614852,0.221101408614852,-0.00892895882382545,-0.212036720500334,-0.162979424148037,-0.0553166281807763,-0.311948988372228,0,0,0,0,-0.0935051747054681,8,0.381005518327363,0.440051062704161,0.444062026515601,-0.100708032658822,0.513365020055167,-0.095286721910295,-0.412165414872433,0.101730533263755,0.462171315103311,0.160645567230276,8956.0000000001,2.78542938307315,0.149454884091559,14246.0000000001,4.12204162830118,6.90747101127434,0.0155480123902656,-1.04148268577161,-0.772052943595141,-0.297156437205379,-0.529419240817712,-0.612132296953503,-0.389447735180995,-0.423982238126467,-0.447256184581089,-0.298479476132462,-0.312367468398334,0.00859696449067398,319.0000000001,2.742431640725,0.00859696449067398,319.0000000001,2.742431640725,0.189928554678236,0.183181377454388,1e-10,0.452638297739389,-0.258096010774637,0.381737472347406,-0.251518595342356,0,-1,-2.79370977148293e-15,-2.92015875875632e-15,0,-0.933857997536235,0.772211433074854,0.879504117852889,-0.880974082854262,-0.880974082854262,0.521403156275358,-0.231191030689542,0.393319271958488,0.351841630893668,1.07093456964298,-0.0233431620140222,1.53168368802897,1.15072444438794,0.905909445027644,14246.0000000001,0.00626971726845811,0.0092782950218075,0.486313084759513,5.39296101025255,18086.2360671491,5.82076609134674e-11,16,1,"SNETWORK (1 318 18086.2360671491 0.486313084759513 16 16)",408896.616909185,4456312.31357878
318,17,-0.0638992579936572,37,0,0,0,0,0,0.20121589177046,0.192417548903327,0.668214883526172,0.0542325289347157,0.196122641740544,0.498201979574851,0.157664233417203,0.196122641740544,0.196122641740544,0.00965014804139325,-0.246112528646112,-0.192733295699005,-0.0927459027615817,-0.343993785914582,0,0,0,0,-0.0638992579936572,8,0.410459164447759,0.113889431607949,0.114377285570443,-0.438388034187083,0.119804592172417,-0.0698698947399878,-0.301390556445614,0.0645177213940172,1.26312216038223,0.165830492453191,7497.0000000001,2.40691760000939,0.159637137299202,10789.0000000001,3.33445181215578,5.74136941206517,0.0158113502962849,-1.83006536912668,-0.965834166282905,-0.356255974337906,-0.369832605119428,-0.193637989333306,-0.234550417350152,-0.149934014732134,-0.228187013502756,0.0777887139569266,0.0699147775956426,0.0250810896647321,224.0000000001,5.6181640626,0.0250810896647321,224.0000000001,5.6181640626,0.14030852973974,0.132694906941119,1e-10,0.478570968239464,0.770555911641378,0.33161845157351,1.1369371660481,0,-0.757733655059295,-2.79370977148293e-15,-5.84031751751264e-15,0,-0.52613446434615,0.434141686586611,0.374983366481931,-0.525202071361208,-0.525202071361208,-0.212908462343672,-0.00303808655706754,0.117247997646503,0.0407114045218248,0.611911980689694,-0.0969322296069754,0.754464919200971,0.764939724637964,0.943292567415239,10789.0000000001,0.0066284912770911,0.00918285891919377,0.504996907848565,4.16493524922327,18108.3782011437,5.82076609134674e-11,17,1,"SNETWORK (1 318 18108.3782011437 0.504996907848565 17 17)",408914.616907861,4456302.31357952
318,18,-0.0243388258972369,38,0,0,0,0,0,0.214789783532689,0.240703026700233,0.630880476294662,0.0172426565261409,0.158042260593929,0.459022818364689,0.0782270858955314,0.158042260593929,0.158042260593929,0,-0.26670305239961,-0.209028738550539,-0.107619601970226,-0.367805638011793,0,0,0,0,-0.0243388258972369,8,0.416305339648924,0.789390692410198,0.800194358618591,0,1.0326653684563,-0.04079431022952,-0.360490093578141,0.0246040365005712,0.039977368983617,0.141923838601181,17882.0000000001,4.91338460569614,0.118233055936632,12693.0000000001,2.90544404617477,7.81882865177091,0.014181391119974,-0.466322896694268,-1.74322224400732,-0.0965901050062361,-0.269403550245775,-0.463616713902959,-0.472149005417873,-0.272194412894031,-0.589478706351385,0.391991939183121,0.388075573835942,0.0191872337647727,352.0000000001,6.7539062501,0.0191872337647727,352.0000000001,6.7539062501,0.120711589760634,0.150746212604039,1e-10,0.00199520179658003,0.104943903640619,-0.0797311495671817,0.0111765438279994,-8.88178419700125e-16,-1.00000000000001,-2.79370977148293e-15,-2.92015875875632e-15,0,-0.765390034784531,0.829930921480526,0.504515393650082,-0.739005732477948,-0.739005732477948,-0.305639541071384,0.568669627821671,-0.836500342749798,-0.823335574412072,0.400065195559843,-1.06281453278997,1.40121515513914,1.23091895371353,1.44264036894576,17882.0000000001,0.00891164539186943,0.0052697456281046,0.521788361449755,8.75338437606553,18128.2776946163,5.82076609134674e-11,18,1,"SNETWORK (1 318 18128.2776946163 0.521788361449755 18 18)",408929.616906757,4456297.31357989
318,19,0.0290190940938828,40,0,0,0,0,0,0.195954216207662,0.0334393333704419,0.261023351032124,-0.0490752531897856,0.0869395235691954,0.237392398589129,-0.0481740835848194,0.0869395235691954,0.0869395235691954,-0.0683224366440618,-0.26348820521304,-0.206830738415544,-0.135888362812723,-0.34647001514862,0,0,0,0,0.0290190940938828,8,-0.669660280972143,1.25062468278271,1.27425393324358,2.35419805125707,1.91431000960192,0.0317348546478064,0.0784829884213063,-0.0472335444198412,-0.321122977149915,0.27364984638126,19074.0000000001,10.1052324590176,0.109705441863027,10675.0000000001,2.26728114236921,12.3725136012868,0.0168761745753284,-0.273749220477921,-1.14967094332453,1.27218111419391,-0.087569084661314,-2.51673691226988,-0.477947763471967,-1.0807889496875,-0.601994267936979,-1.17200859683597,-1.194595806468,0.51019575565293,529.0000000001,269.8935546876,0.51019575565293,529.0000000001,269.8935546876,4.89419253203139,1.77210484663253,1e-10,2.06246300933124,1.13678839595546,4.15495566306617,1.04720427458429,-8.88178419700125e-16,-0.499999999999989,-2.79370977148293e-15,-5.84031751751264e-15,0,-0.766638615827785,0.78133115083765,0.0158779383648171,-0.7400833893816,-0.7400833893816,0.232456774446708,0.620496883312278,-2.09674143389976,-1.91393994165261,-0.371672439547905,-2.08434767572204,1.19317073782833,0.708908375980877,1.47215589400707,19074.0000000001,0.0137835909167306,0.00309258355859771,0.575731226040681,9.15524714491133,18192.2051965057,5.82076609134674e-11,19,1,"SNETWORK (1 318 18192.2051965057 0.575731226040681 19 19)",408976.849913949,4456302.54659017
318,20,0.070935145535618,41,-1,1,0,0,0,0.0837272440545964,-0.668892040018012,-0.813862419387916,-0.330266717933703,-0.244670594444917,-0.672613236662993,-0.310794038363382,-0.244670594444917,-0.244670594444917,-0.62248171829839,-0.000528049524280665,0,-0.0942812349166191,0.0430545551193791,0,0,0,0,0.070935145535618,8,-0.985393363437866,0.205065653497526,0.206233083051043,1.13983012491465,0.221971072739705,0.0659417006759694,1.26794699495368,-0.0496770235392014,-0.551441631671143,0.155462704563351,24844.0000000001,7.47751100155631,0.118575380894294,8553.0000000001,1.96346119125433,9.44097219271063,0.0245741428719574,0.800855328085468,-0.208999334138066,3.92457101712616,0.0749917541065399,-6.35156822144,0.283798263856933,-5.06330993486959,0.295811336772956,-3.04518323921668,-3.05493293086409,1.21017702802553,235.0000000001,284.3916015626,1.21017702802553,235.0000000001,284.3916015626,5.14435261021694,3.9159604346194,1e-10,-0.898936880240436,-0.718318830753269,-0.728328578383062,-0.219400933012263,-8.88178419700125e-16,0,-5.58741954296585e-15,-5.84031751751264e-15,0,0.45054931787037,-0.5607534942836,-0.130368075165061,0.517359044156182,0.517359044156182,-0.0163551034109582,-0.348224619586705,1.21552295057337,1.01189820232082,-0.116754941123756,1.51909344713962,-0.596104301123844,-0.998242844975185,-0.0823106354352604,24844.0000000001,0.019463400503657,0.00511074226830041,0.592859048520246,3.81945608227311,18212.5033195703,5.82076609134674e-11,20,1,"SNETWORK (1 318 18212.5033195703 0.592859048520246 20 20)",408990.667320548,4456315.36399684
318,21,0.0961530328595338,42,-1,1,0,0,0,0.0830306918912666,-0.593487141338035,-0.792004969680985,-0.336242384904915,-0.259906801391601,-0.651152036758583,-0.31508615813459,-0.259906801391601,-0.259906801391601,-0.620860356084311,-0.00858177965469427,-0.0066755952088576,-0.0930803838554746,0.0296681393004542,0,0,0,0,0.0961530328595338,8,-1.02875460803638,-0.242044976699827,-0.241635040824843,0.717885417528258,-0.228308541693258,0.144223627674316,3.92033689788592,-0.333935094424778,-0.594394602236751,0.0915858941761792,14438.0000000001,2.56002937414654,0.11089276154964,15038.0000000001,3.22851345346485,5.78854282751138,0.019868837015095,-0.39073346430266,0.850350283795987,1.34729034724633,1.15336592383018,-0.219487521810873,1.35764725326551,-0.197349668845474,0.998513400652306,-0.522498971503011,-0.519657436648787,0.938510194216709,196.0000000001,183.947998046975,0.938510194216709,196.0000000001,183.947998046975,3.41122400845777,3.08391751758872,1e-10,0.190771316917369,-0.159151046687526,0,0.258138690868825,0,7.10548156812327e-15,-2.79370977148293e-15,-2.92015875875632e-15,0,0.519367574037226,-0.72972737063877,0.0615139101026707,0.602445015635438,0.602445015635438,-0.417338283637259,0,0.992024619745748,0.799651216507149,-0.302856866107587,1.36343122697879,-0.354023247285403,-0.707634885961667,0.244973001830954,15038.0000000001,0.00878715207736138,0.0110816848377336,0.612242333564627,0.00957553985062987,18235.4743835042,5.82076609134674e-11,21,1,"SNETWORK (1 318 18235.4743835042 0.612242333564627 21 21)",409006.616901092,4456328.79959623
318,22,0.143928981606947,43,-1,1,0,0,0,0.138087863338247,-0.456016074926567,-0.546863952457027,-0.358617624337262,-0.326293592033017,-0.540445711148374,-0.338990400856746,-0.326293592033017,-0.326293592033017,-0.628362682432273,-0.0432629128935616,-0.0355414350863972,-0.0906699808721854,-0.0262100900292277,0,0,0,0,0.143928981606947,8,-1.15931859898695,-0.244338379618246,-0.243914516731957,0.739165130443323,-0.23031289200023,0.152055975786152,1.3430562280061,-0.343035555618239,-0.681480568565078,0.178735249498253,7647.0000000001,2.64612662379482,0.382283046798745,21276.0000000001,15.7465110325234,18.3926376562183,0.0632213449179021,-0.679942290150331,-0.324322886570184,1.03534044770107,3.55803621536462,4.92010885945884,0.593952165484543,5.22284174022,0.525535726884598,1.50549805468279,1.49824931975363,0.769474413129101,189.0000000001,145.4306640626,0.769474413129101,189.0000000001,145.4306640626,2.74661729528417,2.56620608992999,1e-10,-1.63563296162182,-1.86908264326529,-1.3374796544869,-0.907880271373584,0,0,0,-2.92015875875632e-15,0,0.370577895769153,0.686396196136308,-0.502325569393437,0.42057374942508,0.42057374942508,2.86014114844037,-0.224416444998851,-0.72346398489514,-0.566897084220541,-0.464235718949061,-0.487659517730078,0.201094226923568,0,-0.0823106354352604,21276.0000000001,0.00909557872210852,0.0541257660957936,0.633146235717037,2.75081208200028,18260.2475255032,5.82076609134674e-11,22,1,"SNETWORK (1 318 18260.2475255032 0.633146235717037 22 22)",409023.699650317,4456322.23082757
318,23,0.184664817689544,44,-1,1,0,0,0,0.139535200092785,-0.437081995226455,-0.557247215299949,-0.361393804919519,-0.330204691714386,-0.544568398539668,-0.340091101813926,-0.330204691714386,-0.330204691714386,-0.630951202980987,-0.0417706454380792,-0.0346863003184072,-0.088483999828811,-0.0251568785076816,0,0,0,0,0.184664817689544,8,-2.04364261237077,-0.525187165468011,-0.52149083856007,1.53811207104816,-0.455519655193469,0.182594675573521,1.03110632846083,-0.360756949635417,-0.753600120752145,0.254212465798722,8393.0000000001,4.13069746130453,0.236245931891133,21321.0000000001,9.75172016611824,13.8824176273228,0.056781593740147,0.0350877027371271,-0.609426145787231,0.953752925365457,1.2214603397912,0.574783495356931,0.670794307763216,0.774622001969829,0.578644413301345,-2.49521643918843,-2.49939540963824,0.377538795779645,183.0000000001,69.089599609475,0.377538795779645,183.0000000001,69.089599609475,1.42937181959921,1.36581202718934,1e-10,0.899184958213055,-0.0506555449201456,0.552486790106703,0.351129972687801,0,0,-2.79370977148293e-15,0,0,0.417524312929986,-0.640939352149308,-0.417699885840273,0.47712086958091,0.47712086958091,0.297809037025775,0.156442895901412,0.404390939088469,0.330864879894062,-0.106065017736299,0.598784316434817,-0.39117614079568,-0.71312459231794,1.01393519026371,21321.0000000001,0.0168952981383132,0.0398862955018338,0.655002303229855,0.788518969298453,18286.1490753711,5.82076609134674e-11,23,1,"SNETWORK (1 318 18286.1490753711 0.655002303229855 23 23)",409044.115316781,4456322.81199646
318,24,0.228631817043494,45,-1,1,0,0,0,0.231636863256322,-0.178753761227397,0.111173938978911,-0.418734103985071,-0.482208100750225,-0.28473686583031,-0.327722047840797,-0.482208100750225,-0.482208100750225,-0.684076589531719,-0.110999065169201,-0.0945995624008978,-0.0962298170577814,-0.129475217642794,0,0,0,0,0.228631817043494,8,-1.13816418408792,-1.76319191378937,-1.69622909354458,0.728537897772633,-1.09134555863539,0.215838086677151,0.949518806125222,-0.399500021155663,-1.06829809606814,0.100174278441314,5022.0000000001,0.97396253738787,0.0952069742352379,12704.0000000001,2.341631595222,3.31559413250987,0.029242200392241,0.838995516941812,0.0954533848171717,1.58695862851801,0.938644960704454,-0.982733939558292,1.65980197475071,-2.46575112249291,1.15774559160994,-2.05784550145813,-2.06070170485907,0.425439978258602,93.0000000001,39.56591796885,0.425439978258602,93.0000000001,39.56591796885,0.445451252079914,1.09349738495108,1e-10,-0.594820977718276,-0.47673803151309,4.14900931039175,-0.0566377120271691,-8.88178419700125e-16,7.10548156812327e-15,-2.79370977148293e-15,-2.92015875875632e-15,0,0.642611636594004,-0.41422583159251,-0.587636462401559,0.759090432004566,0.759090432004566,0.611738175825066,0.270100817957378,-0.310635213433182,-0.380728832623932,-0.803276520177374,0.153527051776313,-0.238036486607488,-0.832860391473426,0.178286746229507,12704.0000000001,0.00858995596418505,0.020652244328056,0.676360174898014,0.710916635580361,18311.46021507,5.82076609134674e-11,24,1,"SNETWORK (1 318 18311.46021507 0.676360174898014 24 24)",409064.904986432,4456324.3135779
318,25,0.271734653967651,46,-1,1,0,0,0,0.248661252284375,-0.148523012608487,0.23287088965456,-0.42670283579615,-0.506291949482766,-0.25808743061681,-0.319557480918269,-0.506291949482766,-0.506291949482766,-0.693039143307731,-0.115765955820817,-0.0987288943499948,-0.0917727162468499,-0.139596964556766,0,0,0,0,0.271734653967651,8,-1.94927097151203,-1.36360412371093,-1.3274871720606,0.26851382829652,-0.93627945870521,0.259235418030431,1.58272450927778,-0.421371451137469,-1.10080738536847,0.180401650733193,10870.0000000001,3.79646475669162,0.140937019132995,2203.0000000001,0.601103006658044,4.39756776324966,0.0302534150640492,1.06063255518872,0.887949040051873,1.18585675484327,0.864677294448654,-0.455319364594816,1.60084368367463,-0.825065722603917,1.12656239822597,1.91842054427052,1.90734547635436,0.55220227373782,78.0000000001,43.07177734385,0.55220227373782,78.0000000001,43.07177734385,0.50594395588472,1.48173642252994,1e-10,-0.259940228427245,-0.555940594369603,-0.535669000419185,-0.0500229146964001,0,1.42109631362465e-14,0,-2.92015875875632e-15,0,0.604482331370375,-0.67797994746416,-0.242235870122531,0.710033550959819,0.710033550959819,-1.09553035328366,0.471905504860062,-0.283282018555983,-0.426724741250951,-1.01493132034538,0.294004498150447,-0.334819165314572,-0.916251859322131,-0.0823106354352604,10870.0000000001,0.0261180793255795,0.00413533563846965,0.697639577283973,0.963013847358525,18336.6783610945,5.82076609134674e-11,25,1,"SNETWORK (1 318 18336.6783610945 0.697639577283973 25 25)",409085.809424275,4456317.31357842
318,26,0.298993866457856,47,-1,1,0,0,0,0.283428658702453,-0.0802039908558046,0.406424565397588,-0.439723016900484,-0.545046948451289,-0.200043016312283,-0.319765877322638,-0.545046948451289,-0.545046948451289,-0.716582259650469,-0.122584368483298,-0.103877113351989,-0.0817342891121014,-0.156083435821893,0,0,0,0,0.298993866457856,8,-1.07315421961931,-0.575213392146941,-0.570588001878083,0.230346208586347,-0.491698910658024,0.292689659660456,1.18162263560304,-0.42821883418191,-0.916082409334532,0.219919779149126,15562.0000000001,6.62581068745907,0.252859573112673,16275.0000000001,7.967273375448,14.5930840628071,0.0615669186656323,-0.347441197580912,1.10643975098435,0.388907957645386,1.43874483297978,1.83984466317433,0.768102286547922,2.43868320107568,0.64229776468302,3.04013314522503,3.02408656938725,0.28834228525625,140.0000000001,40.367919921975,0.28834228525625,140.0000000001,40.367919921975,0.459289589962838,0.673603786588139,1e-10,-1.05342933856293,-1.46042783133599,-0.716147909178598,-0.844185362674741,0,7.10548156812327e-15,-2.79370977148293e-15,-2.92015875875632e-15,0,-0.804159094818145,0.72205007414103,-0.213897565665519,-0.772287821958469,-0.772287821958469,2.73998082320946,-0.09631426364085,-0.862599600949538,-0.418063288804696,0.935066052672757,-1.36935764747261,0.674822782833605,0.477820302078464,-0.0823106354352604,16275.0000000001,0.0279537036357111,0.0336132149299212,0.719443703128442,0.354783250285437,18362.5183550713,5.82076609134674e-11,26,1,"SNETWORK (1 318 18362.5183550713 0.719443703128442 26 26)",409104.296746723,4456306.63372638
318,27,0.328892608228525,48,-1,1,0,0,0,0.279979569103222,-0.07661302717133,0.403318505909007,-0.444686277484011,-0.551717150408872,-0.215324805601594,-0.331445660235046,-0.551717150408872,-0.551717150408872,-0.71822364205604,-0.121689460468259,-0.104900202588339,-0.0858402848397587,-0.152325727035536,0,0,0,0,0.328892608228525,8,-1.11724840163116,0.184820818780298,0.185815909768779,1.28917102195296,0.19878709082166,0.337335359467742,0.384673838405151,-0.440933387867932,-0.056110015704119,0.117093260509685,9325.0000000001,2.11392736602064,0.133742292019903,12186.0000000001,3.15528982340898,5.26921718932962,0.0138881891792048,0.497432679973212,-0.281645190600541,0.40578107677134,1.07510381683877,1.19236980356752,0,0.974429670373825,0.0252478422972433,0.748746244497795,0.737256099505428,0.0536159940236111,180.0000000001,9.65087890635,0.0536159940236111,180.0000000001,9.65087890635,0.0707250700288916,0.0453001199990337,1e-10,-0.194930843563103,0.0902634575563289,-0.184006495753726,0.422960260883156,0,0,-2.79370977148293e-15,-2.92015875875632e-15,0,0.0882526918289437,-0.148197049905539,-0.0357699587880276,0.0961356233388058,0.0961356233388058,-1.21173970207467,-0.0483496644252813,-0.0818835992761948,-0.0442503731166234,-0.00880404565279158,0,-0.0220162477669582,-0.421229258967146,0,12186.0000000001,0.00557172382600224,0.00831646525320255,0.738817427388347,2.4830122794956,18385.4780885527,5.82076609134674e-11,27,1,"SNETWORK (1 318 18385.4780885527 0.738817427388347 27 27)",409121.981735664,4456295.31358004
318,28,0.364060785814193,49,-1,1,0,0,0,0.274457636135927,-0.00303089877484964,0.402936577380256,-0.458500156975903,-0.582203298762279,-0.192539508726074,-0.344718908569364,-0.582203298762279,-0.582203298762279,-0.721687053808128,-0.131227881754921,-0.114074783636001,-0.0878203071055021,-0.166196960099324,0,0,0,0,0.364060785814193,8,-1.47297298996179,-0.38890181773677,-0.387191993791527,0.93954392252598,-0.351100918603294,0.357620574730663,0.401546957531105,-0.448940806453888,-0.645130613588521,0.0973116589672201,15561.0000000001,2.93164716647856,0.141079612912974,16475.0000000001,4.49986001830997,7.43150718468853,0.0279360427800648,0.320307150830435,0.551234979677863,1.23381528052816,0.352585949319641,-1.45680995323415,0.31384136096258,-1.6367536311926,0.309948020262535,-1.51854339495169,-1.52386265561156,0.247635323760714,210.0000000001,52.00341796885,0.247635323760714,210.0000000001,52.00341796885,0.66005712273674,0.548929241258708,1e-10,-0.192226104979855,0.199228066087326,0.109452811265856,0.460177436573975,8.88178419700125e-16,7.10548156812327e-15,-5.58741954296585e-15,0,0,0.123408738871398,-0.280935394338902,0.323831761811149,0.135115949557719,0.135115949557719,0.283244221551991,0.186254517571343,0.172994280562871,0.242122068132711,0.0858526465434065,0.23841589968122,-0.0417653896257381,-0.413337018457689,-0.0823106354352604,16475.0000000001,0.0110204590170732,0.0169155836629917,0.761379767044618,0.135571668000465,18412.2166390903,5.82076609134674e-11,28,1,"SNETWORK (1 318 18412.2166390903 0.761379767044618 28 28)",409142.761070592,4456301.4577591
318,29,0.402167301612359,50,-1,1,0,0,0,0.300793952947334,0.0175202892686785,0.625966101586735,-0.471957754080492,-0.611877117512471,-0.15922884422185,-0.372716958710712,-0.611877117512471,-0.611877117512471,-0.737188875230348,-0.14245245271346,-0.125118183821633,-0.091405425464201,-0.181776254201354,0,0,0,0,0.402167301612359,8,-1.86434698177011,-0.760017631234735,-0.750966738738437,0.937430452662383,-0.616074687108951,0.391657461137647,1.22958116128793,-0.461115890723947,-1.01636666517803,0.261311480265848,11916.0000000001,6.02834787627454,0.091681596552604,4709.0000000001,0.835834280541368,6.86418215671591,0.0324728259639315,0.612446339314125,0.37662389890902,2.57739909573961,0.367883205670544,-3.57716093155287,0.928127959822424,-5.11989057856406,0.743996781036027,-3.55342825651834,-3.54919789870594,0.174655581580705,149.0000000001,26.023681640725,0.174655581580705,149.0000000001,26.023681640725,0.211783439590446,0.32541179263878,1e-10,0.501027073542145,0.269393961178574,0.444430686752168,0.468426727278025,0,0,-2.79370977148293e-15,-2.92015875875632e-15,0,0.0166233285397709,-0.446681427341587,0.49465375208506,0.0179223340786732,0.0179223340786732,0.594989360522234,0.373072643080098,0.167491050746451,0.261109668977268,0.371856933553907,0.0840681537576876,-0.38339746554866,-0.23034378791846,1.157804462591,11916.0000000001,0.0285186911366476,0.00395413472728383,0.780693216201341,0.950669754296541,18435.1049407557,5.82076609134674e-11,29,1,"SNETWORK (1 318 18435.1049407557 0.780693216201341 29 29)",409163.223812173,4456303.31357945
318,30,0.42532532590035,51,-1,1,0,0,0,0.341498077722661,0.1966913638692,0.896270507038565,-0.505511794358039,-0.670675435340971,-0.0598859624956017,-0.469207774083454,-0.670675435340971,-0.670675435340971,-0.798879127560808,-0.175645277265555,-0.158121250497472,-0.113279611829978,-0.221370786751127,0,0,0,0,0.42532532590035,8,-0.966217021596116,-1.27904994763284,-1.24803080492309,0.243006642528605,-0.898274381631408,0.41383892297778,2.57316497649937,-0.478943063057981,-1.0036379475628,0.318780462648044,27839.0000000001,17.1812457212705,0.122262512453854,7067.0000000001,1.67277576836603,18.8540214895365,0.123072695056251,-0.240086004103257,0.664615921758258,2.09462739375671,1.11858326222979,-1.50664489317908,1.9210249391119,-2.89193615932219,1.28713243884496,-1.26910979349193,-1.26934483904794,0.103006029985913,126.0000000001,12.978759765725,0.103006029985913,126.0000000001,12.978759765725,0.0133033398364608,0.105968362327285,1e-10,-0.372616483811605,0,-0.436698296189091,0.166773955129581,0,1.42109631362465e-14,-5.58741954296585e-15,-5.84031751751264e-15,0,0.171686117374545,-0.382448546300262,-0.0185166032824423,0.189290551275586,0.189290551275586,0.472103872105183,0.257385810023572,-0.0318961781952887,0.149331502137732,0.184399469331153,-0.0436975855638248,-0.222617668887188,-0.313876123127936,-0.0823106354352604,27839.0000000001,0.112153378778885,0.0109193161773662,0.799599984622606,0.691196471452713,18457.511286491,5.82076609134674e-11,30,1,"SNETWORK (1 318 18457.511286491 0.799599984622606 30 30)",409184.387517313,4456306.31357923
318,31,0.444668416921702,52,-1,1,0,0,0,0.353668236638022,0.231967053398234,1.03856405388169,-0.516034471202859,-0.693150515149447,-0.0297286204041466,-0.48067011545062,-0.693150515149447,-0.693150515149447,-0.817006552940774,-0.182667229517628,-0.166289017337398,-0.116924981275497,-0.230320194694497,0,0,0,0,0.444668416921702,8,-1.5504343206812,-0.99728823206572,-0.980066708236524,0.25563142959618,-0.75631815754774,0.440426494724152,2.09039327451647,-0.512231499372382,-0.803316813151128,0.263218322963661,26137.0000000001,13.3192931338284,0.0796830271442393,6195.0000000001,0.955688711710035,14.2749818454385,0.0782341476904418,-0.012981678180565,-0.175813995910524,1.581678414183,2.33668324106537,1.57539662010057,1.47281494381809,2.74358506216686,1.05636622673322,2.48583012624845,2.47013436049601,0.00865365687521008,119.0000000001,1.02978515635,0.00865365687521008,119.0000000001,1.02978515635,0.21947983024862,0.183007743829917,1e-10,0.361527317122604,0.639248949885016,0.303223511206005,0.859809741792433,0,0,0,-2.92015875875632e-15,0,-0.0681389117102251,-0.0345118053308723,0.0755557473381824,-0.0725755635504325,-0.0725755635504325,-0.466033875669467,0.253008631111357,-0.517564716081234,-0.403797544245748,-0.0666022610522768,-0.461412051285564,0.159371206314611,-0.0638057552843025,0.954820176623945,26137.0000000001,0.0729964882697727,0.00523765932066905,0.818684401583442,0.16481155809015,18480.1281628948,5.82076609134674e-11,31,1,"SNETWORK (1 318 18480.1281628948 0.818684401583442 31 31)",409204.104898993,4456303.31357945
318,32,0.470173731681406,53,-1,1,0,0,0,0.391044267568775,0.32845803629603,1.1026198934568,-0.544335991928969,-0.743805976855115,0.00381581776797972,-0.503335169106801,-0.743805976855115,-0.743805976855115,-0.858881425208693,-0.19444029703018,-0.179885452901724,-0.124197739484908,-0.244652308841805,0,0,0,0,0.470173731681406,8,-0.865112436534076,-0.633813756472199,-0.627957567178209,-0.0449782685331448,-0.532683246599775,0.471440178827797,1.57744429494276,-0.532421054116187,-0.512555881653332,0.133694780519435,30100.0000000001,7.79094735011626,0.0815886137789105,7662.0000000001,1.21026653023256,9.00121388024882,0.0393793089754675,-0.293629935747386,0.0480663898732547,0.877482329381397,1.89899993965165,1.95163179069567,0.968187638621541,2.68140846871249,0.7668827340787,1.21549469120511,1.20321953058317,0.146923463836007,134.0000000001,19.687744140725,0.146923463836007,134.0000000001,19.687744140725,0.102458464023432,0.240475726574956,1e-10,0.264983499221551,0.160881028714958,1.17868688718414,0.18533353466477,-8.88178419700125e-16,0,-2.79370977148293e-15,-2.92015875875632e-15,0,0.16582155876091,-0.498297144061127,0.459137156398179,0.182669455566651,0.182669455566651,-0.184434848934819,0.0833547152959537,0.421126297737326,0.377504390138972,-0.170274703488384,0.650916547040042,-0.382153146850787,-0.360427699357699,-0.0823106354352604,30100.0000000001,0.0340845275108297,0.00529478136463772,0.837530552471776,2.10908987636008,18502.4626710018,5.82076609134674e-11,32,1,"SNETWORK (1 318 18502.4626710018 0.837530552471776 32 32)",409225.319816357,4456300.61064829
318,33,0.498020353039646,54,-1,1,0,0,0,0.414777219996663,0.424060289997936,1.4173401445412,-0.570259945040796,-0.795393760172895,0.0923606507005235,-0.571808285162205,-0.795393760172895,-0.795393760172895,-0.871852817290734,-0.229439231848515,-0.211280135850908,-0.129025066736946,-0.296898915427906,0,0,0,0,0.498020353039646,8,-0.701074261431637,-0.988052753834859,-0.971205380407517,-0.524876927054722,-0.751234626976145,0.489756948576011,0.873248210141162,-0.56554729701141,0.109257199120854,0.15403247203959,21917.0000000001,6.53585959986,0.110211136450461,2291.0000000001,0.488832296156691,7.02469189591669,0.0382789782553969,-0.158306778379955,-0.228597825651171,0.939002984529043,1.43395776357859,0.991262207882417,0.946872220373938,1.75090393579718,0.752834229122781,0.141671688704566,0.143700879486472,0.212112898779124,97.0000000001,20.574951171975,0.212112898779124,97.0000000001,20.574951171975,0.117766993663172,0.44013354585746,1e-10,1.45252664886993,0.943001233940615,1.18671120306644,0.847764293869723,0,7.10548156812327e-15,-2.79370977148293e-15,-2.92015875875632e-15,0,-0.615918840211011,0.82991478490183,-0.0118532855270172,-0.607162671531109,-0.607162671531109,0.291537392980497,0.658561577387247,-2.35759468386246,-2.19916715091117,-0.681182581250996,-2.2182157758021,1.20022309095751,0.65619652328717,1.92129729065507,21917.0000000001,0.035615231323518,0.00266374683187883,0.856478997057514,1.90080078318715,18524.9184070151,5.82076609134674e-11,33,1,"SNETWORK (1 318 18524.9184070151 0.856478997057514 33 33)",409241.924580878,4456289.31358048
318,34,0.533787320989595,55,-1,1,0,0,0,0.340600949848596,0.13727438315028,1.07228693114386,-0.694013397628782,-0.943421986598354,-0.331836923117543,-0.711318143622226,-0.943421986598354,-0.943421986598354,-1.32294666345928,-0.0807601914494192,-0.088303522935207,-0.0660999483103263,-0.099328906129169,0,0,0,0,0.533787320989595,8,-0.370067066322803,-0.875691831829337,-0.86302531378338,-0.679623454629072,-0.687010868104285,0.52269229382966,0.934768865288808,-0.692608211218143,0.498868599342415,0.156685229665057,17087.0000000001,5.18326244684295,0.105918109170304,8769.0000000001,1.79816529113006,6.981427737873,0.0354827284250754,-0.358294791946379,-0.0951956962385744,0.796811028447668,0.795529980896547,0.0402761070487903,0.888306754902895,0.145530880133718,0.712770210100247,1.04464852777779,1.03473063455525,0.308083811213911,124.0000000001,38.202392578225,0.308083811213911,124.0000000001,38.202392578225,0.421923971387029,0.734066805257575,1e-10,0.874660400304797,1.27219136010509,0.585077943094257,1.68326856289091,8.88178419700125e-16,-7.10548156812327e-15,-8.38112931444878e-15,0,0,-0.700216677323049,0.773295975349282,0.345524140761938,-0.682214154466534,-0.682214154466534,0.543394378518409,0.646449238611583,-2.45570335915995,-2.23948991638338,-0.738925759191214,-2.29895081662062,1.2057505584598,0.850592953440692,2.25105595665936,17087.0000000001,0.0263436506318424,0.00913907769323305,0.874616700812031,2.15174332819879,18546.413336879,5.82076609134674e-11,34,1,"SNETWORK (1 318 18546.413336879 0.874616700812031 34 34)",409261.762656614,4456291.31358033
318,35,0.555184877423802,56,-1,1,0,0,0,0.307746532792184,0.041978250181329,0.744028091447222,-0.749836850887002,-1.00771216765425,-0.5073826491186,-0.820069711259348,-1.00771216765425,-1.00771216765425,-1.5639079662214,-0.00831296449642192,-0.0311310573780492,-0.0358485890010581,-0.00284716743502966,0,0,0,0,0.555184877423802,8,-0.627419438570019,-0.210562494733902,-0.210323950536839,0.179890159794284,-0.200505433371985,0.552377754228397,0.792576909207433,-0.717159358560287,0.28558109161118,0.168020373671283,19598.0000000001,6.37504156780297,0.0833871397037384,11601.0000000001,1.87285357812467,8.24789514582764,0.0277640871995175,0.703948276739854,-0.292344708911384,0.326778001449138,0.851304922425972,0.907231054938297,0.367787754872909,0.968834405732319,0.346145575179324,0.642751853950878,0.628664019152683,0.391120031782028,217.0000000001,84.8730468751,0.391120031782028,217.0000000001,84.8730468751,1.22721413416127,0.988384559883883,1e-10,-0.219140910941198,0.0107112184218337,0.425361629931259,0.312500827843078,0,0,-2.79370977148293e-15,-5.84031751751264e-15,0,0.139399962746326,0.0081512622919865,0.290809549627338,0.152977390237612,0.152977390237612,-0.116871978560578,0.291594348014981,-0.558959681234322,-0.596296383832089,-0.502923551096022,-0.282097229712655,0,-0.300394395632762,-0.0693988550509359,19598.0000000001,0.0214596822851747,0.00630440481434278,0.892768030889754,2.18871070314657,18567.9244152512,5.82076609134674e-11,35,1,"SNETWORK (1 318 18567.9244152512 0.892768030889754 35 35)",409280.616880932,4456296.31357996
318,36,0.590357866382434,57,-1,1,0,0,0,0.314331746556406,0.0898199421150259,0.908788889212194,-0.763887076120967,-1.03469150459913,-0.492946021683392,-0.849003073521043,-1.03469150459913,-1.03469150459913,-1.60534124636086,-0.0118652298056328,-0.0336173779147938,-0.0286288880997466,-0.0125682541921456,0,0,0,0,0.590357866382434,8,-0.375453760483761,-0.779071982232388,-0.769471875966977,-0.597801636629354,-0.628110577053706,0.58246888742983,0.322543882208903,-0.761857749319493,-0.151006074146555,0.179496355121543,17059.0000000001,5.92814099964546,0.107932162222662,5145.0000000001,1.07509187020028,7.00323286974574,0.0335242342343265,0.445406024704284,0.754818910924605,0.832183845883744,0.722392965663487,-0.152866583700233,0.52169526764253,-0.150555645073079,0.46217636803269,0.417324115156555,0.403708005041533,0.293539557758451,71.0000000001,20.84130859385,0.293539557758451,71.0000000001,20.84130859385,0.122362922622158,0.689521643445033,1e-10,0.287076410510414,0.133634180013838,-0.193833519501345,0.301541510038756,0,7.10548156812327e-15,-5.58741954296585e-15,-2.92015875875632e-15,0,-0.14729675010266,0.600256455634532,0.211551500952566,-0.155122791077527,-0.155122791077527,0.600273693929761,-0.129353728421939,-1.40004544717342,-1.24816666265814,-0.45241317044151,-1.25681254561226,0.531966473120524,-0.000332007099819002,0.0318877668159223,17059.0000000001,0.028377806443,0.00514642769132649,0.917491694261861,2.39410357799821,18597.2243430344,5.82076609134674e-11,36,1,"SNETWORK (1 318 18597.2243430344 0.917491694261861 36 36)",409303.849776997,4456297.54647764
318,37,0.619971525717741,58,-1,1,0,0,0,0.318250022588448,0.136597284245814,0.942627942610257,-0.792781224976454,-1.07815168852315,-0.548699986039562,-0.895208251177766,-1.07815168852315,-1.07815168852315,-1.64745025630277,0.00131882238472036,-0.0242714593636406,-0.0144840231235153,0,0,0,0,0,0.619971525717741,8,0.739062900530478,0.377858225092688,0.380970905446299,-0.464427476584975,0.432087149406038,0.624337077961731,0.827949726643509,-0.788302328533348,-0.640502166970429,0.131090600978347,23044.0000000001,5.84842254070851,0.108437150262281,10803.0000000001,2.26794121285407,8.11636375346258,0.0189852885865494,0.512059433747263,0.49994688727661,0.220733565303276,0.296258612334121,0.0731582244785184,0.0535274867864889,0.0538871776996103,0.0691606491494727,1.31826906640794,1.28969231179337,0.473959712758898,236.0000000001,111.8544921876,0.473959712758898,236.0000000001,111.8544921876,1.69277204876377,1.2421003662616,1e-10,-1.88162056199826,-2.20220917818784,3.81613511660061,-0.901366139761104,0,7.10548156812327e-15,-2.79370977148293e-15,-2.92015875875632e-15,0,0.0820456585732125,-0.584299851833392,1.26048878205807,0.0892941870417193,0.0892941870417193,-0.944691561261101,0.404369954492362,-0.662786232986174,-0.890239037692832,-0.859668054288387,-0.214410398625014,-0.0568588543188189,-0.385694196301931,-0.0823106354352604,23044.0000000001,0.0136802627997901,0.00530502568675931,0.935759243246857,0.354962159037408,18618.8731520309,5.82076609134674e-11,37,1,"SNETWORK (1 318 18618.8731520309 0.935759243246857 37 37)",409322.267954124,4456305.22406407
318,38,0.645168530171595,59,-1,1,0,0,0,0.317553926016056,0.145022013798153,0.951675322090296,-0.795141154848792,-1.08093660210507,-0.543000665191217,-0.903910706417398,-1.08093660210507,-1.08093660210507,-1.65593132500582,0.00325971301515563,-0.0222174315323617,-0.0105138538434204,0.00077332173996492,0,0,0,0,0.645168530171595,8,1.26554705377406,1.49914889798367,1.53117032375241,0.192044066123012,2.50420613793486,0.678917657954548,0.216499446063041,-0.793372635854618,0.874184718635879,0.183516798618184,30191.0000000001,10.7266137856448,0.20296527877825,21690.0000000001,8.52296339084973,19.2495771763945,0.0225202207755953,0.0382513455531315,0.565654094172466,-0.122328978748677,0.754462143397262,1.4559962545956,-0.511561723272029,0.489340744435922,-0.685932431137002,0.678980656118052,0.658093823314679,0.0420595995636194,536.0000000001,22.5439453126,0.0420595995636194,536.0000000001,22.5439453126,0.626238499746143,0.338328896071761,1e-10,0,0.109665684992172,-0.720462117566005,-0.155597411301581,2.66453525910038e-15,2.13164447043698e-14,0.616621022505465,0.610980087963772,0.569191291876682,0.262628473820283,-0.46229815932729,1.94655452444886,0.293405315928065,0.293405315928065,-0.011179525128975,0.79053968855293,-0.249795252116316,-0.396374216441602,-0.224883028818621,-0.0774446010189211,-0.364606966290626,-0.371955417560205,-0.0823106354352604,30191.0000000001,0.0125491436689755,0.00997107700661979,0.953558605777393,1.11800054051174,18639.9671148828,5.82076609134674e-11,38,1,"SNETWORK (1 318 18639.9671148828 0.953558605777393 38 38)",409343.214999269,4456307.59196297
318,39,0.680063006818148,60,-1,1,0,0,0,0.339916995719199,0.271114174873815,1.19305539915536,-11.9286694440231,-1.11346619969585,-0.483455408285522,-1.04179901543508,-1.11346619969585,-1.11346619969585,-1.76737162196188,-0.00327586813041356,-0.0248213730976813,-8.33675207435465e-05,-0.0155069893558991,0,0,0,0,0.680063006818148,8,-0.0591236556732381,1.34750989864027,1.37430047159342,-0.143100193353523,2.13358619891981,0.704564818409007,-0.126563097988912,-0.7979951483012,0.401819646727676,0.114627155444625,23074.0000000001,5.12058671004884,0.201702099214327,21502.0000000001,8.39650589152965,13.5170926014785,0.0173663733889551,1.36861774820122,0.098572117017677,-0.137440315833873,0.200118182565267,0.467146935871574,-0.54847487879575,0.154264044762674,-0.761544560703682,-0.0019121013264497,0.129481589381738,0.0253572979670635,315.0000000001,7.987548828225,0.0253572979670635,315.0000000001,7.987548828225,0.375071614025117,0.287174209477577,1e-10,2.41773366844999,1.26243834804321,3.33212203378014,0.750436438870743,0,7.10548156812327e-15,0.616090614337884,0.610454534740701,0.568701682052974,-1.39828945808977,0.607766664901688,0.608476551908755,-1.23856974268644,-1.23856974268644,0,-0.986532713636091,-2.99678918910681,-2.74637195886144,-1.11055661120107,-2.71668177193453,1.44176618563193,0.900846068139171,2.31082984023816,23074.0000000001,0.00657878309233194,0.0107875901966231,0.987528569779107,3.25886416567937,18680.2248014993,5.82076609134674e-11,39,1,"SNETWORK (1 318 18680.2248014993 0.987528569779107 39 39)",409361.102982312,4456321.71406344
319,40,-1.09541176196361,3,0.0788384832778411,-0.644864271764473,-0.878333050271735,-0.854104746942937,-0.790128323400452,-0.781522508503212,-7.49509996696326,-0.102779781604271,2.63040111752733,-0.0185612576121118,-0.047801682558596,2.26967079809227,-0.0185612576121118,-0.0185612576121118,0.302311318138478,1.00438002834065,0.999534080861847,0.988831537010682,0.99970592447486,-1,1,-1,-2.19285846267553,-1.09541176196361,8,-0.820540044311938,-0.458512194275477,-0.455885215853652,0.0999110115817743,-0.405531120619068,-1.11241557358855,0.275206302782159,2.63624599805368,-0.574556190541234,0.133961906910798,5050.0000000001,1.30973073894233,0.199321286559721,4690.0000000001,1.80982192792197,3.1195526667643,0.012243364737643,-0.633839296717491,0.539397887143904,-0.017330835074029,0.605181342329011,1.04856083878574,0.297693794533166,1.31104603723368,0.375398046537599,1.54556777829289,1.69613999703185,0.413969210592886,123.0000000001,50.918212890725,0.413969210592886,123.0000000001,50.918212890725,0.641332187610531,1.05836548881436,1e-10,0.449254832993617,0.243864510205145,0.38073187817752,-0.444770283479961,-1.09999990463257,2.30001678479605,1.00304584487546,1.00310785311719,1.00223378764249,-2.58227556419904,0.0884701413440613,-0.72414911185697,-1.96092451498656,-1.96092451498656,-0.341504419303474,-1.24642846784346,1.30805060643278,0.911633882957975,0.745858828569737,1.17664063500864,-0.184890397147234,0.243102512214756,1.45891086546449,5050.0000000001,0.00514032386249875,0.0071030407751442,0.540871603411624,2.05700391045351,17254.7781368253,1.16415321826935e-10,40,1,"SNETWORK (1 319 17254.7781368253 0.540871603411624 40 40)",408400.459006292,4456714.47148859
319,41,-1.06492561132491,4,0.0788384832778411,-0.644864271764473,-0.878333050271735,-0.854104746942937,-0.790128323400452,-0.793598904774777,-7.34570917085751,-0.0866665122206448,2.59803938860531,0,-0.0250706627410282,2.31572988647846,0,0,0.348554368160189,0.964537158575658,0.969838951945531,0.969016583811332,0.948463258841342,-1,1,-1,-2.19285846267553,-1.06492561132491,8,-0.303290708412695,0,0,0.0861957336359707,0,-1.07666465182624,-0.0215649543142639,2.62400744679351,-0.149815993686095,0.29966168493144,17390.0000000001,10.0888141214867,0.135051275620872,13451.0000000001,3.51692077057484,13.6057348919615,0.0402044264746242,0.580985083778721,-0.563977623776052,0.0649674397967338,0.2533421200059,0.260627930163602,-0.0709421953828757,0.25593671050395,0.0290094970183276,0.304729414400937,0.329410049753419,0.314652622867857,175.0000000001,55.064208984475,0.314652622867857,175.0000000001,55.064208984475,0.712870286218694,0.754185320032994,1e-10,-0.0427751523436599,-0.282402125093418,-0.176563154085878,-0.64040615968232,-1.09999990463257,2.30001678479606,0.996954155124534,0.996892146882808,0.997766212357507,-1.57589762433459,-0.0231834235014452,-0.98164243664956,-1.36319469637042,-1.36319469637042,0.125154639013497,-1.13117301597265,2.11372878307564,1.77913852171976,1.18727008715032,1.85662747478575,-0.265347830021406,0.040100601353054,-0.0823106353255172,17390.0000000001,0.029812059971357,0.0103923664032673,0.594890192674142,2.78242651357536,17284.7953643372,1.16415321826935e-10,41,1,"SNETWORK (1 319 17284.7953643372 0.594890192674142 41 41)",408418.492003498,4456705.43849073
319,42,-1.03501912693075,5,0.0788384832778411,-0.644864271764473,-0.878333050271735,-0.854104746942937,-0.790128323400452,-0.797332142690452,-7.24022731516953,-0.0654208417814681,2.57929046891701,0.00150235981066563,-0.00883626451049288,2.35588902014191,0.00150235981066563,0.00150235981066563,0.372887935962878,0.932148250522347,0.942818447520239,0.949368232301655,0.908840641121864,-1,1,-1,-2.19285846267553,-1.03501912693075,8,0.188990998224575,-0.224193671884563,-0.223885431364463,-0.559228116602301,-0.21260983752008,-1.03964060366294,0.0607333205564989,2.58714370336939,-0.27834201387682,0.235912132077061,13999.0000000001,6.39376412560867,0.112962547923212,7337.0000000001,1.60458349190392,7.99834761741259,0.0271521812726905,-0.0617402375044955,0.633601285652621,-0.255369379138614,-0.0157122239773001,0.291028463594805,0.0714790714047598,0.33580595718637,0.173211527127648,0.0245233073567977,0.0204998231077171,0.260326831471753,154.0000000001,40.09033203135,0.260326831471753,154.0000000001,40.09033203135,0.454499882147653,0.587799937947585,1e-10,-0.0183014993253854,0.0620011003310109,-0.119688486714554,-0.420353548599025,-1.02152721155017,2.06459731764465,0.943519592889774,0.942369747484003,0.958577918244649,-2.40580725527618,0.142315252098517,-0.375053418214622,-1.86820489212889,-1.86820489212889,-0.086850560795747,-0.496579246734936,0.871126068527565,0.667015965873208,0.71790064383722,0.698371474837889,-0.186116160907005,0.167989716513293,1.45437821119218,13999.0000000001,0.0217050633727758,0.00544711779991464,0.64014484460404,1.40202817094114,17309.942618301,1.16415321826935e-10,42,1,"SNETWORK (1 319 17309.942618301 0.64014484460404 42 42)",408426.616943765,4456685.31355134
319,43,-1.0007174567753,6,0.0788384832778411,-0.644864271764473,-0.878333050271735,-0.854104746942937,-0.790128323400452,-0.795878336173895,-7.16686635249415,-0.0560641022013094,2.56004769245422,0.00932915110701203,0,2.36291430343017,0.00932915110701203,0.00932915110701203,0.386958744764229,0.910694769814692,0.925178342809684,0.934928181315597,0.883414758463197,-1,1,-1,-2.19285846267553,-1.0007174567753,8,0.290135238268074,-0.148188337617994,-0.148182280959064,-0.571495389310127,-0.143800441893844,-1.01637267096754,-0.259603498378849,2.56087894729419,-0.281735531780222,0.232530505479807,22416.0000000001,10.0913059880074,0.140139339430847,10015.0000000001,2.71719208569182,12.8084980735992,0.0414832774747536,0.645694244968828,0,-0.115550775975577,0.0588998141727012,0.196610094119219,-0.109979359263908,0.2234279513517,-0.0155783291347084,0.290861168070742,0.312508142730157,0.147110160839943,174.0000000001,25.59716796885,0.147110160839943,174.0000000001,25.59716796885,0.204424055638705,0.241047529608757,1e-10,-1.11504522974154,-2.30140974535314,-1.41392512609939,-1.04264517718491,0,-1,0.568101045371796,0.559308314332053,0.683250268119644,-1.18246398237647,0.623017062621557,1.44308582444301,-1.07831476301197,-1.07831476301197,3.23000902781739,-1.18927573753926,0.844874282738206,1.30456178092152,2.26707917379443,-0.133648556125262,0.0736096785710108,0.223256951535077,-0.0823106354352604,22416.0000000001,0.0326830236431858,0.00880025373156785,0.682536523085414,4.39937663205587,17333.498965754,1.16415321826935e-10,43,1,"SNETWORK (1 319 17333.498965754 0.682536523085414 43 43)",408438.616942882,4456667.31355267
319,44,-0.975806707257019,7,0.0788384832778411,-0.644864271764473,-0.878333050271735,-0.854104746942937,-0.790128323400452,-0.798568584758779,-7.14913467523368,-0.0502561513924772,2.55546187954833,0.0100874225507219,-0.00755494342074616,2.34159362101617,0.0100874225507219,0.0100874225507219,0.39119901949287,0.906834624220088,0.920557215569904,0.928365518265998,0.881140803793164,-1,1,-1,-2.19285846267553,-0.975806707257019,8,0.315305080253765,0.153470666933872,0.154222860773714,-0.32433557568102,0.163452004441818,-0.980719118288683,-0.119784895215812,2.55722254347489,1.06252933364471,0.495182840518699,34643.0000000001,33.2116461447534,0.134149886438926,10922.0000000001,2.83662419464193,36.0482703392954,0.0968735268009242,-1.69974348942259,0.697391844956705,-0.338750855873558,-0.231519189054124,0.0480390191339852,-0.176212587496606,0.0513157640264932,-0.0926139777230005,0.297233849900275,0.318804352740909,0.577211360441495,194.0000000001,111.97900390635,0.577211360441495,194.0000000001,111.97900390635,1.69492046651728,1.55833257216461,1e-10,-0.389606095328182,-0.39009539313483,-0.386304873411892,-0.542861078659662,-0.531248000849962,0.593751095527401,1.4140348530673,1.42246390126269,1.30364840500965,-1.10021254790469,-0.0578129610805875,-1.13010452386729,-1.01457824695138,-1.01457824695138,0.251685553352215,-0.667866605587524,1.4660943487691,1.18502546152736,0.785375816721989,1.33441079417109,-0.354828766896075,0.0369842220312024,-0.0823106354352604,34643.0000000001,0.0892505870407192,0.00762293966020504,0.723832951380663,0.0914686260760216,17356.4467009779,1.16415321826935e-10,44,1,"SNETWORK (1 319 17356.4467009779 0.723832951380663 44 44)",408456.772374118,4456657.15812084
319,45,-0.947074454348817,8,0.0788384832778411,-0.644864271764473,-0.878333050271735,-0.854104746942937,-0.790128323400452,-0.785378553433865,-7.10548396377767,-0.045251565436338,2.54346821502524,0.00911683693766117,0.00550418537806311,2.36655256231393,0.00911683693766117,0.00911683693766117,0.401307656681588,0.88977148659636,0.906217014409555,0.918776187826868,0.859821589619404,-1,1,-1,-2.19285846267553,-0.947074454348817,8,0.257990305489779,0.450788423772832,0.454964606390728,0.0264524591366825,0.527715709915922,-0.954618291057141,-0.342984975113792,2.54284727021424,0.654928043968196,0.157758335199559,16661.0000000001,5.08865139869235,0.102025594509437,7677.0000000001,1.51638680217249,6.60503820076485,0.0147688987867439,0.531630916923535,-1.61475039484426,0.0154604959951335,-0.10475892622161,-0.325050499663077,-0.367684157838658,-0.224675356971039,-0.351590810762949,-0.706085683302664,-0.783776995451984,0.19690330175207,157.0000000001,30.913818359475,0.19690330175207,157.0000000001,30.913818359475,0.296161493713723,0.393550614478518,1e-10,0.147779861907614,-0.435996843532133,-0.336922016367738,-0.545139302810428,-0.424902382583094,0.274712820849314,1.34429468872374,1.35130394531933,1.25250176962098,-0.928355352940985,-0.153510038404803,-0.458511692576626,-0.876444723605495,-0.876444723605495,0.812154224803944,-0.476131317773933,0.534221455058238,0.538660235938803,0.369933409916605,0.498654356307052,-0.297407596154787,-0.576408040663885,-0.0823106354352604,16661.0000000001,0.0113782501591593,0.00339064852758458,0.750995712532842,5.58543400422597,17371.5405935154,1.16415321826935e-10,45,1,"SNETWORK (1 319 17371.5405935154 0.750995712532842 45 45)",408464.616940969,4456645.31355428
319,46,-0.916314016520892,9,0.0788384832778411,-0.644864271764473,-0.878333050271735,-0.854104746942937,-0.790128323400452,-0.776884199625322,-6.9551650139711,0.00227156932299405,2.51961846036623,0.00010022623831167,0.038010958999904,2.37724788542851,0.00010022623831167,0.00010022623831167,0.420585411822316,0.866849592467123,0.885005669650118,0.904919505238818,0.831769247523167,-1,1,-1,-2.19285846267553,-0.916314016520892,8,0.176035935542911,-0.680640154062711,-0.673686899822775,-0.898406603256174,-0.56438459277964,-0.934454536586613,0.0112263767548985,2.5364335782689,-0.319062626994278,0.190419655025085,11121.0000000001,4.09982138228357,0.107695289773567,3583.0000000001,0.747055450236429,4.84687683242,0.0218287879613669,0.903673980300803,0.584947743406414,-0.00713338166424256,-0.307113263570517,-0.618068685218411,0.296992903389724,-0.788489534548983,0.372392664738512,-0.648471527419824,-0.720035646566569,0.324285598128274,84.0000000001,27.239990234475,0.324285598128274,84.0000000001,27.239990234475,0.232770532233589,0.783688549127944,1e-10,-0.58269685416571,-1.53656345464592,4.19404373009446,-0.993056714535865,-8.88178419700125e-16,-1,1.00599761294911,1.00611971418824,1.00439858043923,-2.19757434200081,0.574193819771913,0.787584937315716,-1.75257447870575,-1.75257447870575,1.94892118630873,-0.888600726615277,0.193942506993681,0.48420977857283,1.28523987507355,-0.35919695523789,0.660718076575157,0.534584527295406,-0.0823106354352604,11121.0000000001,0.0184642883071456,0.00336449955422127,0.812902968108919,2.48821544816492,17405.9414210941,1.16415321826935e-10,46,1,"SNETWORK (1 319 17405.9414210941 0.812902968108919 46 46)",408485.335397976,4456631.59509676
319,47,-0.88611646581819,10,0.0788384832778411,-0.644864271764473,0,0,0,-0.782265796215907,-6.95552828650747,0,2.51015757558654,0.0059064930340742,0.0223866420001851,2.34745711900001,0.0059064930340742,0.0059064930340742,0.431085683259167,0.859931778609995,0.877363041205072,0.894619368754817,0.826774941750588,-1,1,-1,-2.19285846267553,-0.88611646581819,8,0.391953777443304,-0.442001952762561,-0.439610649844079,-0.866836453835729,-0.392831958929148,-0.895358769332851,-0.0113675009044775,2.51369829203278,-0.120989422341249,0.193046002990705,9770.0000000001,3.65144445883823,0.139172593791316,2596.0000000001,0.699467806883905,4.35091226562213,0.0169023999126377,0.0919330289107874,0.951709337306809,-0.347612268208519,0.0140165649743971,0.483865079872765,0.151106098818173,0.623943562767378,0.245726118596869,0.807080070762706,0.878976055957541,0.261815564485776,58.0000000001,15.185302734475,0.261815564485776,58.0000000001,15.185302734475,0.0247699930228592,0.592359529349673,1e-10,-1.4817224916495,-1.90012874093277,-1.06858459839666,-1.01562437911769,0,-1,0.72194634033237,0.726464773147983,0.662773446379347,-2.54702942920847,0.533630897102297,0.788123098369355,-1.94277931927685,-1.94277931927685,1.90751594839861,-1.2660878412242,0.961878766662588,0.953216157554409,1.20921851280129,0.546236298689352,0.547880426508365,0.586153862850694,-0.0823106354352604,9770.0000000001,0.0141851111603206,0.00271728865231705,0.865388659607971,0.746828088536859,17435.1068429305,1.16415321826935e-10,47,1,"SNETWORK (1 319 17435.1068429305 0.865388659607971 47 47)",408506.170998695,4456622.31355598
319,48,-0.847421954901883,11,0.0788384832778411,-0.644864271764473,0,0,0,-0.785631172085007,-6.93873070570223,-0.00610953379788523,2.50642542939083,0.00991670446287326,0.0183405699482056,2.33832532839035,0.00991670446287326,0.00991670446287326,0.435952941855093,0.854079144868178,0.872027064485024,0.888546120980454,0.821136654938294,-1,1,-1,-2.19285846267553,-0.847421954901883,8,0.237049986630268,0.410417592058374,0.413987963303061,0.00333389808108477,0.474248946375436,-0.860631699207497,-0.351846387448754,2.50822250116356,0.161341416623097,0.279763188122828,24805.0000000001,13.4350448712566,0.157103250960757,12489.0000000001,3.79858771163808,17.2336325827947,0.0395084117031777,-0.641943628314431,0.151491742968465,-0.0639967424993501,-0.00646716040775803,0,-0.358009501843197,0,-0.33773280874072,0.590784122690828,0.640579730073194,0.281062885022445,137.0000000001,38.505615234475,0.281062885022445,137.0000000001,38.505615234475,0.427156000504408,0.651308928876391,1e-10,-0.457622628642077,-0.516019531814221,-0.342722085649955,-0.565751933179156,-0.294762484072062,-0.115708612251492,1.10886133932015,1.11580138156149,1.01797499011709,-1.20455952563019,0.0550743001343583,-0.168976190825401,-1.09518147697382,-1.09518147697382,-0.665265114579007,-0.959706347719601,1.25484895564685,1.37252126043116,1.1589898264251,0.902656352581268,-0.032809534137268,-0.237585778350008,-0.0823106354352604,24805.0000000001,0.0308000811860073,0.0087083304171704,0.911352631154087,0.130321838892996,17460.6482539537,1.16415321826935e-10,48,1,"SNETWORK (1 319 17460.6482539537 0.911352631154087 48 48)",408523.984488225,4456613.31355664
319,49,-0.827777709948071,12,0.0788384832778411,-0.644864271764473,0,0,0,-0.77376054224377,-6.90575186462791,0.019867870594454,2.49510905415845,0.0110434370143611,0.0212880450859453,2.33411216950119,0.0110434370143611,0.0110434370143611,0.448441910071886,0.839178338728649,0.857657698834546,0.87581337758975,0.805026797136918,-1,1,-1,-2.19285846267553,-0.827777709948071,8,0.209511588172269,0.581122916796337,0.58753358685968,0.219596760707534,0.709705724269151,-0.831798654106686,-0.0682308617395851,2.49967913910554,0,0.189586848193162,27090.0000000001,9.94320819718807,0.138725977282096,9772.0000000001,2.62452414514112,12.5677323422292,0.0259261281518672,0.182949011355154,-0.571966907454692,0.385744408177621,-0.315147065448349,-1.33840313833067,-0.316740503368535,-0.853934676495464,-0.277470762835421,-0.478368248979892,-0.532968523056561,0.0373324008601351,185.0000000001,6.906494140725,0.0373324008601351,185.0000000001,6.906494140725,0.118078724866623,0.0951724145501374,1e-10,3.37131373945534,2.31884451269464,3.05603157424731,0.829210012530233,-0.324997112092076,1.69999132560394,1.49053398701767,1.49783836871202,1.3520989440703,-2.19006380009215,0.127857981273246,0.0235738580647167,-1.74827329075988,-1.74827329075988,-0.575466071153812,0.213910482998004,-0.425982047415707,-0.346995760064589,0.242765579570864,-0.518366291722682,-0.0163121036473427,0.319692738612495,1.34613940819891,27090.0000000001,0.020511965241329,0.00541416281053814,0.95264621603583,4.97627306653754,17483.5944091403,1.16415321826935e-10,49,1,"SNETWORK (1 319 17483.5944091403 0.95264621603583 49 49)",408534.616935819,4456598.31355774
328,50,0.71640365713946,61,-0.656969411478678,3.92408842869098,4.5521240234375,4.37830307904412,4.21058630305815,-1.26261626806988,2.43031532432636,-1.47729176420347,-11.9286694440231,-0.576482466384782,-3.65824247134402,-6.42785458738658,-0.576482466384782,-0.576482466384782,1.44028121524085,4.65547684638911,3.54832205416048,2.22175729490913,6.03094659564829,31.0868180741647,-4.95397561943494,-2.17884574865438,-1,0.71640365713946,8,4.07312128751172,1.27088824997643,1.29516650681478,-1.62222259011638,1.95909417303471,0.72339305137665,-0.141674435074108,-11.9152962498061,0.441753435488061,0.24655170332205,29302.0000000001,13.9866785136537,0.116656815744766,9644.0000000001,2.17809411058022,16.1647726241339,0.0217745724381189,0.0907096043044512,1.41005283077573,-0.407378838996293,-0.110904079624754,0.351158882482596,-0.534201909886089,0.117097710425005,-1.1127688324325,-0.133521972726042,0.0363633305475587,0.226976160295183,301.0000000001,68.31982421885,0.226976160295183,301.0000000001,68.31982421885,1.4160895427819,0.904678908111302,1e-10,0.668798011149083,0.280792027607616,3.58576277542726,0.239369832603507,8.88178419700125e-16,7.10548156812327e-15,0.616090614337886,0.610454534740701,0.568701682052974,0.0644985514233464,-0.336689487992897,1.98057272579318,0.0700195038902611,0.0700195038902611,-0.0727367187492824,0.914433485492527,-0.355426068549682,-0.259094806310884,-0.03172920836029,-0.296619390500816,-0.314663062460174,-0.185513610041809,0.286215997045856,29302.0000000001,0.0188405955435819,0.00293397679453698,0.0247010088149245,0.0521670878515579,18713.5136814986,2.91038304567337e-11,50,1,"SNETWORK (1 328 18713.5136814986 0.0247010088149245 50 50)",409370.616874311,4456338.33732812
328,51,0.754510759187732,62,-0.656969411478678,3.92408842869098,4.5521240234375,4.37830307904412,4.21058630305815,-1.15959364885609,2.73243312113155,-0.511919439283444,-11.9750002645661,-0.673445052319591,-3.48428827638756,-6.99164985121487,-0.673445052319591,-0.673445052319591,1.13544244890487,4.67036950472322,3.55198156409419,2.24793213476746,6.03929714664324,31.0868180741647,-4.95397561943494,-2.17884574865438,-1,0.754510759187732,8,0.220627798358343,0.611821390970525,0.618817960852277,0.243445229156003,0.75474227585625,0.752497252944735,-0.411612958236528,-11.9695005853067,-0.249852516315749,0.528914958017173,26332.0000000001,26.9636708631837,0.313191674121608,7046.0000000001,4.27230420452733,31.235975067611,0.0632258653313168,-0.0457239820347733,0.150285685920757,-0.396686266804383,-0.124604095340378,0.33353036948214,-0.439846630360675,0.199178200689058,-0.937902777270402,-0.316986383615671,-0.211389620785136,0.210787212529334,398.0000000001,83.893310546975,0.210787212529334,398.0000000001,83.893310546975,1.68480605274045,0.855096487121948,1e-10,-1.67570159995594,-2.05596683552828,-1.47850996259243,-0.84613774778999,0,7.10548156812327e-15,0.617425264846634,0.61177697229129,0.569933672886167,0.400101461138,0.51077665235384,-2.35242250137245,0.456045933554305,0.456045933554305,1.06462666184336,-1.51628971526889,0.391849655754721,0.23696490418601,0.29752598342144,0.375596346532181,0.0718465902887158,-0.154511251978145,-0.0823106354352604,26332.0000000001,0.0545781399955111,0.00864772523580563,0.0523315131222382,3.73102313688918,18734.2178507853,2.91038304567337e-11,51,1,"SNETWORK (1 328 18734.2178507853 0.0523315131222382 51 51)",409383.616873354,4456351.31357592
328,52,0.798765772227577,63,-0.656969411478678,3.92408842869098,4.5521240234375,4.37830307904412,4.21058630305815,-1.15638411710858,2.77930729752225,-0.484836625259019,-11.9777693900516,-0.680247194275573,-3.49060507441227,-6.96994327270024,-0.680247194275573,-0.680247194275573,1.18126407846161,4.67333055969543,3.5554000422738,2.25407325370394,6.04042122640436,31.0868180741647,-4.95397561943481,-2.17884574865442,-1,0.798765772227577,8,0.102960235273093,0.095951976416441,0.0963358510181674,-0.196149918580253,0.100372628368886,0.79400034348593,-0.400920386044618,-11.9710731562839,1.11964908020758,0.328857269355314,14397.0000000001,9.1661882530209,0.0841495960343804,12221.0000000001,1.99098551601411,11.157173768935,0.0310689427071755,0.0500852770934421,0.0157888910253236,-0.351353045054526,-0.36933174509947,-0.189756388778788,-0.269991812789365,-0.147532084936507,-0.681329622755541,-0.354138575125312,-0.234497751010998,0.086818942875974,231.0000000001,20.05517578135,0.086818942875974,231.0000000001,20.05517578135,0.108798402688212,0.0563916400297779,1e-10,-1.37806624928051,-1.91252526932853,-1.33428276300478,-0.79144977178022,0,0,1.23218122867577,1.22090750173311,1.13740336410595,0.614084059187379,0.700689957380748,-2.14881588666753,0.722336485411715,0.722336485411715,1.81938453939731,-1.71539816309453,0.225642744065644,0.153606194894271,0.542183710522984,0.0614296561311131,0.311626596680836,0.028125578919179,-0.0823106354352604,14397.0000000001,0.0255247236134337,0.00554421899374183,0.0872191885370119,5.02719258866638,18760.3599844857,2.91038304567337e-11,52,1,"SNETWORK (1 328 18760.3599844857 0.0872191885370119 52 52)",409400.616872104,4456364.31357496
328,53,0.841281786533806,64,-0.656969411478678,3.92408842869098,4.5521240234375,4.37830307904412,4.21058630305815,-1.15441148985931,2.81241167776525,-0.478949482656809,-11.9814027648924,-0.690655612939675,-3.50322077653472,-6.94405303649333,-0.690655612939675,-0.690655612939675,1.25552240897704,4.6704994698167,3.55373419424953,2.25445428441218,6.03574731999532,31.0868180741647,-4.95397561943481,-2.17884574865442,-1,0.841281786533806,8,-0.279441254867885,-0.144479137714457,-0.144482501678568,-0.0906707822134589,-0.140359145211296,0.830878951345679,-0.355587164294761,-11.9738233925222,-0.0259998410512021,0.245341223658166,12690.0000000001,6.02755900578459,0.116990497765086,8134.0000000001,1.84231580590609,7.86987481159068,0.0254299647171407,0.761069504241398,0.110238055778726,-0.35072055227505,-0.359637804302323,-0.170657715099308,-0.156442334372593,-0.141357584314496,-0.539024079296115,0.0280123963659539,0,0.153877504510282,124.0000000001,19.080810546975,0.153877504510282,124.0000000001,19.080810546975,0.0919859806210124,0.261774094898582,1e-10,1.69453935547344,0.846885834357042,1.32834332307018,0.616863627091794,-0.0957807806872415,2.63399407663249,1.41777018207961,1.41984286894278,1.29163114808844,-1.99888268223918,-0.0950861557570892,0.418781974699451,-1.63560233128634,-1.63560233128634,-0.39737017967873,0.943855567480632,-0.496372176218871,-0.4901658222143,-0.00880108264879838,-0.467449827273516,-0.103600759880722,0.355648498354801,1.07806416677423,12690.0000000001,0.0194768806256593,0.00595308399148141,0.119076252106956,2.54643787758217,18784.2312113658,2.91038304567337e-11,53,1,"SNETWORK (1 328 18784.2312113658 0.119076252106956 53 53)",409414.42531092,4456380.12201363
328,54,0.87469489388876,65,-0.656969411478678,3.92408842869098,7.74827473958334,7.47284342447917,7.20939719460226,-1.04133327418485,4.32920897533859,-2.97489733760699,-12.1530462144114,-0.736091081987205,-2.99124729616636,-7.75917559993968,-0.736091081987205,-0.736091081987205,-1.6271114098443,4.75318318934098,3.59665155768049,2.28323910174401,6.14919511492393,31.0868180741647,-4.95397561943481,-2.17884574865442,-1,0.87469489388876,8,-0.236745310015618,0.281363800831289,0.283287363064331,0.339223514255508,0.31199483017436,0.868646238160789,-0.354954671515285,-12.142053227649,-0.082684741966537,0.190881653408195,13459.0000000001,4.97377691928054,0.100734629343737,9086.0000000001,1.77198828532271,6.74576520450326,0.0167494440179789,-0.607982651743897,0.811129253748467,-0.508362346024177,-0.318538472925398,0.162771897751371,-0.316413243369064,0.129648908001312,-0.7530158827215,0.227186193721706,0.120175384952926,0.0910303870912791,215.0000000001,19.571533203225,0.0910303870912791,215.0000000001,19.571533203225,0.574950291610801,0.488313332274515,1e-10,-2.03323950571717,-1.31966961663757,-0.942087482002691,-0.641166450765192,0,1.42109631362465e-14,1.23218122867577,1.22090750173311,1.13740336410595,-0.0503512340160173,0.867257630771564,-1.01995030607463,-0.0537665135713426,-0.0537665135713426,-0.779873036235617,-0.363794976818848,-1.07965080644401,-1.10386090547484,-0.299988156212628,-0.974431113407084,0.673531787723287,0.0289057799177857,-0.0823106354352604,13459.0000000001,0.0123496734683225,0.00439977044965634,0.16132196683489,5.19365498155013,18815.8868923349,2.91038304567337e-11,54,1,"SNETWORK (1 328 18815.8868923349 0.16132196683489 54 54)",409432.616869749,4456397.31357253
328,55,0.901946363755469,66,-0.656969411478678,3.92408842869098,7.74827473958334,7.47284342447917,7.20939719460226,-1.04381985449387,4.35901743195203,-2.97021491876703,-12.1548770120254,-0.738420686180918,-2.99773777266138,-7.75528065834532,-0.738420686180918,-0.738420686180918,-1.63389309689774,4.75513217377216,3.59843595451566,2.28545151165817,6.15099888132182,31.0868180741647,-4.95397561943481,-2.17884574865442,-1,0.901946363755469,8,-0.570882975179078,0.255039268656481,0.256683153828341,0.685175684366686,0.280454768558653,0.902094506390539,-0.512596465264412,-12.1479944431124,0.332808527931136,0.341056267642679,32510.0000000001,21.4660593603217,0.0950593491134285,10635.0000000001,1.95722904348458,23.4232884037062,0.0591135605863287,0.554088480015405,-0.538488035991922,-0.208642975836585,-0.317965051727128,-0.333324039436423,-0.370592509265849,-0.251244005114371,-0.833379916799623,-0.526033301020381,-0.334615644848614,0.0684067456690299,201.0000000001,13.749755859475,0.0684067456690299,201.0000000001,13.749755859475,1e-10,1e-10,1e-10,0.0525638279582827,0.120353624965339,-0.3489884860097,0.458442277482403,-8.88178419700125e-16,1.42109631362465e-14,1.89316733362985,1.89078271549988,1.72396196595803,0.462083229758979,-0.315817128081295,0.400021501257963,0.531502331955192,0.531502331955192,-0.0994483412991315,0.620238926550972,-0.4138827352299,-0.623737779811715,-0.997646739727358,0.137764589367296,-0.00421322933757943,-0.152737197542502,-0.0823106354352604,32510.0000000001,0.0541740842075027,0.004939476278826,0.178972510015158,5.26414972823113,18829.112848327,2.91038304567337e-11,55,1,"SNETWORK (1 328 18829.112848327 0.178972510015158 55 55)",409442.357544623,4456404.31357202
328,56,0.938594151882417,67,-0.656969411478678,3.92408842869098,7.74827473958334,7.47284342447917,7.20939719460226,-1.02121999621941,4.51227416237048,-2.39349833096169,-12.1747265268111,-0.817673766161827,-2.92108345254992,-7.83880615521381,-0.817673766161827,-0.817673766161827,-2.19792502669377,4.75641363198962,3.6032007415373,2.32636330832845,6.12946173492358,31.0868180741647,-4.95397561943481,-2.17884574865442,-1,0.938594151882417,8,-0.62670408292986,-0.501606125248345,-0.498309770189296,-0.133497487134922,-0.43807464430681,0.932208440452712,-0.21287709507682,-12.1671367925194,0.531362516547666,0.280072502567943,35328.0000000001,19.1557360923111,0.0727620147318397,5766.0000000001,0.812248045478831,19.96798413769,0.0804884581488518,-1.5567796682019,0.607086502183219,-0.0398145766838035,-0.460883910569735,-0.907914481798894,0.0794278262830013,-1.07131376738722,-0.298435789174799,-1.09037089793752,-0.671940957199089,0.380028487669061,181.0000000001,68.7851562501,0.380028487669061,181.0000000001,68.7851562501,0.949621710072028,0.954414124152955,1e-10,0.825953915946084,0.401137218735117,0.766970090813638,0.611546887707391,0,7.10548156812327e-15,2.07987308917061,2.07999933740306,1.88964452132027,-0.382439281954539,-0.385161043578717,0.801312114721605,-0.389548587524247,-0.389548587524247,0.471337031508934,0.857529282079464,-0.843623641591445,-0.798983738973218,-0.621299566638009,-0.541819263264253,0.156961776909169,0.281667300342572,0.929469284101835,35328.0000000001,0.0772143873026384,0.00327407074621337,0.214450785060013,2.43330858471485,18855.6975318478,2.91038304567337e-11,56,1,"SNETWORK (1 328 18855.6975318478 0.214450785060013 56 56)",409464.03932061,4456414.73602442
328,57,0.975521038571551,68,-0.656969411478678,3.92408842869098,7.74827473958334,7.47284342447917,7.20939719460226,-0.907293655798697,4.92041562078535,-2.5333243773314,-12.2275727292289,-0.945907148413956,-2.65579253845889,-8.1888956982426,-0.945907148413956,-0.945907148413956,-5.81961970562168,4.81921325314087,3.64631106263653,2.41059917020757,6.17971070750986,31.0868180741647,-4.95397561943481,-2.17884574865442,-1,0.975521038571551,8,-0.520691359105803,-0.88472001881134,-0.871742435716516,-0.576232471102871,-0.692337297644332,0.964049316122966,-0.0440486959240385,-12.170680366134,1.40667901958735,0.31039628982916,20801.0000000001,12.5000012643174,0.124507594377932,5209.0000000001,1.25562374744171,13.7556250116591,0.0703046572058925,1.46769738207531,-1.47381606733653,0.0347950966167508,-0.189156792135621,-0.502747998194863,0.389708045116649,-0.704807586655424,-0.0312469209646627,-1.34587093242916,-0.820503521799111,0.495226504297761,134.0000000001,66.3603515626,0.495226504297761,134.0000000001,66.3603515626,0.907782327468315,1.30723486582414,1e-10,-1.0736725019632,-1.15863061506712,-0.728328578383062,-0.581161735371019,0,7.10548156812327e-15,1.23218122867577,1.22090750173311,1.13740336410595,0.127790502588786,1.00191624079067,-0.387278660767691,0.140002013314536,0.140002013314536,0.683202687292926,-0.32573641596252,-1.88183666195877,-1.51664663077562,-0.176761995036917,-1.94294008940544,1.41884603796209,0.5102294718631,-0.0823106354352604,20801.0000000001,0.0638871953812021,0.00641746172469038,0.242696078155318,2.63561146592275,18876.8623764448,2.91038304567337e-11,57,1,"SNETWORK (1 328 18876.8623764448 0.242696078155318 57 57)",409481.519844188,4456418.21654903
328,58,1.01978320798478,69,-0.656969411478678,3.92408842869098,7.74827473958334,7.47284342447917,7.20939719460226,-0.907689068566711,4.90054194224774,-3.05238096889735,-12.2321867625219,-0.959404396375572,-2.68525018394612,-8.18969488382091,-0.959404396375572,-0.959404396375572,-6.09045074132116,4.83049893538595,3.65356596618035,2.416004608492,6.19431879062028,31.0868180741647,-4.95397561943481,-2.17884574865442,-1,1.01978320798478,8,-0.312122671416764,-1.50732220433088,-1.46144065602759,-0.34940275058572,-0.996498456043079,1.00113905440454,0.0305609773765159,-12.2239996897169,0.457364031622246,0.176065961480397,20797.0000000001,7.08900717406013,0.123010504397518,6679.0000000001,1.59060727336876,8.67961444732888,0.0652892826806609,-0.0510476586854127,1.50772594450847,0.215848893339947,-0.0360960994519394,-0.49892325028952,0.869450242113948,-0.996413491900252,0.303093248632731,-1.28408182575382,-0.779919063717457,0.691224765033628,113.0000000001,78.1083984376,0.691224765033628,113.0000000001,78.1083984376,1.11049186138804,1.90752516372032,1e-10,0.437053110959346,0.30648129759717,-0.0558451199117288,0.602322728994641,-8.88178419700125e-16,7.10548156812327e-15,1.99713174577898,1.99614526743638,1.81621991173861,0.124793198825079,-0.382222141485938,-0.136377520438126,0.136659083275096,0.136659083275096,-0.62304049521375,-0.647669310564234,0,0,-0.492729566257207,0.343000796093974,0.211092636889031,0.000886412926745113,0.637521662548405,20797.0000000001,0.0533245106002126,0.0119647719804483,0.274801682821481,0.668798347935081,18900.9198408569,2.91038304567337e-11,58,1,"SNETWORK (1 328 18900.9198408569 0.274801682821481 58 58)",409502.223412535,4456420.31357084
328,59,1.05671725104731,70,-0.656969411478678,3.92408842869098,7.74827473958334,7.47284342447917,7.20939719460226,-0.893935274848726,5.12318508064908,-2.70117723626741,-12.2644461925406,-1.07275712787288,-2.53006726477801,-8.228394999049,-1.07275712787288,-1.07275712787288,-8.23179581039881,4.81820861031659,3.63517507941917,2.45345870328616,6.15348383196339,31.0868180741647,-4.95397561943481,-2.17884574865442,-1,1.05671725104731,8,-0.345390477448715,-1.637760137552,-1.58174832713604,-1.19876102337323,-1.04671852648221,1.04004849872268,0.211614774099712,-12.2581660860612,-0.426740170938365,0.191718407325615,11339.0000000001,4.20869921705422,0.132911227308487,1610.0000000001,0.41428276458042,4.62298198153464,0.037712229938589,-0.337931433124259,0.0105407885178488,0.00423411924023495,0.0315454130755333,-0.0450403113897622,1.09632395858845,0.0611751751625541,0.440549183499207,0.0358089469429255,0.00397952393747301,0.863607917133451,71.0000000001,61.316162109475,0.863607917133451,71.0000000001,61.316162109475,0.820746132948044,2.43548869430358,1e-10,0.356277881130755,0.242589717797082,0.0830789593150529,0.605361244228278,0,1.42109631362465e-14,1.84483884365884,1.84180429173618,1.68107529815284,0.292469241723741,-0.120814435286796,-0.022681682043104,0.328165344570828,0.328165344570828,-0.181574352274482,-1.70928026229259,-0.102761910499643,-0.0871940974535812,-0.440767002483659,0.200194630779875,0.496860293821017,0.129634298959959,0.359720488762975,11339.0000000001,0.0343326953963191,0.00337953444226992,0.307307898957511,0.2772286394611,18925.2774926127,2.91038304567337e-11,59,1,"SNETWORK (1 328 18925.2774926127 0.307307898957511 59 59)",409522.267356109,4456419.31357091
328,60,1.08691057662715,71,-0.656969411478678,3.92408842869098,7.74827473958334,7.47284342447917,7.20939719460226,-0.884710853963605,5.22974663668932,-2.68754300884543,-12.2941234571385,-1.18297011880979,-2.45287408809993,-8.29065710130119,-1.18297011880979,-1.18297011880979,-9.34852153662688,4.79917280822734,3.61120925423979,2.47731677682156,6.10978670251406,31.0868180741647,-4.95397561943481,-2.17884574865442,-1,1.08691057662715,8,-0.045834154005666,-1.49554855367215,-1.45052081004552,-1.26593600606294,-0.991763479556243,1.07593173064661,0,-12.2647454973696,-0.33690716005382,0.189039633204383,4229.0000000001,1.54774664928601,0.0846110685531076,70.0000000001,0.011466596878658,1.55921324606467,0.0116431138307452,0.959342864641283,-0.272270425383637,-0.159558121536907,0.1956897139072,0.512318329847891,0.839413975443879,1.32721196078178,0.282058656217664,1.22028861280777,0.706981433964516,1.07025146494375,60.0000000001,64.215087890725,1.07025146494375,60.0000000001,64.215087890725,0.87076635335043,3.06838266187065,1e-10,-0.521429031760536,-1.20903858941459,-0.655766343609226,-0.572483290815313,0,7.10548156812327e-15,1.23218122867577,1.22090750173311,1.13740336410595,0.186277358571656,1.0377757666616,0,0.205812572253256,0.205812572253256,1.5661020070862,-1.99935531188379,-1.28424153880836,-1.09449755796885,-0.0118555280374134,-1.35440424942205,1.35890103636406,0.862084945096396,-0.0823106354352604,4229.0000000001,0.0115574892077724,8.56245229727461e-05,0.336218284978913,2.49419827355788,18946.9407065618,2.91038304567337e-11,60,1,"SNETWORK (1 328 18946.9407065618 0.336218284978913 60 60)",409540.616861803,4456415.31357121
