"","rid","pid","elevation.min","WS_ID","ws_mi60_mean","ws_accum_precip_mean","ws_10.min.storm.accum_mean","ws_30.min.storm.accum_mean","ws_60.min.storm.accum_mean","ws_sbs_mean","ws_dnbr.BAER_mean","ws_dnbr.extended_mean","ws_flow.accum_max","ws_slope_mean","ws_aspect.northness_mean","ws_aspect.eastness_mean","ws_slope.northness_mean","ws_slope.eastness_mean","ws_bare.earth_mean","ws_ndvi.max_mean","ws_ndvi.mean_mean","ws_ndvi.min_mean","ws_ndvi.range_mean","ws_RV.Sand","ws_RV.Silt","ws_RV.Clay","ws_Kw","ch_elevation.min","ch_watershed","ch_valley_width","ch_area","ch_channel_width","ch_channel.width.over.valley.width","ch_ch_area","ch_elevation.mean","ch_slope.median","ch_flow.accumulation.max","ch_curvature.median","ch_sfm.erosion.mean","ch_sfm.resolution","ch_sfm.erosion.count","ch_sfm.erosion.sum","ch_sfm.deposition.mean","ch_sfm.deposition.count","ch_sfm.deposition.sum","ch_sfm.net.change","ch_sfm.net.change.norm","ch_distance.upstream","ch_distance.downstream","ch_slope.upstream","ch_slope.downstream","ch_central.slope.difference","ch_slope.over.width","ch_change.in.slope.over.width","ch_stream.power","ch_slope.over.width.central.diff","ch_stream.power.central.diff","ch_lidar.erosion.mean","ch_lidar.erosion.count","ch_lidar.erosion.sum","ch_lidar.deposition.mean","ch_lidar.deposition.count","ch_lidar.deposition.sum","ch_lidar.net.change","ch_lidar.net.change.norm","ch_lidar.resolution","hs_area","hs_hillslope.length","hs_flow.accumulation.max","hs_elevation.range","hs_mi60.mean","hs_accum.precip.mean","hs_storm.accum.10.min","hs_storm.accum.30.min","hs_storm.accum.60.min","hs_slope.median","hs_northness.median","hs_eastness.median","hs_curvature.median","hs_bare.earth.mean","hs_ndvi.max","hs_ndvi.mean","hs_ndvi.min","hs_ndvi.range","hs_dnbr.BAER.median","hs_extended.dnbr.median","hs_drainage_density","ch_sfm.net.change.count","ch_sfm.erosion.norm","ch_sfm.deposition.norm","ratio","snapdist","upDist","afv_flow_accum","locID","netID","netgeom","bootstrap_rep"
"1",43,7000001,0.57790506228896,41,0,0,0,0,0,0.458652725501924,0.396422902328328,-0.0327035976813748,-0.434544492804648,0.484177156354593,0.540859780063192,1.5860670945804,0.484177156354593,0.484177156354593,-0.645245378837129,0.024357822420935,0.287205604685138,-0.421810776874821,0.387675189759764,0.114285714285714,-0.313615023474178,-0.535483870967743,0,0.57790506228896,0,-0.622280632405754,-0.132082609365043,-0.132049066259282,0.927879142289499,-0.131863286699153,0.579979790037783,0.0596376714251459,-0.43479581822061,-0.371305761716526,0.0537287445448728,0.0799701818409082,2603.0000000001,0.894410782288088,0.0888426347035258,2060.0000000001,1.17042830330055,2.06483908548864,0.0250221669821755,0.121813851599384,-0.16417342320197,0.0631316475521477,0.614207373193077,0.376168179967096,0.11661374092115,0.373631518624328,-0.391381345313116,0.397458240121966,0.249778384734981,0.0145468671000731,1709.0000000001,0.99442382822542,0.0145468671000731,1709.0000000001,0.99442382822542,0.0172613681278242,0.173445962948398,1e-10,1.18270300163098,0.767415660066509,-0.0800842890736765,0.911746717812956,3.03082186006855,141195132252558,2.55493258224822e-15,2.67564635050905e-15,0,-0.166724139434334,0.645743019764773,0.612235988297859,-0.280538046677343,-0.511838758281401,-0.496050028937965,-0.443722448527756,-0.362972259524852,-0.373196549322311,-0.0809229430430473,-0.949289688183483,0.662382094016594,2603.0000000001,0.0108386634152245,0.014183503466951,0.639098816424597,0.44880538713187,3729.80749402107,0.0312500660060792,30,2,"SNETWORK (2 43 3729.80749402107 0.639098816424597 7000001 30)",7
"2",43,7000002,-0.159095471324473,22,0,0,-0.969898012391661,-1.00036116796162,-0.993921440693166,-0.0670687550183405,-0.0559349461156028,0.1635192648006,0.0795136993174578,-0.829769119335487,-0.22488495251464,0.798807843339137,-0.829769119335487,-0.829769119335487,0.0228672855252961,-0.24625263173318,-0.472484146369716,0.374074551924915,-0.295390423557245,-0.885714285714286,0.686384976525822,0.464516129032257,-0.0980392156862747,-0.159095471324473,0,0,-1.27419616576894,-1.26496580624465,0,-1.22592691908632,-0.161194725630992,-0.501980700242326,0.0872575208022189,0.61683780410789,0.871191988264161,0.0799701818409082,1048.0000000001,5.83890381969947,0.509776652464824,759.0000000001,2.47444544343421,8.31334926303368,0.108634810945476,0.0323791847591241,0.255583289803402,-0.525767468478536,-0.755096117992992,-0.245196081161582,-0.518832703797019,-0.282072304922128,-0.245350799383203,-0.233831228719973,-0.380234778660012,0.030262134793287,216.0000000001,0.26146484385011,0.030262134793287,216.0000000001,0.26146484385011,0.403099429388319,0.206227165020841,1e-10,-0.417143042300028,-0.0846901174699662,-1.17095943952715,-0.258827597385056,0,0,-0.0812646891638059,-0.0820936784625368,-0.0816829297518027,-0.395798930792292,-0.483229720558576,0.943018188990107,0.123302801169091,0.140742908130786,0.526450808987886,0.602916996645525,0.849466605324737,0.51655852770789,0.0327498596907726,0.867120680297198,-0.486457690192364,1048.0000000001,0.0762999594898859,0.0323348513555896,0.344679818222653,0.247996450652853,3300.34766956378,0.0312500660060792,15,2,"SNETWORK (2 43 3300.34766956378 0.344679818222653 7000002 15)",7
"3",43,7000003,0.436000427337363,37,0,0,0,0,0,0.517137018917301,0.463813572776369,0.36108578340068,-0.402385240896744,0.346097491072202,0.285225472944982,1.79689870054931,0.346097491072202,0.346097491072202,-0.549728384897709,0,0.20250173246725,-0.257100243204612,0.271782897115045,0.114285714285714,-0.313615023474178,-0.535483870967743,0,0.436000427337363,0,-0.515380444552402,-0.476590065851819,-0.475474991639397,0.705282019471283,-0.470501248276592,0.441862350077529,0.546664307313677,-0.404536803925752,-0.542779480282669,0.057890193618662,0.0799701818409082,2403.0000000001,0.889641304421246,0.0699491309106507,2238.0000000001,1.00114866030841,1.89078996462965,0.0234400637016995,-0.158758995704835,-0.179245003441867,-0.327398955006709,0.573615387129494,0.803896257061323,0.630957815512085,0.820095855390269,0.110527079023779,0.806501998378168,0.540996193286589,0.0538806277723981,1374.0000000001,2.96127929697625,0.0538806277723981,1374.0000000001,2.96127929697625,1.14527664684683,0.776838323394373,1e-10,0.178305668761414,0.310400453294046,0.090701990092966,0.00531201037333189,2.11092863052349,97902696520537.5,5.10986516449645e-15,0,0,-0.774273407651348,-0.0744513917331061,0.674626610242383,-0.353709815143435,-0.0408319126866548,-0.596728725117221,-0.568615891274825,-0.181655501013051,-0.540411208648009,0.903473293911393,0.5061160660585,0.687395445494993,2403.0000000001,0.01102885521247,0.0124112083892294,0.575959329470182,2.04608163051307,3637.70789056693,0.0312500660060792,26,2,"SNETWORK (2 43 3637.70789056693 0.575959329470182 7000003 26)",7
"4",43,7000004,-0.626778387908162,9,0,0,-1,-1,-1,-0.588620054547016,-0.619608499087083,-1.18105377943391,0.689158413399802,-0.354280513964161,-0.461582589882742,-0.195640899648418,-0.354280513964161,-0.354280513964161,0.425000101539898,0.403801950266343,0.0378181996882014,0.687481198997412,0.0446406586081734,0,0,0,0.901960784313725,-0.626778387908162,0,0.282115934089684,0.252722489381477,0.253241224269191,-0.172884681588507,0.25549063014542,-0.630289984409631,-0.267338020842256,0.697165777682953,0.45528186058048,0.198339716905424,0.0799701818409082,1947.0000000001,2.46962951215121,0.127258403501085,2361.0000000001,1.9214921888178,4.39112170086901,0.0518782425680369,0.640752055274144,-0.566840345695175,-0.230490226434104,-0.584482604279851,-0.432550701339283,-0.313556437966056,-0.426809171878367,0.514175143947471,-0.31332116395927,-0.728341977672903,0.032680673588779,1036.0000000001,1.35428710947557,0.032680673588779,1036.0000000001,1.35428710947557,0.223647290199636,0.264657871200424,1e-10,0.195886101382682,0.568027049922615,-0.997245707514746,1.02204549138257,0,0,-1.01413745121033,-1.01508009003588,-1.01461314436989,0.502493049346517,-0.314496907693582,-0.967604585432156,0.0995295559497112,-0.105267106930921,-0.898995934366287,-0.789170498358544,-0.72217201853672,-0.755226836950816,0.0934751687356321,-0.0973157603797187,0.324317220617014,2361.0000000001,0.0291770639401716,0.0227011785278653,0.137901586166547,1.89281497604967,2998.72670154631,0.0312500660060792,7,2,"SNETWORK (2 43 2998.72670154631 0.137901586166547 7000004 7)",7
"5",43,7000005,0.399088270060897,36,0,0,0,0,0,0.518408317186867,0.454077562208211,0.441266751624197,-0.400681011448272,0.340194267432555,0.273286302695183,1.79757022490795,0.340194267432555,0.340194267432555,-0.553745400529621,0.0732908049583201,0.261077220048393,-0.239101306206791,0.320247241205246,0.114285714285714,-0.313615023474178,-0.535483870967743,0,0.399088270060897,0,-0.214723569730714,-0.512594480268495,-0.511282850669762,0.263853552664222,-0.505455118698028,0.407379934004807,0.393462711517701,-0.402782163430766,-0.596031913293737,0.0547491681507831,0.0799701818409082,2694.0000000001,0.94325970358233,0.0969910439733316,2976.0000000001,1.84595337049512,2.78921307397745,0.0346600807571389,-0.350150466803498,-0.286077540614579,0.388207685143883,1.6670067448405,1.01359844222141,0.495373324684921,1.03837005286874,0,0.917044101447677,1.26609771460684,0.0399993821758375,1612.0000000001,2.57916015635109,0.0399993821758375,1612.0000000001,2.57916015635109,0.926126721616222,0.441474266232625,1e-10,-0.980445364934197,-0.890732275528327,0.0911738909055508,-0.714878167378032,0,0,2.55493258224822e-15,2.67564635050905e-15,0,-1.06229502109083,0,0,2.83364523724172,-4.87223509114085,0.76995304770867,0.769205274263322,0.437481962092948,0.913957294880181,0.700510231991653,1.75729877921913,0,2976.0000000001,0.011721391136991,0.0229386895201479,0.56162199864155,0.153733679292671,3616.79447255228,0.0312500660060792,25,2,"SNETWORK (2 43 3616.79447255228 0.56162199864155 7000005 25)",7
"6",43,7000006,0.399088270060897,36,0,0,0,0,0,0.518408317186867,0.454077562208211,0.441266751624197,-0.400681011448272,0.340194267432555,0.273286302695183,1.79757022490795,0.340194267432555,0.340194267432555,-0.553745400529621,0.0732908049583201,0.261077220048393,-0.239101306206791,0.320247241205246,0.114285714285714,-0.313615023474178,-0.535483870967743,0,0.399088270060897,0,-0.214723569730714,-0.512594480268495,-0.511282850669762,0.263853552664222,-0.505455118698028,0.407379934004807,0.393462711517701,-0.402782163430766,-0.596031913293737,0.0547491681507831,0.0799701818409082,2694.0000000001,0.94325970358233,0.0969910439733316,2976.0000000001,1.84595337049512,2.78921307397745,0.0346600807571389,-0.350150466803498,-0.286077540614579,0.388207685143883,1.6670067448405,1.01359844222141,0.495373324684921,1.03837005286874,0,0.917044101447677,1.26609771460684,0.0399993821758375,1612.0000000001,2.57916015635109,0.0399993821758375,1612.0000000001,2.57916015635109,0.926126721616222,0.441474266232625,1e-10,-0.980445364934197,-0.890732275528327,0.0911738909055508,-0.714878167378032,0,0,2.55493258224822e-15,2.67564635050905e-15,0,-1.06229502109083,0,0,2.83364523724172,-4.87223509114085,0.76995304770867,0.769205274263322,0.437481962092948,0.913957294880181,0.700510231991653,1.75729877921913,0,2976.0000000001,0.011721391136991,0.0229386895201479,0.56162199864155,0.153733679292671,3616.79447255228,0.0312500660060792,25,2,"SNETWORK (2 43 3616.79447255228 0.56162199864155 7000006 25)",7
"7",43,7000007,-0.844021513522127,3,0,0,-1,-1,-1,-0.552014743076961,-0.600161093932845,-0.842349650306078,0.809406938356898,0.111371806672609,-0.792009456176447,-0.166411385394865,0.111371806672609,0.111371806672609,0.497461148443438,-0.50470618244634,-0.606718256103522,0.570823911103181,-0.618420334657256,0,0,0,0.901960784313725,-0.844021513522127,0,0.714308578199987,0.469360676673101,0.470928528271149,-0.40802449756423,0.477878683208958,-0.841058892606943,-0.15085648932755,0.811807979517815,0.412088292742732,0.929358087700671,0.0799701818409082,834.0000000001,4.95684454966494,2.85213699309181,569.0000000001,10.3786009507412,15.3354455003062,0.178607026853159,0.441901367373034,-0.325386578082195,-0.539131538906561,-0.496603911169815,0.0190875647229535,-0.18579257152189,0.0183285960334702,0.721032128461745,0.0472490426001758,-0.105316946635273,0.944010416766667,45.0000000001,1.69921875010072,0.944010416766667,45.0000000001,1.69921875010072,0.421469736698917,22.2819356405697,1e-10,-0.492651017181002,-0.313428681182353,0.157067105185751,0.22909071262629,0,-0.5,-1.18062841590142,-1.19267212556963,-1.18670615230433,1.79554728245741,0.230874219586753,-0.157766284835275,-2.28069777449403,0.341512819839332,-0.321588854274886,-0.0451048984299499,-0.334944789706852,-0.174037828072084,-1.79690352839229,-0.499531421758288,-0.486457690192364,834.0000000001,0.0577307823932139,0.120876244359945,0.0421632373127617,0.277573740317675,2859.07615336947,0.0312500660060792,2,2,"SNETWORK (2 43 2859.07615336947 0.0421632373127617 7000007 2)",7
"8",43,7000008,0.364373313986708,35,0,0,0,0,0,0.33925043858867,0.345090630441946,-0.228309706477857,-0.159802976108472,0.483134230097728,0.895205158280256,-0.0056385266819028,0.483134230097728,0.483134230097728,-0.0108826704872852,-1.48659950850332,-1.47551964531024,-0.960716693099386,-0.513462354194287,-0.885714285714286,0.686384976525822,0.464516129032257,-0.0980392156862747,0.364373313986708,0,-0.622540905933528,-0.612467045126877,-0.610526917238442,0.893159699790062,-0.601985100816093,0.370689551333831,1.2855749194562,-0.159771282270109,-0.23879058100622,0.0496368884775045,0.0799701818409082,2354.0000000001,0.747252150090883,0.0793199914426553,4268.0000000001,2.16502659174034,2.91227874173122,0.0364287854217643,-0.464222469135876,0.1616417109219,0.235628523614694,1.19199006275772,0.731195061450468,1.21294893701154,0.750739807866824,0.971902684183635,0.658137638497949,0.980355485738659,0.0285756075653769,1751.0000000001,2.00143554697585,0.0285756075653769,1751.0000000001,2.00143554697585,0.594794706315101,0.165481497801624,1e-10,1.38521063705516,0.892606745326724,-0.328464574961542,1.28813009887082,2.27714995508138,-16658418911206.5,5.10986516449645e-15,5.3512927010181e-15,2.71923922029255e-15,0.135724395665176,1.16675233224604,-1.3883479720889,-0.273358697670591,-0.0486662464877268,-0.517693143648399,-0.504933421117527,-0.907721768877228,-0.254605990590217,0.252888171787455,-0.480941269377829,0.747149914347014,4268.0000000001,0.00934714378953897,0.0270816415322253,0.54712440445575,1.95035598995513,3595.64728336914,0.0312500660060792,24,2,"SNETWORK (2 43 3595.64728336914 0.54712440445575 7000008 24)",7
"9",43,7000009,0,26,0,0,0,0,0,0,0,0.0220384246108195,0,-0.620174252994857,0,0.669951543694926,-0.620174252994857,-0.620174252994857,-0.00632152155233716,-1.09597893482936,-1.21005504963069,0,-0.760652827508136,-0.885714285714286,0.686384976525822,0.464516129032257,-0.0980392156862747,0,0,0.517612037822364,0.283925819234336,0.284561401920829,-0.317877733813474,0.287328784658131,0,-0.0326439449996316,0,0.131034727454775,0.172202967964216,0.0799701818409082,1319.0000000001,1.45258512892145,0.27638379046674,1055.0000000001,1.86475248326297,3.31733761208442,0.0391115726083418,0.87836957193583,-0.1055259277467,0.0652887628779613,-0.35966418365453,-0.560721152563189,-0.0280843951844474,-0.551290328665339,0.134335428428273,-0.361949539872055,-0.439574670928024,0.0217260681999373,399.0000000001,0.346748046975147,0.0217260681999373,399.0000000001,0.346748046975147,0.354188486173851,1e-10,1e-10,0.201567946641882,0.411268796346638,0.286309052915205,0.145166135393592,0,-1,2.55493258224822e-15,2.67564635050905e-15,0,-0.00861057937434202,0.660635996718875,-0.153490905022849,-0.158061721615857,0.0239303681446816,0.296336616707257,0.371505782837837,-0.135721626632034,0.504901676508218,-0.773550880609077,0.0641082389218476,0.316780133266107,1319.0000000001,0.0171260496324503,0.0219855228758916,0.405952224203849,1.38920100442304,3389.72382014327,0.0312500660060792,18,2,"SNETWORK (2 43 3389.72382014327 0.405952224203849 7000009 18)",7
"10",43,7000010,0.262240489561733,32,0,0,0,0,0,0.273389653346837,0.303703379330799,-0.0715624088051881,-0.110196632701136,0.173849896012164,0.583802069749502,0.320503419715356,0.173849896012164,0.173849896012164,0.0257801524882156,-1.70999224778719,-1.68765368171847,-0.664421136515423,-0.866476455602258,-0.885714285714286,0.686384976525822,0.464516129032257,-0.0980392156862747,0.262240489561733,0,0.757591997363566,-0.165439227666243,-0.165363944972191,-0.438006867073419,-0.164985260987591,0.256242518713909,-0.3640594665921,-0.111747386387881,-0.438920592030013,0.0691205072879117,0.0799701818409082,2952.0000000001,1.3049066230773,0.0722326687547962,4218.0000000001,1.94848201594016,3.25338863891746,0.0395121665317777,-0.435786034824897,-0.38681960099632,0.940647223226497,-0.849562986376803,-2.10420788725231,-0.408053894426865,-2.13003988522628,-0.373803000235461,-1.77198666100486,-1.84566302009283,0.0683783362754442,1970.0000000001,5.38821289072728,0.0683783362754442,1970.0000000001,5.38821289072728,2.53715226642465,1.12709582077159,1e-10,0.580761835833677,0.478600757683188,0.168629263569751,0.15792101139986,2.18040487496596,101124933206651,0,0,0,-1.01663117474832,-0.058824440018188,0.65707988408071,-0.344914013400902,-1.01071942761501,-0.61981924770371,-0.565121780427659,0.093605134384676,-0.640625670042094,0.455900468011486,0.610917356356622,0.579184026202331,4218.0000000001,0.015847995240971,0.0236641711908067,0.502085196288196,0.0627331109717488,3529.94999293795,0.0312500660060792,22,2,"SNETWORK (2 43 3529.94999293795 0.502085196288196 7000010 22)",7
"11",43,7000011,-0.883287227142606,2,0,0,-1,-1,-1,-0.576707160382081,-0.636011761682012,-0.855573549443121,0.81103973303807,0.117316261481751,-0.803775712987052,-0.155779946705839,0.117316261481751,0.117316261481751,0.498775086771346,-0.485723924211076,-0.567346204527594,0.598198777569122,-0.61915192252954,0,0,0,0.901960784313725,-0.883287227142606,0,0.173729587369458,0.487410463836612,0.489090737065002,-0.0822321687243014,0.496549717410899,-0.885341704278974,-0.479743112225918,0.815627906976744,0.590304728292269,0.486893050750607,0.0799701818409082,67.0000000001,0.208624133014386,0.688534699394759,87.0000000001,0.383090383716046,0.591714516630432,0.00688330818791857,-0.506195268175931,-1.58574922401724,-0.306479192938133,-0.226243283993989,0,-0.633797703073694,0,0.269772239864877,0.31283913970107,0.403911481664092,24.108154296975,1.0000000001,0.964326171975408,24.108154296975,1.0000000001,0.964326171975408,1e-10,581.916243549503,1e-10,-1.08355539264047,-1.16873084351831,0.317549275608153,-0.547932357231617,1.50307378711852e-15,0,-1.18062841590142,-1.19267212556963,-1.18670615230433,1.25423659267136,-1.74649485789146,1.51667509503285,-1.09021669699588,0.341512819839332,0.110169987495352,0.92819482474551,2.06844533404426,-0.299071760385637,-2.77275783614226,-1.52232860286005,-0.486457690192364,87.0000000001,0.00242688685389171,0.00445642123402687,0.0273581145349168,0.175291803665459,2837.48038180557,0.0312500660060792,1,2,"SNETWORK (2 43 2837.48038180557 0.0273581145349168 7000011 1)",7
"12",43,7000012,-0.747953622752877,6,0,0,-1,-1,-1,-0.512009030672915,-0.529887697431762,-0.809409387363614,0.782081439036379,-0.0769730248039597,-0.68535424787464,-0.154348112963423,-0.0769730248039597,-0.0769730248039597,0.486793638185265,-0.396583682561617,-0.56619083200445,0.594952397137222,-0.545500085521292,0,0,0,0.901960784313725,-0.747953622752877,0,-0.36973941792118,0.238519631104393,0.238989011021645,0.516439627461511,0.24102026010498,-0.744995219655818,0.744920908502648,0.790711329208449,-0.623183793211202,0.0908837733231688,0.0799701818409082,1507.0000000001,0.875902503648775,0.109692199364862,1672.0000000001,1.17291943651095,2.04882194005973,0.0242281921394257,-0.690698075000059,-0.0315829460367829,-0.165194952055914,0.0239244086388537,0.0767648649643093,0.71992979787457,0.0733540884808377,1.50463459931041,0.110351692627304,0.0870977030322081,0.0253314217311525,833.0000000001,0.844042968850357,0.0253314217311525,833.0000000001,0.844042968850357,1.03712146255568,1.13688577640063,1e-10,0.752677676859348,0.683664130361308,-0.748565823294003,1.40904857096548,0,-0.5,-1.07507310329538,-1.08007873131613,-1.07759914290272,0.794722449413236,0.403421670029555,-0.408124746665714,-0.158555089890896,0.320779267016655,-0.989067779943734,-0.854121363762912,-0.685313276542953,-0.871638768859456,0.727262054528946,1.00662517279736,0.361356325690955,1672.0000000001,0.0103579201539645,0.0138702718854612,0.0897642092158787,0.334645788997405,2928.51020878829,0.0312500660060792,5,2,"SNETWORK (2 43 2928.51020878829 0.0897642092158787 7000012 5)",7
"13",43,7000013,-0.124043117312856,23,0,0,0,0,0,-0.0738326727337971,-0.05205109649206,0.0952688511896443,0.0733567027072076,-0.814313445104298,-0.184856177232194,0.759306977505893,-0.814313445104298,-0.814313445104298,0.0148246890951448,-0.383756546907076,-0.598923906959414,0.322422466273723,-0.375859506079423,-0.885714285714286,0.686384976525822,0.464516129032257,-0.0980392156862747,-0.124043117312856,0,0.163796724757003,-0.848094526369231,-0.844184054757587,-0.122350383517704,-0.827250466110452,-0.122584744735243,-0.371039333534036,0.077217836569234,0.56390813188979,0.113044958286076,0.0799701818409082,1220.0000000001,0.881997175328965,0.297975955522202,856.0000000001,1.63121479445655,2.51321196968551,0.0319299679077551,0.0961947781060983,0.179007787643124,-0.458682194745768,-0.523858763571918,-0.102171412236492,-0.356836272762565,-0.119651085474618,-0.0915378045068772,-0.0343626010455791,-0.11905298283907,0.00036200171637931,464.0000000001,0.00671875010000284,0.00036200171637931,464.0000000001,0.00671875010000284,0.549199379542058,0.516145324635901,1e-10,0.0648812945829917,0.228406591588373,-1.20418764471766,0,0,-0.5,0,2.67564635050905e-15,-2.71923922029255e-15,-0.299471925573976,-0.440876972885921,0.723910630309295,0.072081749749168,-0.521963830609846,0.45703011679298,0.549262608971015,0.793308909940525,0.449225030732445,0.0598170100679631,0.564586557604494,-0.486457690192364,1220.0000000001,0.0112056371497532,0.0207243306580019,0.359149849535279,0.451325670677634,3321.45465364213,0.0312500660060792,16,2,"SNETWORK (2 43 3321.45465364213 0.359149849535279 7000013 16)",7
"14",43,7000014,0.868795574269156,47,-0.383334159851074,-4.01664225260419,0,0,0,1.29951516231247,1.40934382356106,1.85306377737114,-0.665693793169135,1.27947414184579,1.75014226062892,-0.955575420869024,1.27947414184579,1.27947414184579,-1.56032133568662,0.401443988223625,0.938394364404339,-1.52179257142105,1.33418869712375,0.114285714285714,-0.313615023474178,-0.535483870967743,0,0.868795574269156,0,-0.769503136521787,0.738275039270057,0.74191343607341,1.3197988163972,0.758337012339769,0.888017237209476,1.01322898422771,-0.668791124386601,0,0.0593693261457082,0.0799701818409082,3861.0000000001,1.46594638391321,0.0987238791363114,3262.0000000001,2.05950254966546,3.52544893347867,0.040337819034092,0.411070977181094,-2.73331640174253,0.943614296830777,1.23654219553237,-0.075858767809063,0.869570048911337,-0.0700631798144975,-0.305212019793604,-0.48165910413662,0.172848991472568,0.0236686176936867,1481.0000000001,1.40212890635059,0.0236686176936867,1481.0000000001,1.40212890635059,0.251085136393118,0.0469310391720769,1e-10,1.04220846578694,0.657108853885274,-0.0131460817650776,1.13357177589281,3.08305154204614,62350108650664,5.10986516449645e-15,2.67564635050905e-15,2.71923922029255e-15,0.321286503270371,1.25723794283857,-0.277921806497921,0.0589328224143609,-0.00508277351946529,-0.464602370794663,-0.320737959615918,-0.645997842472436,-0.261030597009592,0.0699069240214467,-0.372570974837777,0.71303494811087,3861.0000000001,0.0167732056015553,0.0235646133325367,0.737490253498677,1.50194687041078,3873.32801936758,0.0312500660060792,34,2,"SNETWORK (2 43 3873.32801936758 0.737490253498677 7000014 34)",7
"15",43,7000015,0.290721813011482,33,0,0,0,0,0,0.325065038690432,0.313368445880293,-0.214416362041806,-0.154965821865502,0.475671083221988,0.869093934082412,0,0.475671083221988,0.475671083221988,-0.00454452844646837,-1.38083635851079,-1.40209776384724,-0.932099358023306,-0.445065073100676,-0.885714285714286,0.686384976525822,0.464516129032257,-0.0980392156862747,0.290721813011482,0,-0.585630623794065,-0.299193099846888,-0.298815148631081,0.844738914823806,-0.297076918361277,0.303909671995163,1.10135747751345,-0.112747599743973,-0.368683166891521,0.066789462235571,0.0799701818409082,2876.0000000001,1.22843729717067,0.0666072370988054,3013.0000000001,1.2834433862317,2.51188068330237,0.0307771439146517,0,-0.259445796071907,0.738118584608459,-0.354819618522586,-1.3674081907682,1.0496034417258,-1.39958167265799,0.907707734951196,-1.20129819330086,-1.19136645097055,0.0302522213492128,1588.0000000001,1.92162109385081,0.0302522213492128,1588.0000000001,1.92162109385081,0.54902015703171,0.205987661094336,1e-10,-0.972544269825105,-0.977205349524658,0.252201399996964,-0.71186990112918,1.50307378711852e-15,0.5,5.10986516449645e-15,2.67564635050905e-15,2.71923922029255e-15,0.0370606993141305,0.0749507528985282,0.172478462153308,3.1444378238644,0.341512819839332,0.3099343927231,0.226870773600305,0,0.485071645823469,-0.908683971028883,-0.205867794301837,0.842079723231625,3013.0000000001,0.0150515872875878,0.015725556527064,0.51881465911278,2.81982969245897,3554.352739404,0.0312500660060792,23,2,"SNETWORK (2 43 3554.352739404 0.51881465911278 7000015 23)",7
"16",43,7000016,-0.654757729060762,8,0,0,-1,-1,-1,-0.584862386177567,-0.617314772924159,-1.04526824148852,0.707176983037644,-0.32203361577201,-0.526334680857556,-0.185544245327116,-0.32203361577201,-0.32203361577201,0.427748955811354,0.342436540766264,0,0.679359594150998,0,0,0,0,0.901960784313725,-0.654757729060762,0,0.272628588243817,-0.157390378391904,-0.157326397984546,-0.179460963896072,-0.156999624645984,-0.65979024516281,-0.551444479159408,0.709577981651376,0.628079926547502,2.03965728835838,0.0799701818409082,1834.0000000001,23.9228379767422,0.130819120486506,1143.0000000001,0.956254784483318,24.8790927611256,0.301994273303156,-0.764011056055063,-0.0420710080026261,-0.422487478098674,0.0803537169149512,0.440658298166315,-0.692835075466622,0.439118479603434,0.129351253026399,0.379398923671633,0.553399233845867,0.021136763316944,571.0000000001,0.482763671975204,0.021136763316944,571.0000000001,0.482763671975204,0.276181888545189,0.0142373158431102,1e-10,0,0.436464215841935,0.303521855449375,0.746745907396402,0,0,-0.985862548789661,-0.984919909964117,-0.985386855630115,0.695369543326827,-0.676767364940299,-0.230778178779707,-0.23178612305989,0.341512819839332,-0.649099201894152,-0.516357189365837,-0.582399061844919,-0.496329594329021,0.901129489200037,0.757346840746411,-0.150740407085733,1834.0000000001,0.29038679734458,0.0116074758585761,0.122035508427723,0.960565903396462,2975.58334801901,0.0312500660060792,6,2,"SNETWORK (2 43 2975.58334801901 0.122035508427723 7000016 6)",7
"17",43,7000017,0.436000427337363,37,0,0,0,0,0,0.517137018917301,0.463813572776369,0.36108578340068,-0.402385240896744,0.346097491072202,0.285225472944982,1.79689870054931,0.346097491072202,0.346097491072202,-0.549728384897709,0,0.20250173246725,-0.257100243204612,0.271782897115045,0.114285714285714,-0.313615023474178,-0.535483870967743,0,0.436000427337363,0,-0.515380444552402,-0.476590065851819,-0.475474991639397,0.705282019471283,-0.470501248276592,0.441862350077529,0.546664307313677,-0.404536803925752,-0.542779480282669,0.057890193618662,0.0799701818409082,2403.0000000001,0.889641304421246,0.0699491309106507,2238.0000000001,1.00114866030841,1.89078996462965,0.0234400637016995,-0.158758995704835,-0.179245003441867,-0.327398955006709,0.573615387129494,0.803896257061323,0.630957815512085,0.820095855390269,0.110527079023779,0.806501998378168,0.540996193286589,0.0538806277723981,1374.0000000001,2.96127929697625,0.0538806277723981,1374.0000000001,2.96127929697625,1.14527664684683,0.776838323394373,1e-10,0.178305668761414,0.310400453294046,0.090701990092966,0.00531201037333189,2.11092863052349,97902696520537.5,5.10986516449645e-15,0,0,-0.774273407651348,-0.0744513917331061,0.674626610242383,-0.353709815143435,-0.0408319126866548,-0.596728725117221,-0.568615891274825,-0.181655501013051,-0.540411208648009,0.903473293911393,0.5061160660585,0.687395445494993,2403.0000000001,0.01102885521247,0.0124112083892294,0.575959329470182,2.04608163051307,3637.70789056693,0.0312500660060792,26,2,"SNETWORK (2 43 3637.70789056693 0.575959329470182 7000017 26)",7
"18",43,7000018,-0.799357432902793,4,0,0,-1,-1,-1,-0.536620225074931,-0.572111787457289,-0.850145141253195,0.804947367883949,0.0657675802084441,-0.785162764731965,-0.172041699873501,0.0657675802084441,0.0657675802084441,0.493484365031699,-0.51668328815133,-0.635351351451025,0.559182829298039,-0.621255718624339,0,0,0,0.901960784313725,-0.799357432902793,0,-0.0927488025746763,0.640707098109361,0.643496422046109,0.179331381398547,0.656011694243527,-0.806683523412521,-0.384457921599297,0.808332835502454,-0.0922666288614953,4.16188291149957,0.0799701818409082,264.0000000001,7.02667635577015,1.24595942285392,225.0000000001,1.79284433385284,8.81952068952299,0.101563585257457,-0.196684663746074,0.562540055882554,-0.211049298417503,-0.0935135959113752,0.0188841464635759,-0.507706611941508,0.0193600031100567,0.398039765635069,0,-0.191293213867865,3.24853515635,10.0000000001,1.29941406260055,3.24853515635,10.0000000001,1.29941406260055,0.19217693752334,77.9581183808116,1e-10,-0.262297922536521,-0.28922227903045,0.316142229681935,0.160043222216219,0,0,-1.18062841590142,-1.19267212556963,-1.18670615230433,1.7956379472371,0.758251428599748,-1.17432359177091,-1.35713323488542,-2.04758746074589,-0.577920745651025,-0.409073398178258,-0.957983144674735,-0.312615043569611,0.0695895777685293,-0.559010230966422,-0.43143863880955,264.0000000001,0.0809175994426618,0.0206459857147956,0.0585142699490337,0.0992754762992263,2882.92689550416,0.0312500660060792,3,2,"SNETWORK (2 43 2882.92689550416 0.0585142699490337 7000018 3)",7
"19",43,7000019,-0.480660393347704,13,0,0,-1,-1,-1,-0.65911742074806,-0.832893410485259,-1.48826407693376,0.522484093008067,-0.65801779241862,-0.520415208505745,-0.0358230421142722,-0.65801779241862,-0.65801779241862,0.477617019699128,1.00574830823332,0.494215147855894,0.764447120010627,0.484146271009131,0,0,0,0.901960784313725,-0.480660393347704,0,0.777007492353387,1.27576133374273,1.28605214332909,-0.418255221616718,1.33385369084348,-0.476273578526095,0.156872960525292,0.527450394708769,0.731176972842671,0.0637482767512804,0.0799701818409082,1471.0000000001,0.599704472154144,0.13257464240669,3245.0000000001,2.75125808113136,3.3509625531855,0.0370061287180567,-0.710211235115014,0.69906783236988,-0.787943800567941,0.70832180973971,1.47795821347077,0.0795587013869063,1.36328509547144,0.752958726071634,1.33297627889976,2.04518650540514,0.00473737792810333,1442.0000000001,0.273251953225115,0.00473737792810333,1442.0000000001,0.273251953225115,0.396339380326156,0.410438390213796,1e-10,0.271228696287728,0.613749146402977,0.118686994253898,0.667964773893781,0,0,-1.07962252044572,-1.08493148866378,-1.08230163761889,-0.415022913142298,-0.0426753148447747,-0.695122198890975,0.150746975158446,0.285946147269643,0.0194105626844426,0.0844424146362433,-0.0947945937333154,0.16616012713463,-0.361750885525076,0.596800694401852,0.469862556038245,3245.0000000001,0.00662279583077549,0.0303833327872812,0.205225155607654,1.99818268883973,3096.92949583129,0.0312500660060792,11,2,"SNETWORK (2 43 3096.92949583129 0.205225155607654 7000019 11)",7
"20",43,7000020,0,26,0,0,0,0,0,0,0,0.0220384246108195,0,-0.620174252994857,0,0.669951543694926,-0.620174252994857,-0.620174252994857,-0.00632152155233716,-1.09597893482936,-1.21005504963069,0,-0.760652827508136,-0.885714285714286,0.686384976525822,0.464516129032257,-0.0980392156862747,0,0,0.517612037822364,0.283925819234336,0.284561401920829,-0.317877733813474,0.287328784658131,0,-0.0326439449996316,0,0.131034727454775,0.172202967964216,0.0799701818409082,1319.0000000001,1.45258512892145,0.27638379046674,1055.0000000001,1.86475248326297,3.31733761208442,0.0391115726083418,0.87836957193583,-0.1055259277467,0.0652887628779613,-0.35966418365453,-0.560721152563189,-0.0280843951844474,-0.551290328665339,0.134335428428273,-0.361949539872055,-0.439574670928024,0.0217260681999373,399.0000000001,0.346748046975147,0.0217260681999373,399.0000000001,0.346748046975147,0.354188486173851,1e-10,1e-10,0.201567946641882,0.411268796346638,0.286309052915205,0.145166135393592,0,-1,2.55493258224822e-15,2.67564635050905e-15,0,-0.00861057937434202,0.660635996718875,-0.153490905022849,-0.158061721615857,0.0239303681446816,0.296336616707257,0.371505782837837,-0.135721626632034,0.504901676508218,-0.773550880609077,0.0641082389218476,0.316780133266107,1319.0000000001,0.0171260496324503,0.0219855228758916,0.405952224203849,1.38920100442304,3389.72382014327,0.0312500660060792,18,2,"SNETWORK (2 43 3389.72382014327 0.405952224203849 7000020 18)",7
"21",43,7000021,-0.626778387908162,9,0,0,-1,-1,-1,-0.588620054547016,-0.619608499087083,-1.18105377943391,0.689158413399802,-0.354280513964161,-0.461582589882742,-0.195640899648418,-0.354280513964161,-0.354280513964161,0.425000101539898,0.403801950266343,0.0378181996882014,0.687481198997412,0.0446406586081734,0,0,0,0.901960784313725,-0.626778387908162,0,0.282115934089684,0.252722489381477,0.253241224269191,-0.172884681588507,0.25549063014542,-0.630289984409631,-0.267338020842256,0.697165777682953,0.45528186058048,0.198339716905424,0.0799701818409082,1947.0000000001,2.46962951215121,0.127258403501085,2361.0000000001,1.9214921888178,4.39112170086901,0.0518782425680369,0.640752055274144,-0.566840345695175,-0.230490226434104,-0.584482604279851,-0.432550701339283,-0.313556437966056,-0.426809171878367,0.514175143947471,-0.31332116395927,-0.728341977672903,0.032680673588779,1036.0000000001,1.35428710947557,0.032680673588779,1036.0000000001,1.35428710947557,0.223647290199636,0.264657871200424,1e-10,0.195886101382682,0.568027049922615,-0.997245707514746,1.02204549138257,0,0,-1.01413745121033,-1.01508009003588,-1.01461314436989,0.502493049346517,-0.314496907693582,-0.967604585432156,0.0995295559497112,-0.105267106930921,-0.898995934366287,-0.789170498358544,-0.72217201853672,-0.755226836950816,0.0934751687356321,-0.0973157603797187,0.324317220617014,2361.0000000001,0.0291770639401716,0.0227011785278653,0.137901586166547,1.89281497604967,2998.72670154631,0.0312500660060792,7,2,"SNETWORK (2 43 2998.72670154631 0.137901586166547 7000021 7)",7
"22",43,7000022,0.473920663817122,38,0,0,0,0,0,0.441665908183667,0.412946488279351,0.145011774719728,-0.421696439657181,0.470571850145948,0.44218002857142,1.64940251415021,0.470571850145948,0.470571850145948,-0.607570424655799,0.199811839875993,0.404665763509023,-0.354572103050557,0.489587413349522,0.114285714285714,-0.313615023474178,-0.535483870967743,0,0.473920663817122,0,-0.789562221593192,0.742188211875119,0.745862977637125,1.36937329588748,0.762454585443111,0.479587194084373,-0.171861591862242,-0.408472797098357,-0.0705713731060375,0.100398713030114,0.0799701818409082,2056.0000000001,1.32010179542131,0.064590623123369,2677.0000000001,1.10579344424863,2.42589523956994,0.0277496768658009,-0.923627083680818,0,0.185515173770085,0.76138246322179,0.375453071288396,-0.237032497565507,0.359150160661336,-0.671059087908249,0.471564411378026,0.325964584706401,0.0458890423389152,1793.0000000001,3.29116210947639,0.0458890423389152,1793.0000000001,3.29116210947639,1.3344684093322,0.583765555141386,1e-10,-0.884833590927261,-0.878170958084841,-0.0761273320382858,-0.6438856772381,-1.50307378711852e-15,0,0,0,0,-0.135263656439525,0.232155713986625,-0.0367848499352637,1.74084019001526,-0.795010529711535,0.507971590579382,0.542455881577113,0.390724001146497,0.616125088069506,0.421836700745598,1.5881136721414,-0.486457690192364,2677.0000000001,0.015100568863033,0.0126491079027679,0.592320689464565,0.448552068360128,3661.5736968973,0.0312500660060792,27,2,"SNETWORK (2 43 3661.5736968973 0.592320689464565 7000022 27)",7
"23",43,7000023,0.290721813011482,33,0,0,0,0,0,0.325065038690432,0.313368445880293,-0.214416362041806,-0.154965821865502,0.475671083221988,0.869093934082412,0,0.475671083221988,0.475671083221988,-0.00454452844646837,-1.38083635851079,-1.40209776384724,-0.932099358023306,-0.445065073100676,-0.885714285714286,0.686384976525822,0.464516129032257,-0.0980392156862747,0.290721813011482,0,-0.585630623794065,-0.299193099846888,-0.298815148631081,0.844738914823806,-0.297076918361277,0.303909671995163,1.10135747751345,-0.112747599743973,-0.368683166891521,0.066789462235571,0.0799701818409082,2876.0000000001,1.22843729717067,0.0666072370988054,3013.0000000001,1.2834433862317,2.51188068330237,0.0307771439146517,0,-0.259445796071907,0.738118584608459,-0.354819618522586,-1.3674081907682,1.0496034417258,-1.39958167265799,0.907707734951196,-1.20129819330086,-1.19136645097055,0.0302522213492128,1588.0000000001,1.92162109385081,0.0302522213492128,1588.0000000001,1.92162109385081,0.54902015703171,0.205987661094336,1e-10,-0.972544269825105,-0.977205349524658,0.252201399996964,-0.71186990112918,1.50307378711852e-15,0.5,5.10986516449645e-15,2.67564635050905e-15,2.71923922029255e-15,0.0370606993141305,0.0749507528985282,0.172478462153308,3.1444378238644,0.341512819839332,0.3099343927231,0.226870773600305,0,0.485071645823469,-0.908683971028883,-0.205867794301837,0.842079723231625,3013.0000000001,0.0150515872875878,0.015725556527064,0.51881465911278,2.81982969245897,3554.352739404,0.0312500660060792,23,2,"SNETWORK (2 43 3554.352739404 0.51881465911278 7000023 23)",7
"24",43,7000024,0.868795574269156,47,-0.383334159851074,-4.01664225260419,0,0,0,1.29951516231247,1.40934382356106,1.85306377737114,-0.665693793169135,1.27947414184579,1.75014226062892,-0.955575420869024,1.27947414184579,1.27947414184579,-1.56032133568662,0.401443988223625,0.938394364404339,-1.52179257142105,1.33418869712375,0.114285714285714,-0.313615023474178,-0.535483870967743,0,0.868795574269156,0,-0.769503136521787,0.738275039270057,0.74191343607341,1.3197988163972,0.758337012339769,0.888017237209476,1.01322898422771,-0.668791124386601,0,0.0593693261457082,0.0799701818409082,3861.0000000001,1.46594638391321,0.0987238791363114,3262.0000000001,2.05950254966546,3.52544893347867,0.040337819034092,0.411070977181094,-2.73331640174253,0.943614296830777,1.23654219553237,-0.075858767809063,0.869570048911337,-0.0700631798144975,-0.305212019793604,-0.48165910413662,0.172848991472568,0.0236686176936867,1481.0000000001,1.40212890635059,0.0236686176936867,1481.0000000001,1.40212890635059,0.251085136393118,0.0469310391720769,1e-10,1.04220846578694,0.657108853885274,-0.0131460817650776,1.13357177589281,3.08305154204614,62350108650664,5.10986516449645e-15,2.67564635050905e-15,2.71923922029255e-15,0.321286503270371,1.25723794283857,-0.277921806497921,0.0589328224143609,-0.00508277351946529,-0.464602370794663,-0.320737959615918,-0.645997842472436,-0.261030597009592,0.0699069240214467,-0.372570974837777,0.71303494811087,3861.0000000001,0.0167732056015553,0.0235646133325367,0.737490253498677,1.50194687041078,3873.32801936758,0.0312500660060792,34,2,"SNETWORK (2 43 3873.32801936758 0.737490253498677 7000024 34)",7
"25",43,7000025,-0.844021513522127,3,0,0,-1,-1,-1,-0.552014743076961,-0.600161093932845,-0.842349650306078,0.809406938356898,0.111371806672609,-0.792009456176447,-0.166411385394865,0.111371806672609,0.111371806672609,0.497461148443438,-0.50470618244634,-0.606718256103522,0.570823911103181,-0.618420334657256,0,0,0,0.901960784313725,-0.844021513522127,0,0.714308578199987,0.469360676673101,0.470928528271149,-0.40802449756423,0.477878683208958,-0.841058892606943,-0.15085648932755,0.811807979517815,0.412088292742732,0.929358087700671,0.0799701818409082,834.0000000001,4.95684454966494,2.85213699309181,569.0000000001,10.3786009507412,15.3354455003062,0.178607026853159,0.441901367373034,-0.325386578082195,-0.539131538906561,-0.496603911169815,0.0190875647229535,-0.18579257152189,0.0183285960334702,0.721032128461745,0.0472490426001758,-0.105316946635273,0.944010416766667,45.0000000001,1.69921875010072,0.944010416766667,45.0000000001,1.69921875010072,0.421469736698917,22.2819356405697,1e-10,-0.492651017181002,-0.313428681182353,0.157067105185751,0.22909071262629,0,-0.5,-1.18062841590142,-1.19267212556963,-1.18670615230433,1.79554728245741,0.230874219586753,-0.157766284835275,-2.28069777449403,0.341512819839332,-0.321588854274886,-0.0451048984299499,-0.334944789706852,-0.174037828072084,-1.79690352839229,-0.499531421758288,-0.486457690192364,834.0000000001,0.0577307823932139,0.120876244359945,0.0421632373127617,0.277573740317675,2859.07615336947,0.0312500660060792,2,2,"SNETWORK (2 43 2859.07615336947 0.0421632373127617 7000025 2)",7
"26",43,7000026,-0.883287227142606,2,0,0,-1,-1,-1,-0.576707160382081,-0.636011761682012,-0.855573549443121,0.81103973303807,0.117316261481751,-0.803775712987052,-0.155779946705839,0.117316261481751,0.117316261481751,0.498775086771346,-0.485723924211076,-0.567346204527594,0.598198777569122,-0.61915192252954,0,0,0,0.901960784313725,-0.883287227142606,0,0.173729587369458,0.487410463836612,0.489090737065002,-0.0822321687243014,0.496549717410899,-0.885341704278974,-0.479743112225918,0.815627906976744,0.590304728292269,0.486893050750607,0.0799701818409082,67.0000000001,0.208624133014386,0.688534699394759,87.0000000001,0.383090383716046,0.591714516630432,0.00688330818791857,-0.506195268175931,-1.58574922401724,-0.306479192938133,-0.226243283993989,0,-0.633797703073694,0,0.269772239864877,0.31283913970107,0.403911481664092,24.108154296975,1.0000000001,0.964326171975408,24.108154296975,1.0000000001,0.964326171975408,1e-10,581.916243549503,1e-10,-1.08355539264047,-1.16873084351831,0.317549275608153,-0.547932357231617,1.50307378711852e-15,0,-1.18062841590142,-1.19267212556963,-1.18670615230433,1.25423659267136,-1.74649485789146,1.51667509503285,-1.09021669699588,0.341512819839332,0.110169987495352,0.92819482474551,2.06844533404426,-0.299071760385637,-2.77275783614226,-1.52232860286005,-0.486457690192364,87.0000000001,0.00242688685389171,0.00445642123402687,0.0273581145349168,0.175291803665459,2837.48038180557,0.0312500660060792,1,2,"SNETWORK (2 43 2837.48038180557 0.0273581145349168 7000026 1)",7
"27",43,7000027,0.700767286820816,44,-0.383334159851074,-4.01664225260419,0,0,0,1.13683200574613,1.24803412946079,1.79763831155372,-0.655345956877212,1.34367240268763,1.68199484512967,-0.821045208417699,1.34367240268763,1.34367240268763,-1.50283349862423,1.05576925857118,1.48924483734396,-1.28902665470676,1.72477977550937,0.114285714285714,-0.313615023474178,-0.535483870967743,0,0.700767286820816,0,-0.719416891607584,0.14116544306467,0.141361157720741,1.15407704218031,0.142192382716715,0.718769284600749,0.903661212569814,-0.642239385534457,-0.395087945266208,0.0720672297320333,0.0799701818409082,3463.0000000001,1.59604997255974,0.0609804689328809,3425.0000000001,1.33569561700074,2.93174558946048,0.0348925786211679,-1.56268817193875,1.93962916017508,1.05586966677609,0.610415206625036,-0.801865358038303,0.854737807086134,-0.796298876749411,-0.241831350881148,-1.06106814996439,-0.475814326582968,0.00156635089850158,1585.0000000001,0.099306640725042,0.00156635089850158,1585.0000000001,0.099306640725042,0.496099110148222,0.487048841532394,1e-10,-0.966672024919231,-0.996351726118505,0.0857813484025268,-0.642649521854233,0,-0.5,0,2.67564635050905e-15,0,0.953825231721833,0.702523121211834,0.393129370059295,3.4123656972666,0.341512819839332,0.701079432409494,0.717415794273584,0.116181507748762,0.917465805361179,-0.480360215843625,0.188568345583552,1.29329200231938,3463.0000000001,0.0189956110754847,0.0158969674456832,0.686698402236782,3.76319416775368,3799.23952759222,0.0312500660060792,32,2,"SNETWORK (2 43 3799.23952759222 0.686698402236782 7000027 32)",7
"28",43,7000028,-0.626778387908162,9,0,0,-1,-1,-1,-0.588620054547016,-0.619608499087083,-1.18105377943391,0.689158413399802,-0.354280513964161,-0.461582589882742,-0.195640899648418,-0.354280513964161,-0.354280513964161,0.425000101539898,0.403801950266343,0.0378181996882014,0.687481198997412,0.0446406586081734,0,0,0,0.901960784313725,-0.626778387908162,0,0.282115934089684,0.252722489381477,0.253241224269191,-0.172884681588507,0.25549063014542,-0.630289984409631,-0.267338020842256,0.697165777682953,0.45528186058048,0.198339716905424,0.0799701818409082,1947.0000000001,2.46962951215121,0.127258403501085,2361.0000000001,1.9214921888178,4.39112170086901,0.0518782425680369,0.640752055274144,-0.566840345695175,-0.230490226434104,-0.584482604279851,-0.432550701339283,-0.313556437966056,-0.426809171878367,0.514175143947471,-0.31332116395927,-0.728341977672903,0.032680673588779,1036.0000000001,1.35428710947557,0.032680673588779,1036.0000000001,1.35428710947557,0.223647290199636,0.264657871200424,1e-10,0.195886101382682,0.568027049922615,-0.997245707514746,1.02204549138257,0,0,-1.01413745121033,-1.01508009003588,-1.01461314436989,0.502493049346517,-0.314496907693582,-0.967604585432156,0.0995295559497112,-0.105267106930921,-0.898995934366287,-0.789170498358544,-0.72217201853672,-0.755226836950816,0.0934751687356321,-0.0973157603797187,0.324317220617014,2361.0000000001,0.0291770639401716,0.0227011785278653,0.137901586166547,1.89281497604967,2998.72670154631,0.0312500660060792,7,2,"SNETWORK (2 43 2998.72670154631 0.137901586166547 7000028 7)",7
"29",43,7000029,-0.568297113221468,11,0,0,-1,-1,-1,-0.620328517860422,-0.700631479045042,-1.31843935243643,0.647695633464807,-0.429414010206707,-0.334680641847494,-0.137872984209129,-0.429414010206707,-0.429414010206707,0.397771455362288,0.700283563137559,0.252893863807989,0.723881550965183,0.261995698226605,0,0,0,0.901960784313725,-0.568297113221468,0,0.77942439069443,-0.671295532466041,-0.668927755438293,-0.455440921034032,-0.65855114697432,-0.562122072866405,0.718903532872808,0.64989630893962,0.312474561592304,0.711648023562585,0.0799701818409082,1521.0000000001,6.92230335731349,0.114045285851902,1417.0000000001,1.03348303995241,7.9557863971659,0.0999037746514345,2.92285542659246,-0.382274095032128,0.3450907011285,0,-0.53194197085606,0.798827188341129,-0.565419605042133,1.4657141701093,-0.517302299808113,-0.847780034724755,0.0237644362413043,805.0000000001,0.765214843850323,0.0237644362413043,805.0000000001,0.765214843850323,0.114192742708472,0.0492459680923146,1e-10,1.04298397150273,0.590350516889121,-0.535632433854323,1.06949051812632,0,0.5,-1.18062841590142,-1.19267212556963,-1.18670615230433,0.364339513220395,1.28392750157742,-0.630312481065374,-0.462127115920294,-2.53604302868199,-0.44216305770318,-0.375396024187766,-0.534099248782522,-0.264084536487385,0.398512101280681,-0.578298697521825,0.687018740083948,1521.0000000001,0.0869259428873988,0.0129778316640357,0.166448976806348,4.4405547322116,3040.36789130565,0.0312500660060792,9,2,"SNETWORK (2 43 3040.36789130565 0.166448976806348 7000029 9)",7
"30",43,7000030,-0.568297113221468,11,0,0,-1,-1,-1,-0.620328517860422,-0.700631479045042,-1.31843935243643,0.647695633464807,-0.429414010206707,-0.334680641847494,-0.137872984209129,-0.429414010206707,-0.429414010206707,0.397771455362288,0.700283563137559,0.252893863807989,0.723881550965183,0.261995698226605,0,0,0,0.901960784313725,-0.568297113221468,0,0.77942439069443,-0.671295532466041,-0.668927755438293,-0.455440921034032,-0.65855114697432,-0.562122072866405,0.718903532872808,0.64989630893962,0.312474561592304,0.711648023562585,0.0799701818409082,1521.0000000001,6.92230335731349,0.114045285851902,1417.0000000001,1.03348303995241,7.9557863971659,0.0999037746514345,2.92285542659246,-0.382274095032128,0.3450907011285,0,-0.53194197085606,0.798827188341129,-0.565419605042133,1.4657141701093,-0.517302299808113,-0.847780034724755,0.0237644362413043,805.0000000001,0.765214843850323,0.0237644362413043,805.0000000001,0.765214843850323,0.114192742708472,0.0492459680923146,1e-10,1.04298397150273,0.590350516889121,-0.535632433854323,1.06949051812632,0,0.5,-1.18062841590142,-1.19267212556963,-1.18670615230433,0.364339513220395,1.28392750157742,-0.630312481065374,-0.462127115920294,-2.53604302868199,-0.44216305770318,-0.375396024187766,-0.534099248782522,-0.264084536487385,0.398512101280681,-0.578298697521825,0.687018740083948,1521.0000000001,0.0869259428873988,0.0129778316640357,0.166448976806348,4.4405547322116,3040.36789130565,0.0312500660060792,9,2,"SNETWORK (2 43 3040.36789130565 0.166448976806348 7000030 9)",7
"31",43,7000031,0.100951931643975,28,0,0,0,0,0,0.183760595152019,0.228830961911554,0.0478598282880216,-0.0646994892414138,-0.204225055381669,0.346188345971781,0.523526179632046,-0.204225055381669,-0.204225055381669,-0.0249493730866571,-1.56683718078212,-1.56798584014308,-0.330685832075791,-0.946343054438823,-0.885714285714286,0.686384976525822,0.464516129032257,-0.0980392156862747,0.100951931643975,0,0.351176337181534,0.376413762780232,0.377463512397215,-0.216205594502417,0.382079883029914,0.113726490972223,0,-0.025117985918498,0.582922026705391,0.425288451613596,0.0799701818409082,1082.0000000001,2.94284248102745,0.357216129861664,1458.0000000001,3.33077081656692,6.27361329749437,0.0735162086931906,-0.27803137426757,1.02213203584666,-0.551919100397657,0.363991749830378,0.858164766880008,0,0.83504191071983,0.129782737905577,0.694834792380965,0.70962269812623,0.00519717066139381,226.0000000001,0.0469824219750199,0.00519717066139381,226.0000000001,0.0469824219750199,0.579997647804552,0.650452186583552,1e-10,-0.952660362957719,-0.134013702190663,-1.22878644376292,-0.458531525203955,0,0.5,7.66479774674467e-15,5.3512927010181e-15,2.71923922029255e-15,-1.14183679399969,0.507504229856895,-1.49636542858611,-0.12898538342094,-1.27150294468754,-0.0032853516386896,-0.0612004267849688,-0.681670459419603,0.294656526218641,-0.371642426760512,-0.348793481350575,-0.486457690192364,1458.0000000001,0.0344851700972103,0.0390310384959803,0.437298419157378,1.06446179771801,3435.44753860017,0.0312500660060792,19,2,"SNETWORK (2 43 3435.44753860017 0.437298419157378 7000031 19)",7
"32",43,7000032,-0.77728255565519,5,0,0,-1,-1,-1,-0.518104998832529,-0.548997236912193,-0.849119310173584,0.797647414996879,0,-0.786998774990128,-0.147288556350546,0,0,0.493438402421504,-0.495643026642391,-0.627330585162237,0.572742013322537,-0.612244696495851,0,0,0,0.901960784313725,-0.77728255565519,0,-0.542485991108387,0,0,0.785963440083209,0,-0.779712542810002,-0.0550372963219216,0.803144015361639,-0.314372655643046,0.762103419558749,0.0799701818409082,867.0000000001,4.22560768535296,0.115582966524187,1148.0000000001,0.848578239021642,5.0741859242746,0.060956367553155,-0.192482147745555,-0.0355187535764465,0.585658800583467,-0.379820391090271,-1.20902825415774,-0.0264210005601675,-1.21155622880247,0.864952918803161,-1.00090458378784,-2.08117515734613,0.037420419646274,208.0000000001,0.311337890725132,0.037420419646274,208.0000000001,0.311337890725132,0.731608690151471,1.42895001225275,1e-10,0.0405000304935741,0,0.315401317751691,0.444363282727322,0,0,-0.946730742246289,-0.943178923052035,-0.94493835257499,1.21396464456843,-1.41006440825499,-0.323846348929383,-0.231588882199558,-0.258345713909518,-0.789750992697796,-0.587031392704736,-0.76320190303789,-0.615008451759844,-1.19210352273091,-0.155540771492401,-0.464495727728965,1148.0000000001,0.0507623683137023,0.0101939991394527,0.0740419082785507,0.533115740865469,2905.57657800412,0.0312500660060792,4,2,"SNETWORK (2 43 2905.57657800412 0.0740419082785507 7000032 4)",7
"33",43,7000033,0.203422154006379,30,0,0,0,0,0,0.2120277654531,0.27281099397143,0.0145272010530132,-0.0700196785775637,-0.16085549074858,0.367279368144158,0.524514306298308,-0.16085549074858,-0.16085549074858,-0.0146414506518339,-1.732695541867,-1.72822854013511,-0.381603179821672,-1.05007314235699,-0.885714285714286,0.686384976525822,0.464516129032257,-0.0980392156862747,0.203422154006379,0,0.918743709193958,-1.05856039596242,-1.05230670195994,-0.508323353281995,-1.02555476604426,0.203788441085751,-0.511295684944771,-0.0715681672711756,0.715749748462246,0.0564721037139339,0.0799701818409082,2491.0000000001,0.899629854719213,0.0634312387812474,2418.0000000001,0.980879492955391,1.8805093475746,0.0242260143514124,0.413440205665282,1.19393359284179,-0.920843459947144,-0.395557029091616,0.561389279398134,-0.552383670247239,0.587524736431067,-0.470093215024186,0.443235653366602,0.380238533302789,0.0569931249404527,1469.0000000001,3.34891601572642,0.0569931249404527,1469.0000000001,3.34891601572642,1.36759096952576,0.852034722083685,1e-10,0.507367312981412,0.526389700062669,-0.76257287367883,0.108881084877627,2.20000415074527,102033927438336,2.55493258224822e-15,0,0,-1.47886871262313,-0.0208096201225086,0.40179612659755,-0.294507863707752,-3.12672119049879,-0.460899664560913,-0.421271641632673,0.290055680632285,-0.504458503232991,0.226613563354441,-0.00888428724530503,1.18105833510886,2491.0000000001,0.0115896502765432,0.0126363639748692,0.470966883848016,1.41541068972787,3484.55867960701,0.0312500660060792,21,2,"SNETWORK (2 43 3484.55867960701 0.470966883848016 7000033 21)",7
"34",43,7000034,-0.844021513522127,3,0,0,-1,-1,-1,-0.552014743076961,-0.600161093932845,-0.842349650306078,0.809406938356898,0.111371806672609,-0.792009456176447,-0.166411385394865,0.111371806672609,0.111371806672609,0.497461148443438,-0.50470618244634,-0.606718256103522,0.570823911103181,-0.618420334657256,0,0,0,0.901960784313725,-0.844021513522127,0,0.714308578199987,0.469360676673101,0.470928528271149,-0.40802449756423,0.477878683208958,-0.841058892606943,-0.15085648932755,0.811807979517815,0.412088292742732,0.929358087700671,0.0799701818409082,834.0000000001,4.95684454966494,2.85213699309181,569.0000000001,10.3786009507412,15.3354455003062,0.178607026853159,0.441901367373034,-0.325386578082195,-0.539131538906561,-0.496603911169815,0.0190875647229535,-0.18579257152189,0.0183285960334702,0.721032128461745,0.0472490426001758,-0.105316946635273,0.944010416766667,45.0000000001,1.69921875010072,0.944010416766667,45.0000000001,1.69921875010072,0.421469736698917,22.2819356405697,1e-10,-0.492651017181002,-0.313428681182353,0.157067105185751,0.22909071262629,0,-0.5,-1.18062841590142,-1.19267212556963,-1.18670615230433,1.79554728245741,0.230874219586753,-0.157766284835275,-2.28069777449403,0.341512819839332,-0.321588854274886,-0.0451048984299499,-0.334944789706852,-0.174037828072084,-1.79690352839229,-0.499531421758288,-0.486457690192364,834.0000000001,0.0577307823932139,0.120876244359945,0.0421632373127617,0.277573740317675,2859.07615336947,0.0312500660060792,2,2,"SNETWORK (2 43 2859.07615336947 0.0421632373127617 7000034 2)",7
"35",43,7000035,-0.159095471324473,22,0,0,-0.969898012391661,-1.00036116796162,-0.993921440693166,-0.0670687550183405,-0.0559349461156028,0.1635192648006,0.0795136993174578,-0.829769119335487,-0.22488495251464,0.798807843339137,-0.829769119335487,-0.829769119335487,0.0228672855252961,-0.24625263173318,-0.472484146369716,0.374074551924915,-0.295390423557245,-0.885714285714286,0.686384976525822,0.464516129032257,-0.0980392156862747,-0.159095471324473,0,0,-1.27419616576894,-1.26496580624465,0,-1.22592691908632,-0.161194725630992,-0.501980700242326,0.0872575208022189,0.61683780410789,0.871191988264161,0.0799701818409082,1048.0000000001,5.83890381969947,0.509776652464824,759.0000000001,2.47444544343421,8.31334926303368,0.108634810945476,0.0323791847591241,0.255583289803402,-0.525767468478536,-0.755096117992992,-0.245196081161582,-0.518832703797019,-0.282072304922128,-0.245350799383203,-0.233831228719973,-0.380234778660012,0.030262134793287,216.0000000001,0.26146484385011,0.030262134793287,216.0000000001,0.26146484385011,0.403099429388319,0.206227165020841,1e-10,-0.417143042300028,-0.0846901174699662,-1.17095943952715,-0.258827597385056,0,0,-0.0812646891638059,-0.0820936784625368,-0.0816829297518027,-0.395798930792292,-0.483229720558576,0.943018188990107,0.123302801169091,0.140742908130786,0.526450808987886,0.602916996645525,0.849466605324737,0.51655852770789,0.0327498596907726,0.867120680297198,-0.486457690192364,1048.0000000001,0.0762999594898859,0.0323348513555896,0.344679818222653,0.247996450652853,3300.34766956378,0.0312500660060792,15,2,"SNETWORK (2 43 3300.34766956378 0.344679818222653 7000035 15)",7
