"stats.bias","stats.std.bias","stats.MSPE","stats.RMSPE","stats.std.MSPE","stats.RAV","stats.cor2","stats.cover.80","stats.cover.90","stats.cover.95","cv_predict","se.fit"
-0.000363374433793431,-0.00143272652476544,0.001418564235434,0.0376638319271155,1.10318237101676,0.0361891866891468,0.138984854398444,0.888,0.936,0.952,0.054766177880165,0.0365965615859383
-0.000363374433793431,-0.00143272652476544,0.001418564235434,0.0376638319271155,1.10318237101676,0.0361891866891468,0.138984854398444,0.888,0.936,0.952,0.0380095169683899,0.0376769257701051
-0.000363374433793431,-0.00143272652476544,0.001418564235434,0.0376638319271155,1.10318237101676,0.0361891866891468,0.138984854398444,0.888,0.936,0.952,0.0841566826620968,0.037974796047194
-0.000363374433793431,-0.00143272652476544,0.001418564235434,0.0376638319271155,1.10318237101676,0.0361891866891468,0.138984854398444,0.888,0.936,0.952,0.0963825004412651,0.0377322778165101
-0.000363374433793431,-0.00143272652476544,0.001418564235434,0.0376638319271155,1.10318237101676,0.0361891866891468,0.138984854398444,0.888,0.936,0.952,0.0588763226634927,0.0364618654571106
-0.000363374433793431,-0.00143272652476544,0.001418564235434,0.0376638319271155,1.10318237101676,0.0361891866891468,0.138984854398444,0.888,0.936,0.952,0.0474668332318984,0.035704541852735
-0.000363374433793431,-0.00143272652476544,0.001418564235434,0.0376638319271155,1.10318237101676,0.0361891866891468,0.138984854398444,0.888,0.936,0.952,0.0895708885490743,0.0351444366737034
-0.000363374433793431,-0.00143272652476544,0.001418564235434,0.0376638319271155,1.10318237101676,0.0361891866891468,0.138984854398444,0.888,0.936,0.952,0.0447215050334767,0.0375746291625684
-0.000363374433793431,-0.00143272652476544,0.001418564235434,0.0376638319271155,1.10318237101676,0.0361891866891468,0.138984854398444,0.888,0.936,0.952,0.103748160936653,0.0356772567781121
-0.000363374433793431,-0.00143272652476544,0.001418564235434,0.0376638319271155,1.10318237101676,0.0361891866891468,0.138984854398444,0.888,0.936,0.952,0.0821717382648087,0.0349556711008758
-0.000363374433793431,-0.00143272652476544,0.001418564235434,0.0376638319271155,1.10318237101676,0.0361891866891468,0.138984854398444,0.888,0.936,0.952,0.0872332566692182,0.035562648164286
-0.000363374433793431,-0.00143272652476544,0.001418564235434,0.0376638319271155,1.10318237101676,0.0361891866891468,0.138984854398444,0.888,0.936,0.952,0.0610136210399233,0.0348547806390826
-0.000363374433793431,-0.00143272652476544,0.001418564235434,0.0376638319271155,1.10318237101676,0.0361891866891468,0.138984854398444,0.888,0.936,0.952,0.0258992927349244,0.0360179590408637
-0.000363374433793431,-0.00143272652476544,0.001418564235434,0.0376638319271155,1.10318237101676,0.0361891866891468,0.138984854398444,0.888,0.936,0.952,0.060113445815656,0.0353437215885075
-0.000363374433793431,-0.00143272652476544,0.001418564235434,0.0376638319271155,1.10318237101676,0.0361891866891468,0.138984854398444,0.888,0.936,0.952,0.055336314458832,0.0399149986181144
-0.000363374433793431,-0.00143272652476544,0.001418564235434,0.0376638319271155,1.10318237101676,0.0361891866891468,0.138984854398444,0.888,0.936,0.952,0.0787803776974872,0.0347973714370164
-0.000363374433793431,-0.00143272652476544,0.001418564235434,0.0376638319271155,1.10318237101676,0.0361891866891468,0.138984854398444,0.888,0.936,0.952,0.0417877491963967,0.0352597649822772
-0.000363374433793431,-0.00143272652476544,0.001418564235434,0.0376638319271155,1.10318237101676,0.0361891866891468,0.138984854398444,0.888,0.936,0.952,0.082496041910619,0.0344763056487054
-0.000363374433793431,-0.00143272652476544,0.001418564235434,0.0376638319271155,1.10318237101676,0.0361891866891468,0.138984854398444,0.888,0.936,0.952,0.0815663091162383,0.0347102193515927
-0.000363374433793431,-0.00143272652476544,0.001418564235434,0.0376638319271155,1.10318237101676,0.0361891866891468,0.138984854398444,0.888,0.936,0.952,0.0710723017182225,0.0351034560124107
-0.000363374433793431,-0.00143272652476544,0.001418564235434,0.0376638319271155,1.10318237101676,0.0361891866891468,0.138984854398444,0.888,0.936,0.952,0.0943746588700714,0.0349048260137623
-0.000363374433793431,-0.00143272652476544,0.001418564235434,0.0376638319271155,1.10318237101676,0.0361891866891468,0.138984854398444,0.888,0.936,0.952,0.104897465504894,0.0348181988996452
-0.000363374433793431,-0.00143272652476544,0.001418564235434,0.0376638319271155,1.10318237101676,0.0361891866891468,0.138984854398444,0.888,0.936,0.952,0.0740410242262027,0.0345700176537728
-0.000363374433793431,-0.00143272652476544,0.001418564235434,0.0376638319271155,1.10318237101676,0.0361891866891468,0.138984854398444,0.888,0.936,0.952,0.0563897740101594,0.0349998839614859
-0.000363374433793431,-0.00143272652476544,0.001418564235434,0.0376638319271155,1.10318237101676,0.0361891866891468,0.138984854398444,0.888,0.936,0.952,0.0749205328378505,0.0346918542656866
-0.000363374433793431,-0.00143272652476544,0.001418564235434,0.0376638319271155,1.10318237101676,0.0361891866891468,0.138984854398444,0.888,0.936,0.952,0.0966631002986476,0.034384600760542
-0.000363374433793431,-0.00143272652476544,0.001418564235434,0.0376638319271155,1.10318237101676,0.0361891866891468,0.138984854398444,0.888,0.936,0.952,0.0648626826567898,0.0404609947595907
-0.000363374433793431,-0.00143272652476544,0.001418564235434,0.0376638319271155,1.10318237101676,0.0361891866891468,0.138984854398444,0.888,0.936,0.952,0.0704821904219047,0.0345955835707003
-0.000363374433793431,-0.00143272652476544,0.001418564235434,0.0376638319271155,1.10318237101676,0.0361891866891468,0.138984854398444,0.888,0.936,0.952,0.0624834899036326,0.0350042980927952
-0.000363374433793431,-0.00143272652476544,0.001418564235434,0.0376638319271155,1.10318237101676,0.0361891866891468,0.138984854398444,0.888,0.936,0.952,0.0949140376983401,0.0374656849452246
-0.000363374433793431,-0.00143272652476544,0.001418564235434,0.0376638319271155,1.10318237101676,0.0361891866891468,0.138984854398444,0.888,0.936,0.952,0.0599123384930092,0.0363557501284831
-0.000363374433793431,-0.00143272652476544,0.001418564235434,0.0376638319271155,1.10318237101676,0.0361891866891468,0.138984854398444,0.888,0.936,0.952,0.0593303627742244,0.0360507244192025
-0.000363374433793431,-0.00143272652476544,0.001418564235434,0.0376638319271155,1.10318237101676,0.0361891866891468,0.138984854398444,0.888,0.936,0.952,0.0705078588370593,0.035986499059947
-0.000363374433793431,-0.00143272652476544,0.001418564235434,0.0376638319271155,1.10318237101676,0.0361891866891468,0.138984854398444,0.888,0.936,0.952,0.0862688553146803,0.0393610678879147
-0.000363374433793431,-0.00143272652476544,0.001418564235434,0.0376638319271155,1.10318237101676,0.0361891866891468,0.138984854398444,0.888,0.936,0.952,0.0685713734951579,0.0362084012518322
-0.000363374433793431,-0.00143272652476544,0.001418564235434,0.0376638319271155,1.10318237101676,0.0361891866891468,0.138984854398444,0.888,0.936,0.952,0.0693438339404125,0.0344375090110155
-0.000363374433793431,-0.00143272652476544,0.001418564235434,0.0376638319271155,1.10318237101676,0.0361891866891468,0.138984854398444,0.888,0.936,0.952,0.0810290677794194,0.0354377293966141
-0.000363374433793431,-0.00143272652476544,0.001418564235434,0.0376638319271155,1.10318237101676,0.0361891866891468,0.138984854398444,0.888,0.936,0.952,0.0726912867337982,0.0342338637314078
-0.000363374433793431,-0.00143272652476544,0.001418564235434,0.0376638319271155,1.10318237101676,0.0361891866891468,0.138984854398444,0.888,0.936,0.952,0.0578559469172117,0.0345260077589642
-0.000363374433793431,-0.00143272652476544,0.001418564235434,0.0376638319271155,1.10318237101676,0.0361891866891468,0.138984854398444,0.888,0.936,0.952,0.0404520803184407,0.0369405996975453
-0.000363374433793431,-0.00143272652476544,0.001418564235434,0.0376638319271155,1.10318237101676,0.0361891866891468,0.138984854398444,0.888,0.936,0.952,0.0706579944337941,0.0384875609412872
-0.000363374433793431,-0.00143272652476544,0.001418564235434,0.0376638319271155,1.10318237101676,0.0361891866891468,0.138984854398444,0.888,0.936,0.952,0.0767739759916452,0.0354337397055495
-0.000363374433793431,-0.00143272652476544,0.001418564235434,0.0376638319271155,1.10318237101676,0.0361891866891468,0.138984854398444,0.888,0.936,0.952,0.0692963296354891,0.0357995697743953
-0.000363374433793431,-0.00143272652476544,0.001418564235434,0.0376638319271155,1.10318237101676,0.0361891866891468,0.138984854398444,0.888,0.936,0.952,0.0623975265245669,0.0356581827510851
-0.000363374433793431,-0.00143272652476544,0.001418564235434,0.0376638319271155,1.10318237101676,0.0361891866891468,0.138984854398444,0.888,0.936,0.952,0.0886632287372656,0.0360358336623656
-0.000363374433793431,-0.00143272652476544,0.001418564235434,0.0376638319271155,1.10318237101676,0.0361891866891468,0.138984854398444,0.888,0.936,0.952,0.0695950329635581,0.0361410759535111
-0.000363374433793431,-0.00143272652476544,0.001418564235434,0.0376638319271155,1.10318237101676,0.0361891866891468,0.138984854398444,0.888,0.936,0.952,0.0844676723029787,0.0348498465946308
-0.000363374433793431,-0.00143272652476544,0.001418564235434,0.0376638319271155,1.10318237101676,0.0361891866891468,0.138984854398444,0.888,0.936,0.952,0.0556101635377021,0.0358149710322335
-0.000363374433793431,-0.00143272652476544,0.001418564235434,0.0376638319271155,1.10318237101676,0.0361891866891468,0.138984854398444,0.888,0.936,0.952,0.0885287526593162,0.0347575901519005
-0.000363374433793431,-0.00143272652476544,0.001418564235434,0.0376638319271155,1.10318237101676,0.0361891866891468,0.138984854398444,0.888,0.936,0.952,0.0889418182964201,0.034049530426909
-0.000363374433793431,-0.00143272652476544,0.001418564235434,0.0376638319271155,1.10318237101676,0.0361891866891468,0.138984854398444,0.888,0.936,0.952,0.0949591964472221,0.0341045518500579
-0.000363374433793431,-0.00143272652476544,0.001418564235434,0.0376638319271155,1.10318237101676,0.0361891866891468,0.138984854398444,0.888,0.936,0.952,0.0412314419091493,0.0350858975562609
-0.000363374433793431,-0.00143272652476544,0.001418564235434,0.0376638319271155,1.10318237101676,0.0361891866891468,0.138984854398444,0.888,0.936,0.952,0.0793066829293999,0.0346659455442112
-0.000363374433793431,-0.00143272652476544,0.001418564235434,0.0376638319271155,1.10318237101676,0.0361891866891468,0.138984854398444,0.888,0.936,0.952,0.0413827188464511,0.0349336760590792
-0.000363374433793431,-0.00143272652476544,0.001418564235434,0.0376638319271155,1.10318237101676,0.0361891866891468,0.138984854398444,0.888,0.936,0.952,0.0544149858218307,0.0351948172420411
-0.000363374433793431,-0.00143272652476544,0.001418564235434,0.0376638319271155,1.10318237101676,0.0361891866891468,0.138984854398444,0.888,0.936,0.952,0.0882361025182444,0.0353958354802981
-0.000363374433793431,-0.00143272652476544,0.001418564235434,0.0376638319271155,1.10318237101676,0.0361891866891468,0.138984854398444,0.888,0.936,0.952,0.0704268526822255,0.035629889856985
-0.000363374433793431,-0.00143272652476544,0.001418564235434,0.0376638319271155,1.10318237101676,0.0361891866891468,0.138984854398444,0.888,0.936,0.952,0.0408586759057445,0.0345743731628304
-0.000363374433793431,-0.00143272652476544,0.001418564235434,0.0376638319271155,1.10318237101676,0.0361891866891468,0.138984854398444,0.888,0.936,0.952,0.0413117808656142,0.0351387772820698
-0.000363374433793431,-0.00143272652476544,0.001418564235434,0.0376638319271155,1.10318237101676,0.0361891866891468,0.138984854398444,0.888,0.936,0.952,0.0505722494253867,0.0349355111454561
-0.000363374433793431,-0.00143272652476544,0.001418564235434,0.0376638319271155,1.10318237101676,0.0361891866891468,0.138984854398444,0.888,0.936,0.952,0.053894380396646,0.0355339514279694
-0.000363374433793431,-0.00143272652476544,0.001418564235434,0.0376638319271155,1.10318237101676,0.0361891866891468,0.138984854398444,0.888,0.936,0.952,0.075909628214399,0.0379027699570614
-0.000363374433793431,-0.00143272652476544,0.001418564235434,0.0376638319271155,1.10318237101676,0.0361891866891468,0.138984854398444,0.888,0.936,0.952,0.069788863247798,0.0371998857479161
-0.000363374433793431,-0.00143272652476544,0.001418564235434,0.0376638319271155,1.10318237101676,0.0361891866891468,0.138984854398444,0.888,0.936,0.952,0.0715501044851714,0.0361066845063472
-0.000363374433793431,-0.00143272652476544,0.001418564235434,0.0376638319271155,1.10318237101676,0.0361891866891468,0.138984854398444,0.888,0.936,0.952,0.0553340269747515,0.0356751648065646
-0.000363374433793431,-0.00143272652476544,0.001418564235434,0.0376638319271155,1.10318237101676,0.0361891866891468,0.138984854398444,0.888,0.936,0.952,0.0637496986685943,0.0374777748387834
-0.000363374433793431,-0.00143272652476544,0.001418564235434,0.0376638319271155,1.10318237101676,0.0361891866891468,0.138984854398444,0.888,0.936,0.952,0.0626155553023717,0.035963380948217
-0.000363374433793431,-0.00143272652476544,0.001418564235434,0.0376638319271155,1.10318237101676,0.0361891866891468,0.138984854398444,0.888,0.936,0.952,0.0699759460765524,0.0376331363026929
-0.000363374433793431,-0.00143272652476544,0.001418564235434,0.0376638319271155,1.10318237101676,0.0361891866891468,0.138984854398444,0.888,0.936,0.952,0.121014301770577,0.067454979749816
-0.000363374433793431,-0.00143272652476544,0.001418564235434,0.0376638319271155,1.10318237101676,0.0361891866891468,0.138984854398444,0.888,0.936,0.952,0.0706948545701057,0.0358688461957297
-0.000363374433793431,-0.00143272652476544,0.001418564235434,0.0376638319271155,1.10318237101676,0.0361891866891468,0.138984854398444,0.888,0.936,0.952,0.0778171243549604,0.0352693611078354
-0.000363374433793431,-0.00143272652476544,0.001418564235434,0.0376638319271155,1.10318237101676,0.0361891866891468,0.138984854398444,0.888,0.936,0.952,0.0346282083942473,0.0367138639827168
-0.000363374433793431,-0.00143272652476544,0.001418564235434,0.0376638319271155,1.10318237101676,0.0361891866891468,0.138984854398444,0.888,0.936,0.952,0.046257527299252,0.0373237908965588
-0.000363374433793431,-0.00143272652476544,0.001418564235434,0.0376638319271155,1.10318237101676,0.0361891866891468,0.138984854398444,0.888,0.936,0.952,0.0848115113705726,0.036733056787236
-0.000363374433793431,-0.00143272652476544,0.001418564235434,0.0376638319271155,1.10318237101676,0.0361891866891468,0.138984854398444,0.888,0.936,0.952,0.0849093084670187,0.0378229596708577
-0.000363374433793431,-0.00143272652476544,0.001418564235434,0.0376638319271155,1.10318237101676,0.0361891866891468,0.138984854398444,0.888,0.936,0.952,0.0897712735478413,0.0362950655439053
-0.000363374433793431,-0.00143272652476544,0.001418564235434,0.0376638319271155,1.10318237101676,0.0361891866891468,0.138984854398444,0.888,0.936,0.952,0.0682073772694252,0.0357905198534276
-0.000363374433793431,-0.00143272652476544,0.001418564235434,0.0376638319271155,1.10318237101676,0.0361891866891468,0.138984854398444,0.888,0.936,0.952,0.0742452714080395,0.034541612507069
-0.000363374433793431,-0.00143272652476544,0.001418564235434,0.0376638319271155,1.10318237101676,0.0361891866891468,0.138984854398444,0.888,0.936,0.952,0.080742134720116,0.0343552650620663
-0.000363374433793431,-0.00143272652476544,0.001418564235434,0.0376638319271155,1.10318237101676,0.0361891866891468,0.138984854398444,0.888,0.936,0.952,0.0622174701202091,0.0366793696297023
-0.000363374433793431,-0.00143272652476544,0.001418564235434,0.0376638319271155,1.10318237101676,0.0361891866891468,0.138984854398444,0.888,0.936,0.952,0.044684365806529,0.034257290511744
-0.000363374433793431,-0.00143272652476544,0.001418564235434,0.0376638319271155,1.10318237101676,0.0361891866891468,0.138984854398444,0.888,0.936,0.952,0.0568859519461546,0.03430967113656
-0.000363374433793431,-0.00143272652476544,0.001418564235434,0.0376638319271155,1.10318237101676,0.0361891866891468,0.138984854398444,0.888,0.936,0.952,0.0387870241866461,0.0341005931655335
-0.000363374433793431,-0.00143272652476544,0.001418564235434,0.0376638319271155,1.10318237101676,0.0361891866891468,0.138984854398444,0.888,0.936,0.952,0.0480228539848908,0.0341987817597025
-0.000363374433793431,-0.00143272652476544,0.001418564235434,0.0376638319271155,1.10318237101676,0.0361891866891468,0.138984854398444,0.888,0.936,0.952,0.0592786203571872,0.0356499219041511
-0.000363374433793431,-0.00143272652476544,0.001418564235434,0.0376638319271155,1.10318237101676,0.0361891866891468,0.138984854398444,0.888,0.936,0.952,0.0379841145706773,0.0350573533121512
-0.000363374433793431,-0.00143272652476544,0.001418564235434,0.0376638319271155,1.10318237101676,0.0361891866891468,0.138984854398444,0.888,0.936,0.952,0.0474436603435663,0.0358539374846219
-0.000363374433793431,-0.00143272652476544,0.001418564235434,0.0376638319271155,1.10318237101676,0.0361891866891468,0.138984854398444,0.888,0.936,0.952,0.0484160880365767,0.0351828066867807
-0.000363374433793431,-0.00143272652476544,0.001418564235434,0.0376638319271155,1.10318237101676,0.0361891866891468,0.138984854398444,0.888,0.936,0.952,0.0635296462810092,0.0343312505781917
-0.000363374433793431,-0.00143272652476544,0.001418564235434,0.0376638319271155,1.10318237101676,0.0361891866891468,0.138984854398444,0.888,0.936,0.952,0.0549254944474609,0.0346666123188944
-0.000363374433793431,-0.00143272652476544,0.001418564235434,0.0376638319271155,1.10318237101676,0.0361891866891468,0.138984854398444,0.888,0.936,0.952,0.0615408124599162,0.0346823174212068
-0.000363374433793431,-0.00143272652476544,0.001418564235434,0.0376638319271155,1.10318237101676,0.0361891866891468,0.138984854398444,0.888,0.936,0.952,0.0546614020437447,0.0363593435416802
-0.000363374433793431,-0.00143272652476544,0.001418564235434,0.0376638319271155,1.10318237101676,0.0361891866891468,0.138984854398444,0.888,0.936,0.952,0.104030034494747,0.0358693290715705
-0.000363374433793431,-0.00143272652476544,0.001418564235434,0.0376638319271155,1.10318237101676,0.0361891866891468,0.138984854398444,0.888,0.936,0.952,0.116940734662778,0.0347551238414561
-0.000363374433793431,-0.00143272652476544,0.001418564235434,0.0376638319271155,1.10318237101676,0.0361891866891468,0.138984854398444,0.888,0.936,0.952,0.131695392001891,0.0355962578511098
-0.000363374433793431,-0.00143272652476544,0.001418564235434,0.0376638319271155,1.10318237101676,0.0361891866891468,0.138984854398444,0.888,0.936,0.952,0.0967620814613968,0.0364667778772207
-0.000363374433793431,-0.00143272652476544,0.001418564235434,0.0376638319271155,1.10318237101676,0.0361891866891468,0.138984854398444,0.888,0.936,0.952,0.124571363028854,0.0365421653024402
-0.000363374433793431,-0.00143272652476544,0.001418564235434,0.0376638319271155,1.10318237101676,0.0361891866891468,0.138984854398444,0.888,0.936,0.952,0.0566067643306855,0.0377180806835841
-0.000363374433793431,-0.00143272652476544,0.001418564235434,0.0376638319271155,1.10318237101676,0.0361891866891468,0.138984854398444,0.888,0.936,0.952,0.0475789117459959,0.0347092647309447
-0.000363374433793431,-0.00143272652476544,0.001418564235434,0.0376638319271155,1.10318237101676,0.0361891866891468,0.138984854398444,0.888,0.936,0.952,0.0508631905504977,0.0343662103582442
-0.000363374433793431,-0.00143272652476544,0.001418564235434,0.0376638319271155,1.10318237101676,0.0361891866891468,0.138984854398444,0.888,0.936,0.952,0.0501015071547766,0.0345759810258314
-0.000363374433793431,-0.00143272652476544,0.001418564235434,0.0376638319271155,1.10318237101676,0.0361891866891468,0.138984854398444,0.888,0.936,0.952,0.043176021353765,0.0348846133226498
-0.000363374433793431,-0.00143272652476544,0.001418564235434,0.0376638319271155,1.10318237101676,0.0361891866891468,0.138984854398444,0.888,0.936,0.952,0.055213899622207,0.0342756928685201
-0.000363374433793431,-0.00143272652476544,0.001418564235434,0.0376638319271155,1.10318237101676,0.0361891866891468,0.138984854398444,0.888,0.936,0.952,0.0564934298456207,0.0343769172201484
-0.000363374433793431,-0.00143272652476544,0.001418564235434,0.0376638319271155,1.10318237101676,0.0361891866891468,0.138984854398444,0.888,0.936,0.952,0.0444943828061005,0.0350943999732635
-0.000363374433793431,-0.00143272652476544,0.001418564235434,0.0376638319271155,1.10318237101676,0.0361891866891468,0.138984854398444,0.888,0.936,0.952,0.0623414782642501,0.0341392162226628
-0.000363374433793431,-0.00143272652476544,0.001418564235434,0.0376638319271155,1.10318237101676,0.0361891866891468,0.138984854398444,0.888,0.936,0.952,0.0951279347491881,0.0434497585263574
-0.000363374433793431,-0.00143272652476544,0.001418564235434,0.0376638319271155,1.10318237101676,0.0361891866891468,0.138984854398444,0.888,0.936,0.952,0.0471764384909637,0.0345688751491464
-0.000363374433793431,-0.00143272652476544,0.001418564235434,0.0376638319271155,1.10318237101676,0.0361891866891468,0.138984854398444,0.888,0.936,0.952,0.0707415600571608,0.0348416486220244
-0.000363374433793431,-0.00143272652476544,0.001418564235434,0.0376638319271155,1.10318237101676,0.0361891866891468,0.138984854398444,0.888,0.936,0.952,0.0642698096131136,0.0362136148757988
-0.000363374433793431,-0.00143272652476544,0.001418564235434,0.0376638319271155,1.10318237101676,0.0361891866891468,0.138984854398444,0.888,0.936,0.952,0.0383717394700049,0.0358550213833434
-0.000363374433793431,-0.00143272652476544,0.001418564235434,0.0376638319271155,1.10318237101676,0.0361891866891468,0.138984854398444,0.888,0.936,0.952,0.036458200759314,0.0361933498721089
-0.000363374433793431,-0.00143272652476544,0.001418564235434,0.0376638319271155,1.10318237101676,0.0361891866891468,0.138984854398444,0.888,0.936,0.952,0.0521459480357973,0.0357700498538426
-0.000363374433793431,-0.00143272652476544,0.001418564235434,0.0376638319271155,1.10318237101676,0.0361891866891468,0.138984854398444,0.888,0.936,0.952,0.0489774063107641,0.0351860876395374
-0.000363374433793431,-0.00143272652476544,0.001418564235434,0.0376638319271155,1.10318237101676,0.0361891866891468,0.138984854398444,0.888,0.936,0.952,0.0347183173954045,0.0346796457118282
-0.000363374433793431,-0.00143272652476544,0.001418564235434,0.0376638319271155,1.10318237101676,0.0361891866891468,0.138984854398444,0.888,0.936,0.952,0.0466881469350517,0.0350569537036012
-0.000363374433793431,-0.00143272652476544,0.001418564235434,0.0376638319271155,1.10318237101676,0.0361891866891468,0.138984854398444,0.888,0.936,0.952,0.013038163454969,0.0371518805274749
-0.000363374433793431,-0.00143272652476544,0.001418564235434,0.0376638319271155,1.10318237101676,0.0361891866891468,0.138984854398444,0.888,0.936,0.952,0.0490236262894462,0.0360341666675142
-0.000363374433793431,-0.00143272652476544,0.001418564235434,0.0376638319271155,1.10318237101676,0.0361891866891468,0.138984854398444,0.888,0.936,0.952,0.0325844431120878,0.0348504139759168
-0.000363374433793431,-0.00143272652476544,0.001418564235434,0.0376638319271155,1.10318237101676,0.0361891866891468,0.138984854398444,0.888,0.936,0.952,0.0660318939353063,0.0355046353569231
-0.000363374433793431,-0.00143272652476544,0.001418564235434,0.0376638319271155,1.10318237101676,0.0361891866891468,0.138984854398444,0.888,0.936,0.952,0.0358416992366338,0.03643955492535
-0.000363374433793431,-0.00143272652476544,0.001418564235434,0.0376638319271155,1.10318237101676,0.0361891866891468,0.138984854398444,0.888,0.936,0.952,0.071272565820601,0.0369631259110638
-0.000363374433793431,-0.00143272652476544,0.001418564235434,0.0376638319271155,1.10318237101676,0.0361891866891468,0.138984854398444,0.888,0.936,0.952,0.0678205118207621,0.0372476447908166
-0.000363374433793431,-0.00143272652476544,0.001418564235434,0.0376638319271155,1.10318237101676,0.0361891866891468,0.138984854398444,0.888,0.936,0.952,0.0496099688268486,0.0369914213834533
-0.000363374433793431,-0.00143272652476544,0.001418564235434,0.0376638319271155,1.10318237101676,0.0361891866891468,0.138984854398444,0.888,0.936,0.952,0.0968563934220509,0.0392613336962789
