"stats.bias","stats.MSPE","stats.RMSPE","stats.RAV","cv_predict","se.fit"
-0.0380869923246412,0.897185205074266,0.947198609096459,0.0247377280154626,1.81822401892151,0.00549128347030853
-0.0380869923246412,0.897185205074266,0.947198609096459,0.0247377280154626,0.824334048335818,0.00528843966133135
-0.0380869923246412,0.897185205074266,0.947198609096459,0.0247377280154626,0.800633798801367,0.00525015541982419
-0.0380869923246412,0.897185205074266,0.947198609096459,0.0247377280154626,0.824029340884417,0.0053797713319251
-0.0380869923246412,0.897185205074266,0.947198609096459,0.0247377280154626,0.34876938452192,0.00522313286172897
-0.0380869923246412,0.897185205074266,0.947198609096459,0.0247377280154626,0.578230424510923,0.00519103647774161
-0.0380869923246412,0.897185205074266,0.947198609096459,0.0247377280154626,0.473523839801112,0.00516321555980816
-0.0380869923246412,0.897185205074266,0.947198609096459,0.0247377280154626,0.381904286053541,0.00517640848838012
-0.0380869923246412,0.897185205074266,0.947198609096459,0.0247377280154626,0.492770783169155,0.00527167317120188
-0.0380869923246412,0.897185205074266,0.947198609096459,0.0247377280154626,0.117620600342479,0.00550657151343577
-0.0380869923246412,0.897185205074266,0.947198609096459,0.0247377280154626,0.121896090865688,0.00512992064554353
-0.0380869923246412,0.897185205074266,0.947198609096459,0.0247377280154626,0.234537965261533,0.00514837849323754
-0.0380869923246412,0.897185205074266,0.947198609096459,0.0247377280154626,0.13385543910633,0.00516662671720068
-0.0380869923246412,0.897185205074266,0.947198609096459,0.0247377280154626,0.117106576554087,0.00520226329039649
-0.0380869923246412,0.897185205074266,0.947198609096459,0.0247377280154626,0.11565429773212,0.00522735097661111
-0.0380869923246412,0.897185205074266,0.947198609096459,0.0247377280154626,0.178054958068537,0.00528702930427763
-0.0380869923246412,0.897185205074266,0.947198609096459,0.0247377280154626,0.158028421757942,0.00530114056042254
-0.0380869923246412,0.897185205074266,0.947198609096459,0.0247377280154626,0.11825319454478,0.00554399970038251
-0.0380869923246412,0.897185205074266,0.947198609096459,0.0247377280154626,0.0553476984404509,0.00631869270957453
-0.0380869923246412,0.897185205074266,0.947198609096459,0.0247377280154626,0.325913319499305,0.00668446356147009
-0.0380869923246412,0.897185205074266,0.947198609096459,0.0247377280154626,0.540452993293672,0.00578075178381158
-0.0380869923246412,0.897185205074266,0.947198609096459,0.0247377280154626,0.608719004055779,0.00628018734354806
-0.0380869923246412,0.897185205074266,0.947198609096459,0.0247377280154626,0.912855490308424,0.00523292289321306
-0.0380869923246412,0.897185205074266,0.947198609096459,0.0247377280154626,0.926407463000965,0.00523658483224906
-0.0380869923246412,0.897185205074266,0.947198609096459,0.0247377280154626,3.2613858664433,0.00537529770886361
-0.0380869923246412,0.897185205074266,0.947198609096459,0.0247377280154626,1.0633821332237,0.00515315236995118
-0.0380869923246412,0.897185205074266,0.947198609096459,0.0247377280154626,0.999173211375169,0.00513526888697735
-0.0380869923246412,0.897185205074266,0.947198609096459,0.0247377280154626,0.958623067722265,0.005150382263919
-0.0380869923246412,0.897185205074266,0.947198609096459,0.0247377280154626,1.31316759359498,0.00515017574845711
-0.0380869923246412,0.897185205074266,0.947198609096459,0.0247377280154626,1.84538686258101,0.00519987128917974
-0.0380869923246412,0.897185205074266,0.947198609096459,0.0247377280154626,1.79146073915608,0.00505593139750096
-0.0380869923246412,0.897185205074266,0.947198609096459,0.0247377280154626,1.81988032525686,0.00526510075892855
-0.0380869923246412,0.897185205074266,0.947198609096459,0.0247377280154626,1.33444100531117,0.0053500827551012
-0.0380869923246412,0.897185205074266,0.947198609096459,0.0247377280154626,6.83286396251509,0.00614078398392911
-0.0380869923246412,0.897185205074266,0.947198609096459,0.0247377280154626,2.87709015583002,0.00543762710374618
-0.0380869923246412,0.897185205074266,0.947198609096459,0.0247377280154626,4.61218889132339,0.00554383956088651
-0.0380869923246412,0.897185205074266,0.947198609096459,0.0247377280154626,1.62833327216707,0.00503858729612859
-0.0380869923246412,0.897185205074266,0.947198609096459,0.0247377280154626,1.10223149981459,0.00512411264029604
-0.0380869923246412,0.897185205074266,0.947198609096459,0.0247377280154626,1.79329876991929,0.00505214725695358
-0.0380869923246412,0.897185205074266,0.947198609096459,0.0247377280154626,2.4343202843637,0.00518960307194543
-0.0380869923246412,0.897185205074266,0.947198609096459,0.0247377280154626,1.51932207789622,0.00510182826649583
-0.0380869923246412,0.897185205074266,0.947198609096459,0.0247377280154626,2.45873848129797,0.00511063426323827
-0.0380869923246412,0.897185205074266,0.947198609096459,0.0247377280154626,1.66546165534271,0.00530091608464175
-0.0380869923246412,0.897185205074266,0.947198609096459,0.0247377280154626,1.63954353770846,0.00510663992779915
-0.0380869923246412,0.897185205074266,0.947198609096459,0.0247377280154626,2.1288687535961,0.00512198051298546
-0.0380869923246412,0.897185205074266,0.947198609096459,0.0247377280154626,2.08019216662724,0.0051599110583539
-0.0380869923246412,0.897185205074266,0.947198609096459,0.0247377280154626,2.61926177895896,0.00552552740022589
-0.0380869923246412,0.897185205074266,0.947198609096459,0.0247377280154626,1.50209312731515,0.00517736377741989
-0.0380869923246412,0.897185205074266,0.947198609096459,0.0247377280154626,1.86108734057572,0.0052121628457407
-0.0380869923246412,0.897185205074266,0.947198609096459,0.0247377280154626,1.63763089072292,0.00539675036020177
-0.0380869923246412,0.897185205074266,0.947198609096459,0.0247377280154626,1.19197066842063,0.00557654493391356
-0.0380869923246412,0.897185205074266,0.947198609096459,0.0247377280154626,2.024316852525,0.00590357067490652
-0.0380869923246412,0.897185205074266,0.947198609096459,0.0247377280154626,2.5552108537909,0.00532222886927609
-0.0380869923246412,0.897185205074266,0.947198609096459,0.0247377280154626,0.054689557844639,0.324430606263764
-0.0380869923246412,0.897185205074266,0.947198609096459,0.0247377280154626,0.131120777427163,0.00525189905955694
-0.0380869923246412,0.897185205074266,0.947198609096459,0.0247377280154626,0.142942256032393,0.00520589789430435
-0.0380869923246412,0.897185205074266,0.947198609096459,0.0247377280154626,0.183187068301135,0.00511302703356646
-0.0380869923246412,0.897185205074266,0.947198609096459,0.0247377280154626,0.236733032860041,0.00517063466692592
-0.0380869923246412,0.897185205074266,0.947198609096459,0.0247377280154626,0.121697673348468,0.00523443979486565
-0.0380869923246412,0.897185205074266,0.947198609096459,0.0247377280154626,0.114009339971808,0.00515440070327737
-0.0380869923246412,0.897185205074266,0.947198609096459,0.0247377280154626,0.0935234891490148,0.00518832821819137
-0.0380869923246412,0.897185205074266,0.947198609096459,0.0247377280154626,0.051223419706831,0.00539939490916483
-0.0380869923246412,0.897185205074266,0.947198609096459,0.0247377280154626,0.255756609598239,0.00527188540404978
-0.0380869923246412,0.897185205074266,0.947198609096459,0.0247377280154626,0.191102420480741,0.00532277252074577
-0.0380869923246412,0.897185205074266,0.947198609096459,0.0247377280154626,0.39004728576084,0.00543963132036609
-0.0380869923246412,0.897185205074266,0.947198609096459,0.0247377280154626,0.1652954914294,0.00519057820944815
-0.0380869923246412,0.897185205074266,0.947198609096459,0.0247377280154626,0.291334840712116,0.00522862993344076
-0.0380869923246412,0.897185205074266,0.947198609096459,0.0247377280154626,0.2710409919662,0.00522736251685409
-0.0380869923246412,0.897185205074266,0.947198609096459,0.0247377280154626,0.309604684614405,0.0052487942284067
-0.0380869923246412,0.897185205074266,0.947198609096459,0.0247377280154626,0.18355893323653,0.00527069809323989
-0.0380869923246412,0.897185205074266,0.947198609096459,0.0247377280154626,0.185616879564471,0.00526477091934086
-0.0380869923246412,0.897185205074266,0.947198609096459,0.0247377280154626,0.424224901217368,0.00509024181644285
-0.0380869923246412,0.897185205074266,0.947198609096459,0.0247377280154626,0.244417062065013,0.00529898674227981
-0.0380869923246412,0.897185205074266,0.947198609096459,0.0247377280154626,0.440780266108278,0.00512825981348111
-0.0380869923246412,0.897185205074266,0.947198609096459,0.0247377280154626,0.786221746225971,0.00517613674996721
-0.0380869923246412,0.897185205074266,0.947198609096459,0.0247377280154626,0.356232713964597,0.0050422626550521
-0.0380869923246412,0.897185205074266,0.947198609096459,0.0247377280154626,0.197123682853692,0.00507923023308337
-0.0380869923246412,0.897185205074266,0.947198609096459,0.0247377280154626,0.22566155913849,0.005112854228438
-0.0380869923246412,0.897185205074266,0.947198609096459,0.0247377280154626,0.738179148746827,0.00510333218657506
-0.0380869923246412,0.897185205074266,0.947198609096459,0.0247377280154626,0.246757198359263,0.00502426885688151
-0.0380869923246412,0.897185205074266,0.947198609096459,0.0247377280154626,0.0936266562010859,0.00510848673982886
-0.0380869923246412,0.897185205074266,0.947198609096459,0.0247377280154626,0.108154320723598,0.00515170964170839
-0.0380869923246412,0.897185205074266,0.947198609096459,0.0247377280154626,0.183989823683755,0.00503608337037339
-0.0380869923246412,0.897185205074266,0.947198609096459,0.0247377280154626,0.301554713704987,0.00506265441759916
-0.0380869923246412,0.897185205074266,0.947198609096459,0.0247377280154626,0.22513967961063,0.00503262041156897
-0.0380869923246412,0.897185205074266,0.947198609096459,0.0247377280154626,0.17339820127494,0.00505500680371942
-0.0380869923246412,0.897185205074266,0.947198609096459,0.0247377280154626,0.513957403787805,0.00508920065701751
-0.0380869923246412,0.897185205074266,0.947198609096459,0.0247377280154626,0.354430109633571,0.00505243129464422
-0.0380869923246412,0.897185205074266,0.947198609096459,0.0247377280154626,0.425267276077437,0.005129777820117
-0.0380869923246412,0.897185205074266,0.947198609096459,0.0247377280154626,0.322094958116572,0.00517095218091539
-0.0380869923246412,0.897185205074266,0.947198609096459,0.0247377280154626,0.487445825385531,0.00506939223182637
-0.0380869923246412,0.897185205074266,0.947198609096459,0.0247377280154626,0.170138296108889,0.00522614697719
-0.0380869923246412,0.897185205074266,0.947198609096459,0.0247377280154626,0.206631296572864,0.00523730240469972
-0.0380869923246412,0.897185205074266,0.947198609096459,0.0247377280154626,0.794054911367282,0.00526795419010632
-0.0380869923246412,0.897185205074266,0.947198609096459,0.0247377280154626,0.536084914323484,0.00520739316601962
-0.0380869923246412,0.897185205074266,0.947198609096459,0.0247377280154626,0.924580919406833,0.00518677908942124
-0.0380869923246412,0.897185205074266,0.947198609096459,0.0247377280154626,0.146979104848113,0.00518055749105481
-0.0380869923246412,0.897185205074266,0.947198609096459,0.0247377280154626,0.410172949782755,0.00510527965013123
-0.0380869923246412,0.897185205074266,0.947198609096459,0.0247377280154626,0.183071561286072,0.00517134638812898
-0.0380869923246412,0.897185205074266,0.947198609096459,0.0247377280154626,0.0661813979573801,0.00516287673586564
-0.0380869923246412,0.897185205074266,0.947198609096459,0.0247377280154626,0.388037750605339,0.00534136906432355
-0.0380869923246412,0.897185205074266,0.947198609096459,0.0247377280154626,0.24381427111616,0.00538164570846532
-0.0380869923246412,0.897185205074266,0.947198609096459,0.0247377280154626,0.2455357923516,0.00539650664960615
-0.0380869923246412,0.897185205074266,0.947198609096459,0.0247377280154626,0.221048802336936,0.00528512283015796
-0.0380869923246412,0.897185205074266,0.947198609096459,0.0247377280154626,0.278216913513269,0.00516077574698645
-0.0380869923246412,0.897185205074266,0.947198609096459,0.0247377280154626,0.163618300038284,0.00514730961593615
-0.0380869923246412,0.897185205074266,0.947198609096459,0.0247377280154626,0.209367603428633,0.00514557919552318
-0.0380869923246412,0.897185205074266,0.947198609096459,0.0247377280154626,0.145027588510691,0.00509107647034988
-0.0380869923246412,0.897185205074266,0.947198609096459,0.0247377280154626,0.131939353822613,0.00513509837243699
-0.0380869923246412,0.897185205074266,0.947198609096459,0.0247377280154626,0.179539998952646,0.0050831563913035
-0.0380869923246412,0.897185205074266,0.947198609096459,0.0247377280154626,0.152872127468255,0.00505794191906166
-0.0380869923246412,0.897185205074266,0.947198609096459,0.0247377280154626,0.11062198629628,0.00513514217242816
-0.0380869923246412,0.897185205074266,0.947198609096459,0.0247377280154626,0.0635733017691452,0.00516759610173939
-0.0380869923246412,0.897185205074266,0.947198609096459,0.0247377280154626,0.0789701939804539,0.00512639784145547
-0.0380869923246412,0.897185205074266,0.947198609096459,0.0247377280154626,0.0803426552914849,0.00508891275216908
-0.0380869923246412,0.897185205074266,0.947198609096459,0.0247377280154626,0.144443767254096,0.00508832032837861
-0.0380869923246412,0.897185205074266,0.947198609096459,0.0247377280154626,0.074764694673469,0.00512305507209216
-0.0380869923246412,0.897185205074266,0.947198609096459,0.0247377280154626,0.145372664429432,0.00509249855009831
-0.0380869923246412,0.897185205074266,0.947198609096459,0.0247377280154626,0.134317048251678,0.00506910765693776
-0.0380869923246412,0.897185205074266,0.947198609096459,0.0247377280154626,0.0587620741502622,0.00522424952884223
-0.0380869923246412,0.897185205074266,0.947198609096459,0.0247377280154626,0.18523491571223,0.00511143581932278
-0.0380869923246412,0.897185205074266,0.947198609096459,0.0247377280154626,0.208938512751526,0.00507902640352007
-0.0380869923246412,0.897185205074266,0.947198609096459,0.0247377280154626,0.178576568138676,0.00523351564497666
-0.0380869923246412,0.897185205074266,0.947198609096459,0.0247377280154626,0.18563295560465,0.00511284034735907
-0.0380869923246412,0.897185205074266,0.947198609096459,0.0247377280154626,0.153059117189335,0.00513218582676938
-0.0380869923246412,0.897185205074266,0.947198609096459,0.0247377280154626,0.223575304531026,0.00512151420635297
-0.0380869923246412,0.897185205074266,0.947198609096459,0.0247377280154626,0.0845205142475692,0.00506127512197156
-0.0380869923246412,0.897185205074266,0.947198609096459,0.0247377280154626,0.0839127809376709,0.00507464145629787
-0.0380869923246412,0.897185205074266,0.947198609096459,0.0247377280154626,0.11018745309078,0.00505317750422116
-0.0380869923246412,0.897185205074266,0.947198609096459,0.0247377280154626,0.169947265059821,0.00506444714550608
-0.0380869923246412,0.897185205074266,0.947198609096459,0.0247377280154626,0.160993149644807,0.00502882981159517
-0.0380869923246412,0.897185205074266,0.947198609096459,0.0247377280154626,0.115122570836728,0.00510198860698677
-0.0380869923246412,0.897185205074266,0.947198609096459,0.0247377280154626,0.177464948148058,0.00514282090401915
-0.0380869923246412,0.897185205074266,0.947198609096459,0.0247377280154626,0.163889454405165,0.00514117317877468
-0.0380869923246412,0.897185205074266,0.947198609096459,0.0247377280154626,0.232838243769867,0.00510305094729466
-0.0380869923246412,0.897185205074266,0.947198609096459,0.0247377280154626,0.116657580815895,0.00503305749120956
-0.0380869923246412,0.897185205074266,0.947198609096459,0.0247377280154626,0.236197955622144,0.00504764939065883
-0.0380869923246412,0.897185205074266,0.947198609096459,0.0247377280154626,0.130004315711806,0.0050830562975961
-0.0380869923246412,0.897185205074266,0.947198609096459,0.0247377280154626,0.173495362849663,0.00503629436180612
-0.0380869923246412,0.897185205074266,0.947198609096459,0.0247377280154626,0.226888017443069,0.00511614464142324
-0.0380869923246412,0.897185205074266,0.947198609096459,0.0247377280154626,0.133817953838532,0.00506648350617374
-0.0380869923246412,0.897185205074266,0.947198609096459,0.0247377280154626,0.209675393118797,0.00510191308965361
-0.0380869923246412,0.897185205074266,0.947198609096459,0.0247377280154626,0.210125372760427,0.00509457598000177
-0.0380869923246412,0.897185205074266,0.947198609096459,0.0247377280154626,0.099843868351998,0.00530009704699803
-0.0380869923246412,0.897185205074266,0.947198609096459,0.0247377280154626,0.235390064670007,0.00530014092087342
-0.0380869923246412,0.897185205074266,0.947198609096459,0.0247377280154626,0.337629071799644,0.00556021593596051
-0.0380869923246412,0.897185205074266,0.947198609096459,0.0247377280154626,1.03110515356493,0.00526790182092145
-0.0380869923246412,0.897185205074266,0.947198609096459,0.0247377280154626,1.07147541645868,0.00527068471310019
-0.0380869923246412,0.897185205074266,0.947198609096459,0.0247377280154626,0.524437472324137,0.00524783998183951
-0.0380869923246412,0.897185205074266,0.947198609096459,0.0247377280154626,0.356729918813844,0.00525089762659995
-0.0380869923246412,0.897185205074266,0.947198609096459,0.0247377280154626,0.748051695405065,0.00510922630956116
-0.0380869923246412,0.897185205074266,0.947198609096459,0.0247377280154626,0.633342552807567,0.00509892194469723
-0.0380869923246412,0.897185205074266,0.947198609096459,0.0247377280154626,0.447040417260718,0.00511043213643489
-0.0380869923246412,0.897185205074266,0.947198609096459,0.0247377280154626,0.986594104785158,0.0051805387115608
-0.0380869923246412,0.897185205074266,0.947198609096459,0.0247377280154626,0.306236003154072,0.00519478358557958
-0.0380869923246412,0.897185205074266,0.947198609096459,0.0247377280154626,0.541599674655923,0.00510954378319483
-0.0380869923246412,0.897185205074266,0.947198609096459,0.0247377280154626,0.409875767664085,0.00531362041411774
-0.0380869923246412,0.897185205074266,0.947198609096459,0.0247377280154626,0.153456885931386,0.00575703835249932
-0.0380869923246412,0.897185205074266,0.947198609096459,0.0247377280154626,0.188135372846938,0.00511794706443648
-0.0380869923246412,0.897185205074266,0.947198609096459,0.0247377280154626,0.165352740943476,0.00508254062067835
-0.0380869923246412,0.897185205074266,0.947198609096459,0.0247377280154626,0.196350876097637,0.00507088568152285
-0.0380869923246412,0.897185205074266,0.947198609096459,0.0247377280154626,0.370618026676316,0.00507450348017539
-0.0380869923246412,0.897185205074266,0.947198609096459,0.0247377280154626,0.401603953052602,0.0050581108454018
-0.0380869923246412,0.897185205074266,0.947198609096459,0.0247377280154626,0.319332897647398,0.00514580556620127
-0.0380869923246412,0.897185205074266,0.947198609096459,0.0247377280154626,0.148881048282701,0.00514919413775599
-0.0380869923246412,0.897185205074266,0.947198609096459,0.0247377280154626,0.342921349069868,0.00513683044799775
-0.0380869923246412,0.897185205074266,0.947198609096459,0.0247377280154626,0.278595664109998,0.00524730836634028
-0.0380869923246412,0.897185205074266,0.947198609096459,0.0247377280154626,0.136555656825842,0.00527138248679398
-0.0380869923246412,0.897185205074266,0.947198609096459,0.0247377280154626,0.235560906784528,0.00519243506742209
-0.0380869923246412,0.897185205074266,0.947198609096459,0.0247377280154626,0.13316776630756,0.00519534365539269
-0.0380869923246412,0.897185205074266,0.947198609096459,0.0247377280154626,0.13752253943342,0.00510394962907936
-0.0380869923246412,0.897185205074266,0.947198609096459,0.0247377280154626,0.080131277020662,0.00514017474710735
-0.0380869923246412,0.897185205074266,0.947198609096459,0.0247377280154626,0.107681483759584,0.00507165853387398
-0.0380869923246412,0.897185205074266,0.947198609096459,0.0247377280154626,0.153060565554662,0.00509903744365334
-0.0380869923246412,0.897185205074266,0.947198609096459,0.0247377280154626,0.186535219741135,0.00511850600889521
-0.0380869923246412,0.897185205074266,0.947198609096459,0.0247377280154626,0.120511104220335,0.00525471340375232
-0.0380869923246412,0.897185205074266,0.947198609096459,0.0247377280154626,0.0841069262795241,0.00538743376109733
-0.0380869923246412,0.897185205074266,0.947198609096459,0.0247377280154626,0.0530751952696693,0.00531900032481361
-0.0380869923246412,0.897185205074266,0.947198609096459,0.0247377280154626,0.14061801887567,0.00531612971080723
-0.0380869923246412,0.897185205074266,0.947198609096459,0.0247377280154626,0.082594841165182,0.00544936270965232
