"","rid","pid","elevation.min","WS_ID","ws_mi60_mean","ws_accum_precip_mean","ws_10.min.storm.accum_mean","ws_30.min.storm.accum_mean","ws_60.min.storm.accum_mean","ws_sbs_mean","ws_dnbr.BAER_mean","ws_dnbr.extended_mean","ws_flow.accum_max","ws_slope_mean","ws_aspect.northness_mean","ws_aspect.eastness_mean","ws_slope.northness_mean","ws_slope.eastness_mean","ws_bare.earth_mean","ws_ndvi.max_mean","ws_ndvi.mean_mean","ws_ndvi.min_mean","ws_ndvi.range_mean","ws_RV.Sand","ws_RV.Silt","ws_RV.Clay","ws_Kw","ch_elevation.min","ch_watershed","ch_valley_width","ch_area","ch_channel_width","ch_channel.width.over.valley.width","ch_ch_area","ch_elevation.mean","ch_slope.median","ch_flow.accumulation.max","ch_curvature.median","ch_sfm.erosion.mean","ch_sfm.erosion.count","ch_sfm.erosion.sum","ch_sfm.deposition.mean","ch_sfm.deposition.count","ch_sfm.deposition.sum","ch_sfm.net.change","ch_sfm.net.change.norm","ch_distance.upstream","ch_distance.downstream","ch_slope.upstream","ch_slope.downstream","ch_central.slope.difference","ch_slope.over.width","ch_change.in.slope.over.width","ch_stream.power","ch_slope.over.width.central.diff","ch_stream.power.central.diff","ch_lidar.erosion.mean","ch_lidar.erosion.count","ch_lidar.erosion.sum","ch_lidar.deposition.mean","ch_lidar.deposition.count","ch_lidar.deposition.sum","ch_lidar.net.change","ch_lidar.net.change.norm","ch_lidar.resolution","hs_area","hs_hillslope.length","hs_flow.accumulation.max","hs_elevation.range","hs_mi60.mean","hs_accum.precip.mean","hs_storm.accum.10.min.mean","hs_storm.accum.30.min.mean","hs_storm.accum.60.min.mean","hs_slope.median","hs_aspect.northness.median","hs_aspect.eastness.median","hs_slope.northness.median","hs_slope.eastness.median","hs_curvature.median","hs_bare.earth.mean","hs_ndvi.max.mean","hs_ndvi.mean.mean","hs_ndvi.min.mean","hs_ndvi.range.mean","hs_dnbr.BAER.median","hs_extended.dnbr.median","hs_drainage_density","ch_sfm.net.change.count","ch_sfm.erosion.norm","ch_sfm.deposition.norm","ratio","snapdist","upDist","afv_flow_accum","locID","netID","netgeom","bootstrap_rep"
"1",137,6000001,0.453992334101326,39,1,1,1,1,1,0.100592096993426,-0.544576889813692,-0.65057265875216,-0.615327614856065,-0.600808403850939,0.912806559610852,0.475908582392726,-0.600808403850939,-0.600808403850939,-1.01008799405291,0.399604703248597,0.269387338339111,0.211569131243467,0.447656039346172,-1,1,-1,1,0.453992334101326,1,-0.574344388754028,-0.88205479781652,-0.858128657583959,-0.637427493541296,-0.699679147374,0.423393496541327,-0.484827850853496,-0.606193305058847,-0.894474517170578,0.100728452759007,1475.0000000001,0.27471446495046,0.218023388489424,2224.0000000001,0.896551439900911,1.17126590475137,0.013706911540927,0.171235681738162,-0.394844133849875,-0.0599591141240043,-0.691807982408068,-1.16476005403635,0.263452057339328,-1.98427248470951,0.139475624088393,-3.12116617709054,-2.63586367768828,0.6317041016625,50.0000000001,31.585205078225,0.6317041016625,50.0000000001,31.585205078225,0.587619460447148,0.554764704890694,1e-10,0.459757231990085,1.45054161519448,0.0904224958059618,2.58674893720092,0.0341732763512872,0.660346869910551,2.79461614355361,6.4068182967625,3.28626402065348,-0.608569686302777,0.390609330231791,-0.0590011013588951,-0.543869277374331,-0.543869277374331,-0.0959451136400436,0.142849069609819,0.586577171885668,0.782147617255228,0.68971561005815,0.665415430780193,0.133326480257136,-0.479404168485717,1.69627809049248,2224.0000000001,0.00321488641161096,0.0104920250293161,0.602348377534554,1.23957231087209,5255.28311767374,0.001953125,36,1,"SNETWORK (1 137 5255.28311767374 0.602348377534554 6000001 36)",6
"2",137,6000002,0.283056119568381,33,1,1,1,1,1,-0.572393778426898,-0.727035238335641,-0.553821670331144,-0.436232242032305,-0.390050714480899,0.187370638684926,0.630984603070228,-0.390050714480899,-0.390050714480899,-0.644028177759923,0.407112010408383,0.388265280713809,0.290873738213551,0.439381963051288,-1,1,-1,1,0.283056119568381,1,1.1322065157366,0.510667570197545,0.527199939035397,-0.0926089076757162,0.685081053747843,0.253202215249934,-0.741134119237337,-0.411267059726746,0.597424821494211,0.130652180768501,9698.0000000001,2.34280524205671,0.0742542272544684,10793.0000000001,1.48183791918852,3.82464316114523,0.0151359560792063,0.940540680323664,-1.39976565838922,-0.908387716320589,-0.827306804154172,0.0625247676109134,-1.03601866684072,0.0243280266207672,-1.08564567340843,0.00427458550825848,0.0109541341187529,0.470238095338095,147.0000000001,69.1250000001,0.470238095338095,147.0000000001,69.1250000001,1.76457473266848,0.881145280495108,1e-10,-0.563380664645372,0.209389014481214,-0.351579732782354,0.107730097165766,0,0.557831896759749,-1.12967329725017,-1.30986698794203,0.237007930502186,-0.246478037748892,0.204521739264232,0.165350718819225,-0.234648846136106,-0.234648846136106,-1.28248119609104,-0.258341423975052,1.09708859820542,1.0573514413676,0.741044726117812,1.45553005799772,0.279830695432692,0.404888370900098,-0.417382067868648,10793.0000000001,0.00927160927620225,0.00586434670300401,0.522580708429372,0.721538640651326,5116.72974277305,0.001953125,30,1,"SNETWORK (1 137 5116.72974277305 0.522580708429372 6000002 30)",6
"3",137,6000003,-0.105741007648365,23,0,0,0,0,0,0.28788006684654,-0.0247588807578214,0.00930342541688592,0.0147078636547357,0.0330574880575771,0.726265643713657,0.00148748799608031,0.0330574880575771,0.0330574880575771,0.0129062576932804,-0.0288894012602283,-0.0356332567767263,-0.0342773427199676,-0.0281481115219434,0,0,0,0,-0.105741007648365,1,1.3039445876081,1.02060261191513,1.06845726848948,0.62902248929274,1.69996227379037,-0.0904950867822706,0.534444398211002,0.0202070646462087,0.442473059205983,0.290725892726259,8480.0000000001,4.55844699671484,0.19434264744682,9105.0000000001,3.2717899126355,7.83023690925034,0.0208666403250823,-0.417906810840848,-0.190037499698327,0.437556735065845,0.4919717778167,-0.0447092659341948,-0.535616924604898,-0.0314998210149433,-0.483112137353414,0.575689461445254,0.536547809582161,0.642988675478363,223.0000000001,143.386474609475,0.642988675478363,223.0000000001,143.386474609475,3.19885728632585,0.56946931668232,1e-10,-0.66443268749345,-0.246944036834862,-0.372098220742665,-0.304508628158508,4.44089209850063e-16,-0.0742452804682836,-0.769575234032295,-0.892329290743018,0.0305114789843549,0.461922095299102,-0.475018025116537,0.322415841778344,0.499672471772641,0.499672471772641,1.67021344817445,0.500315727249462,-0.6245682974275,-0.512941476786384,-0.353782903527212,-0.610742918906377,-0.25669188026731,0.515375263584268,-0.417382067868648,9105.0000000001,0.0121477133536423,0.00871892687143996,0.38684981722648,2.79443262796849,4880.97040236107,0.001953125,21,1,"SNETWORK (1 137 4880.97040236107 0.38684981722648 6000003 21)",6
"4",137,6000004,-0.69316037045999,12,0,0,0,0,0,0.630178566076792,0.666931394045994,0.413053320334799,0.488420832023473,0.560867408251625,-0.838113196219344,-0.458302126898475,0.560867408251625,0.560867408251625,0.193853488163515,-0.629060517220569,-0.784142904000071,-0.865567130515883,-0.586801163352056,0,0,0,0,-0.69316037045999,1,-0.0417541905309324,0.142608274302534,0.145427267965387,0.482702398899719,0.164958584352908,-0.706006584505416,0.449666673010325,0.503801402792168,0.374991229707529,0.622391045550519,3235.0000000001,3.722845089183,0.686552892000547,5733.0000000001,7.27768555357856,11.0005306426616,0.0579366797609794,-0.778635805703494,0.861492181792367,0.260755984744926,0.256129183548593,-0.133031542991126,0.11278353678002,-0.11144376402718,0.147922448616155,0.123726998068609,0.12309302194565,0.270059664055479,73.0000000001,19.71435546885,0.270059664055479,73.0000000001,19.71435546885,0.310363113938013,0.0835159764596201,1e-10,0,-0.200292742844864,-0.149424592867837,-0.0108158632661236,4.44089209850063e-16,0.011154784063534,-0.387174331684762,-0.448935855650586,-0.188777049312823,0.595004046548833,-0.690324722750875,-0.173419055216132,0.65965764285717,0.65965764285717,0.0129284689829249,0.210892845081844,-0.847980544186363,-0.711681586680563,-0.702895197618421,-0.744476402135926,-0.453659520872792,-0.317574772045018,0.524529112742051,5733.0000000001,0.0196071708140279,0.0383295088469515,0.248765722761929,1.36916188589129,4641.12363834267,0.001953125,10,1,"SNETWORK (1 137 4641.12363834267 0.248765722761929 6000004 10)",6
"5",137,6000005,0.371869728817958,36,1,1,1,1,1,-0.499600589716334,-0.720585126595492,-0.641412364831907,-0.532286193320459,-0.484501178372176,0.3539820219877,0.665459678583653,-0.484501178372176,-0.484501178372176,-0.817562403686624,0.42536689464924,0.362059503339985,0.274491847100333,0.465606904151726,-1,1,-1,1,0.371869728817958,1,0.686470943208632,-1.02495771083143,-0.988825795030572,-1.5966898740256,-0.774539208490884,0.345167486489491,-0.950758911200288,-0.526464471791355,3.36682982444412,0.0960457422774806,2544.0000000001,0.451785791532154,0.11602873445536,2908.0000000001,0.623874596161086,1.07566038759324,0.0140774767244866,0.655459239518395,0.498222135262381,-0.886968835769762,-0.841889208114679,0,-0.294401371260841,0.00516236350505012,-0.322175028408555,-0.329135859826382,-0.274594125576731,0.244873046975,29.0000000001,7.101318359475,0.244873046975,29.0000000001,7.101318359475,0.0157721872222316,0.0506960018149281,1e-10,-0.088418743552594,0.453467407707244,-0.173585076528697,0.46476537681623,-4.44089209850063e-16,0.55783189675972,-1.12967329725025,-1.30986698794199,0.23700793050221,-0.148632686675917,-0.122532814705001,0.681320985042834,-0.143972065898052,-0.143972065898052,-0.222095342611097,0.349223486077916,1.00985568407417,1.04312938940043,0.726622577052823,1.32418920632648,-0.358864386583587,-0.433137349365545,-0.204275322096704,2908.0000000001,0.00591265049090718,0.00816482613357938,0.564475445180071,1.73269516345406,5189.49929004077,0.001953125,33,1,"SNETWORK (1 137 5189.49929004077 0.564475445180071 6000005 33)",6
"6",137,6000006,0.315680024126891,34,1,1,1,1,1,-0.610394705514109,-0.738063363458669,-0.567981845314361,-0.441613897995539,-0.402939032174003,0.221074240980845,0.628998068013572,-0.402939032174003,-0.402939032174003,-0.658979056402643,0.399062732904826,0.373351520165902,0.282936549597709,0.431178578928442,-1,1,-1,1,0.315680024126891,1,0.801128758147738,-0.422266501690182,-0.420691982065096,-1.0884055465084,-0.394194646757559,0.287278664400957,-0.933269122608615,-0.440541588091919,1.10310819165174,0.098240287192559,5561.0000000001,1.01013603139672,0.0835674618200252,3877.0000000001,0.599060047639038,1.60919607893576,0.0131530869003019,-0.650367025465132,1.22119640283426,-0.878957535745839,-0.679990499565244,0.247283006339245,-0.702464821913099,0.290685719239834,-0.707244360136243,0.12185748213558,0.110107907505325,0.11223380806371,62.0000000001,6.95849609385,0.11223380806371,62.0000000001,6.95849609385,0.0124364209653605,0.122142472247991,1e-10,0.704229595452968,1.4257084031414,1.69174709154758,2.33146910041705,0.0574393373406266,-0.332470457532867,3.81734531548876,8.41790317476621,4.08094626903009,-0.68459380280428,0.500985555579128,-0.316271927771791,-0.603851044448385,-0.603851044448385,0.108743361504651,-0.00449362117004537,0.296123028750177,0.462310244869985,0.519923079979706,0.307141597048028,0.674265826927701,0,1.21926400544209,5561.0000000001,0.00825654938792223,0.00489653741237968,0.538737404883076,0.1686060152133,5144.79330343639,0.001953125,31,1,"SNETWORK (1 137 5144.79330343639 0.538737404883076 6000006 31)",6
"7",137,6000007,0.476130860327046,40,1,1,1,1,1,0.246570972695098,-0.511210196963862,-0.677196064788018,-0.654484962799958,-0.640726813567539,0.938252395224175,0.499017884028753,-0.640726813567539,-0.640726813567539,-1.11766032087087,0.403617751988441,0.242785232371972,0.187366543010541,0.457972702152094,-1,1,-1,1,0.476130860327046,1,-1.43324693536386,-1.31392322500345,-1.24431126732243,-0.481930311288839,-0.902845832534912,0.449244704287759,-0.0616014382686243,-0.622647416164161,-1.24717044991711,0.191442460401646,326.0000000001,0.115396652814851,0.119682368714899,1158.0000000001,0.256257201908059,0.37165385462291,0.00610122281973768,0.0128145605511019,0.346037263787704,-0.204294691429266,-0.423684231181403,-0.457067645864522,1.09488270706965,-1.08239878939005,0.76406506866934,-1.18300108571996,-0.976798121986206,0.481511896406818,33.0000000001,15.889892578225,0.481511896406818,33.0000000001,15.889892578225,0.221038706392909,0.359053452658164,1e-10,1.29721911917458,1.35682600837899,0.460152574429063,2.29394429659625,0.0454598906987598,0.694205109164527,4.09071491532224,8.95545454556629,4.29336024351604,-0.629861014535675,0.669428546686843,-0.458605728438919,-0.560832841951112,-0.560832841951112,-0.389803914603895,0.642988570781386,0.326282194892339,0.58165886402474,0.610170740117372,0.297204639942835,0.451234161121528,-0.573439862074654,1.54815371689379,1158.0000000001,0.00189439897032502,0.00420682374941266,0.61592410542507,1.37338525402215,5278.86363515738,0.001953125,37,1,"SNETWORK (1 137 5278.86363515738 0.61592410542507 6000007 37)",6
"8",137,6000008,0.406611749936001,37,1,1,1,1,1,-0.435988684562915,-0.663036871095399,-0.650100911077588,-0.551084564602326,-0.512875214438628,0.518137577860018,0.613388451278119,-0.512875214438628,-0.512875214438628,-0.858677617979482,0.412280970964038,0.334331366202859,0.258009640890052,0.453054803286585,-1,1,-1,1,0.406611749936001,1,0.137436555495558,-0.50296218083553,-0.499168905328957,-0.709826211212718,-0.455953347799168,0.378401501501177,-0.911263563198481,-0.547852952795522,0.847078753475573,0.279980779171933,3831.0000000001,1.98325114728549,0.18588499532484,5536.0000000001,1.90273260651008,3.88598375369557,0.033824955362574,-0.651720382019206,0.89688858116142,-0.732877548120022,-0.889615291528195,-0.335965156683953,-0.612397006065924,-0.429216862625357,-0.627934689801008,0.304832810725179,0.267756272502151,1.17223182101346,52.0000000001,60.9560546876,1.17223182101346,52.0000000001,60.9560546876,1.27360696130247,1.25911122301047,1e-10,0.580473911094831,0.496560516997885,0.219482243654567,0.520093035677133,0,0.557831896759749,-1.12967329725017,-1.30986698794203,0.237007930502162,-0.21496472458347,-0.228482542364399,0.909064354285499,-0.205790688603096,-0.205790688603096,-1.08583281407529,0.154318139035947,0.82656416875213,0.934443189097463,0.682585128742163,1.05713338191773,-0.806162252170362,-0.72474246972502,0.479124538446161,5536.0000000001,0.0172629083345827,0.0165620469279914,0.577739665529222,2.32277491263358,5212.53873089967,0.001953125,34,1,"SNETWORK (1 137 5212.53873089967 0.577739665529222 6000008 34)",6
"9",137,6000009,-0.274439873894915,20,0,0,0,0,0,-0.393526687468295,-0.0910946684393504,0.065823070991576,0.0719749704345743,0.143738846806196,0.0467274641620567,0.103127737247277,0.143738846806196,0.143738846806196,0.0629130264845238,-0.125198178646079,-0.15859068006513,-0.189056213184544,-0.113075041176285,0,0,0,0,-0.274439873894915,1,1.15928073955349,0.269117433357634,0.27566294050511,-0.482566374647501,0.327317370312161,-0.296608915542054,0.184520462975238,0.0712166725054226,1.29688377718736,0.321059063319807,10263.0000000001,6.09251500714931,0.0808941680863859,6749.0000000001,1.00947132118425,7.10198632823356,0.0339030282593715,0,0,0.187360667469147,-0.121423534133774,-0.630854075119342,-0.150885462991106,-0.44920061188257,-0.123176259379483,-0.355662827124901,-0.283898520729499,0.993616323102049,122.0000000001,121.22119140635,0.993616323102049,122.0000000001,121.22119140635,2.98133681555515,1.56314477689075,1e-10,-0.331618184280901,-0.379471093501828,-0.213577641471588,-0.523027572222205,4.44089209850063e-16,-0.442168103240265,0.0604361265687467,0.0700768154627031,-0.445455142800426,-0.195283638493619,0.257902250079954,-0.0996733040075274,-0.187601818462208,-0.187601818462208,0.866988418397267,0.0860362547390264,-0.403528312527851,-0.241313418129692,0.136922969052852,-0.57274883647307,0.5874492009864,1.03690511996948,0.27721424653275,10263.0000000001,0.0290840756799471,0.00481895247942438,0.347714983402378,1.25439028208993,4812.99470038391,0.001953125,18,1,"SNETWORK (1 137 4812.99470038391 0.347714983402378 6000009 18)",6
"10",137,6000010,-0.274439873894915,20,0,0,0,0,0,-0.393526687468295,-0.0910946684393504,0.065823070991576,0.0719749704345743,0.143738846806196,0.0467274641620567,0.103127737247277,0.143738846806196,0.143738846806196,0.0629130264845238,-0.125198178646079,-0.15859068006513,-0.189056213184544,-0.113075041176285,0,0,0,0,-0.274439873894915,1,1.15928073955349,0.269117433357634,0.27566294050511,-0.482566374647501,0.327317370312161,-0.296608915542054,0.184520462975238,0.0712166725054226,1.29688377718736,0.321059063319807,10263.0000000001,6.09251500714931,0.0808941680863859,6749.0000000001,1.00947132118425,7.10198632823356,0.0339030282593715,0,0,0.187360667469147,-0.121423534133774,-0.630854075119342,-0.150885462991106,-0.44920061188257,-0.123176259379483,-0.355662827124901,-0.283898520729499,0.993616323102049,122.0000000001,121.22119140635,0.993616323102049,122.0000000001,121.22119140635,2.98133681555515,1.56314477689075,1e-10,-0.331618184280901,-0.379471093501828,-0.213577641471588,-0.523027572222205,4.44089209850063e-16,-0.442168103240265,0.0604361265687467,0.0700768154627031,-0.445455142800426,-0.195283638493619,0.257902250079954,-0.0996733040075274,-0.187601818462208,-0.187601818462208,0.866988418397267,0.0860362547390264,-0.403528312527851,-0.241313418129692,0.136922969052852,-0.57274883647307,0.5874492009864,1.03690511996948,0.27721424653275,10263.0000000001,0.0290840756799471,0.00481895247942438,0.347714983402378,1.25439028208993,4812.99470038391,0.001953125,18,1,"SNETWORK (1 137 4812.99470038391 0.347714983402378 6000010 18)",6
"11",137,6000011,0.345614201200032,35,1,1,1,1,1,-0.61773304189857,-0.767038263817686,-0.64246643628836,-0.50788536099759,-0.446206076597647,0.119117989928409,0.741089350222545,-0.446206076597647,-0.446206076597647,-0.764774170542912,0.443006973930341,0.395506149472465,0.294526764571041,0.482994763201916,-1,1,-1,1,0.345614201200032,1,0.765674544911727,0.351554121283789,0.361103297468206,0,0.441986277670044,0.31443749144022,-0.903032827786772,-0.451848897965877,0.45559121037979,0.108113908664916,12031.0000000001,2.40503078433245,0.204256563052081,27415.0000000001,10.3538439337118,12.7588747179443,0.0571307098418353,0.30501315958306,-0.588615597166557,-0.925411218687529,-0.872125502936522,0.0165112075536548,-1.12258394221209,0,-1.20345976740692,-0.377376987966104,-0.313757988558961,0.472320986565669,142.0000000001,67.069580078225,0.472320986565669,142.0000000001,67.069580078225,1.71656820939225,0.88385943766271,1e-10,0.105324956214502,0.485913143743613,1.68921630775646,0.504954553500172,-4.44089209850063e-16,0.55783189675972,-1.12967329725019,-1.30986698794203,0.237007930502186,-0.0777520022455469,-0.179341830514102,0.762996014389882,-0.0762699686964028,-0.0762699686964028,-0.657160197508696,0.237151040606242,1.11842170629825,1.08311590950605,0.761829012805892,1.47644859806873,-0.464814367498304,-0.442869718948109,-0.334730564658981,27415.0000000001,0.0107690622169051,0.0463616475249302,0.551002965361138,0.0314559641992673,5166.09811048852,0.001953125,32,1,"SNETWORK (1 137 5166.09811048852 0.551002965361138 6000011 32)",6
"12",137,6000012,0.406611749936001,37,1,1,1,1,1,-0.435988684562915,-0.663036871095399,-0.650100911077588,-0.551084564602326,-0.512875214438628,0.518137577860018,0.613388451278119,-0.512875214438628,-0.512875214438628,-0.858677617979482,0.412280970964038,0.334331366202859,0.258009640890052,0.453054803286585,-1,1,-1,1,0.406611749936001,1,0.137436555495558,-0.50296218083553,-0.499168905328957,-0.709826211212718,-0.455953347799168,0.378401501501177,-0.911263563198481,-0.547852952795522,0.847078753475573,0.279980779171933,3831.0000000001,1.98325114728549,0.18588499532484,5536.0000000001,1.90273260651008,3.88598375369557,0.033824955362574,-0.651720382019206,0.89688858116142,-0.732877548120022,-0.889615291528195,-0.335965156683953,-0.612397006065924,-0.429216862625357,-0.627934689801008,0.304832810725179,0.267756272502151,1.17223182101346,52.0000000001,60.9560546876,1.17223182101346,52.0000000001,60.9560546876,1.27360696130247,1.25911122301047,1e-10,0.580473911094831,0.496560516997885,0.219482243654567,0.520093035677133,0,0.557831896759749,-1.12967329725017,-1.30986698794203,0.237007930502162,-0.21496472458347,-0.228482542364399,0.909064354285499,-0.205790688603096,-0.205790688603096,-1.08583281407529,0.154318139035947,0.82656416875213,0.934443189097463,0.682585128742163,1.05713338191773,-0.806162252170362,-0.72474246972502,0.479124538446161,5536.0000000001,0.0172629083345827,0.0165620469279914,0.577739665529222,2.32277491263358,5212.53873089967,0.001953125,34,1,"SNETWORK (1 137 5212.53873089967 0.577739665529222 6000012 34)",6
"13",137,6000013,0.23433242506812,31,1,1,1,1,1,-0.440535303328041,-0.726655766905897,-0.423683571830163,-0.368860496100358,-0.296158975524265,-0.0361517445876266,0.828564496111504,-0.296158975524265,-0.296158975524265,-0.53929418575194,0.41212985756325,0.419255439324518,0.310907901674094,0.441184219373776,-0.638674737394601,0.604928550890359,-0.573500316935898,1.39463197374592,0.23433242506812,1,0.228094871837761,-0.269469755223901,-0.270322953003671,-0.464063147502609,-0.266157823524161,0.195389346216904,-0.920102483413215,-0.301637584693018,-0.349898264607336,0.123044797655919,7980.0000000001,1.81553026056727,0.0554806533095787,5070.0000000001,0.52010001895124,2.33563027941851,0.0169486343681695,0.795489929344046,-0.718250454098626,-0.864763905729318,-0.646804672416172,0.281784052408929,-0.782847068625483,0.292422685809801,-0.776177575074613,0.0464904624343244,0.0577308052462022,0.240240187972024,84.0000000001,20.18017578135,0.240240187972024,84.0000000001,20.18017578135,0.621416189685567,0.581441455087882,1e-10,0.13025767629557,0.466594626188137,0.336941996253088,0.419989628198878,-4.44089209850063e-16,0.557831896759735,-1.12967329725019,-1.30986698794207,0.237007930502186,-0.252644880072406,0.49063636266665,-0.0314391619702764,-0.240258075445948,-0.240258075445948,-0.0698822348735207,0.257307785036092,0.549243675964071,0.599508909638135,0.58968335816405,0.670132214786994,0.928613434056561,0.78615466367521,-0.367839158423625,7980.0000000001,0.0131744988322521,0.00377413543591744,0.493693692383707,0.0665090308683166,5066.55410634246,0.001953125,28,1,"SNETWORK (1 137 5066.55410634246 0.493693692383707 6000013 28)",6
"14",137,6000014,-0.274439873894915,20,0,0,0,0,0,-0.393526687468295,-0.0910946684393504,0.065823070991576,0.0719749704345743,0.143738846806196,0.0467274641620567,0.103127737247277,0.143738846806196,0.143738846806196,0.0629130264845238,-0.125198178646079,-0.15859068006513,-0.189056213184544,-0.113075041176285,0,0,0,0,-0.274439873894915,1,1.15928073955349,0.269117433357634,0.27566294050511,-0.482566374647501,0.327317370312161,-0.296608915542054,0.184520462975238,0.0712166725054226,1.29688377718736,0.321059063319807,10263.0000000001,6.09251500714931,0.0808941680863859,6749.0000000001,1.00947132118425,7.10198632823356,0.0339030282593715,0,0,0.187360667469147,-0.121423534133774,-0.630854075119342,-0.150885462991106,-0.44920061188257,-0.123176259379483,-0.355662827124901,-0.283898520729499,0.993616323102049,122.0000000001,121.22119140635,0.993616323102049,122.0000000001,121.22119140635,2.98133681555515,1.56314477689075,1e-10,-0.331618184280901,-0.379471093501828,-0.213577641471588,-0.523027572222205,4.44089209850063e-16,-0.442168103240265,0.0604361265687467,0.0700768154627031,-0.445455142800426,-0.195283638493619,0.257902250079954,-0.0996733040075274,-0.187601818462208,-0.187601818462208,0.866988418397267,0.0860362547390264,-0.403528312527851,-0.241313418129692,0.136922969052852,-0.57274883647307,0.5874492009864,1.03690511996948,0.27721424653275,10263.0000000001,0.0290840756799471,0.00481895247942438,0.347714983402378,1.25439028208993,4812.99470038391,0.001953125,18,1,"SNETWORK (1 137 4812.99470038391 0.347714983402378 6000014 18)",6
"15",137,6000015,-0.233599500629473,21,0,0,0,0,0,-0.481280953074702,-0.119264267375729,0.0462826715782863,0.0583449349560635,0.124668534588875,0.0785793927805587,0.113570905154002,0.124668534588875,0.124668534588875,0.0533858961584329,-0.105753428207827,-0.136196991755992,-0.172842337197175,-0.0926001859446369,0,0,0,0,-0.233599500629473,1,0.452543666699465,0.0990544654439583,0.100851597286893,-0.108246859904511,0.112636751031952,-0.246673244106887,0.192492613670025,0.0667891563121921,0.167584954899736,0.241659517335594,5020.0000000001,2.24308104415733,0.0979688964757228,13542.0000000001,2.45306112333366,4.696142167391,0.0255846952857125,0.198442837782752,0.151240048015598,0.419342071030576,0.245664082647331,-0.41044548274604,-0.00624240975154238,-0.33492487136365,0,0.18483489397722,0.172671932387799,0.425275390725,125.0000000001,53.159423828225,0.425275390725,125.0000000001,53.159423828225,1.39168168246663,0.822555640582638,1e-10,0.265213978668586,0.1299629065186,0.0343093975134259,0.020855394112916,0,0.0295718197295283,-0.412188411628795,-0.477940147681382,-0.174432955621559,0.52704822871116,-0.672125926323329,0.722315984475999,0.577011159016544,0.577011159016544,0.136760812100349,0.399911596323937,-0.472558831205842,-0.3872858880147,-0.340943266186459,-0.373892156547135,-0.0584376803113348,0.575350126052138,0,13542.0000000001,0.0122203593385167,0.0133643358471958,0.359788112536877,2.14185690094102,4833.96526158949,0.001953125,19,1,"SNETWORK (1 137 4833.96526158949 0.359788112536877 6000015 19)",6
"16",137,6000016,-0.573623837929015,14,0,0,0,0,0,1.07160737915752,0.72209906394624,0.412315267852737,0.459356895854852,0.499386899150303,-0.469330922637069,-0.441509794562191,0.499386899150303,0.499386899150303,0.180763479463402,-0.573410517317329,-0.711986240948498,-0.769052243793978,-0.539286623064561,0,0,0,0,-0.573623837929015,1,0,-0.0537871332383485,-0.0544435759665322,0.0882135108013304,-0.05764421161559,-0.584805512157206,0.126954236526204,0.459925015466492,-0.293722059172005,0.33573956557638,1773.0000000001,1.10064839387737,0.220713121455088,5280.0000000001,2.1547625543537,3.25541094813107,0.0199732872382656,-0.557206149922272,0.498746859267936,0.368926064463384,0.329041902228742,-0.197228815153085,0.0791716967307036,-0.18409344048066,0.115447878856546,0,0,0.278740777009722,54.0000000001,15.052001953225,0.278740777009722,54.0000000001,15.052001953225,0.201468877685932,0.0948280913869865,1e-10,-0.59388880323862,-0.676871069706855,-0.537114102850524,-0.399904355845938,4.44089209850063e-16,-0.442168103240265,-0.384806692837404,-0.446190534267339,-0.190134749996966,0.812979818682714,-0.886229039622617,0.375419361195168,0.938754221305628,0.938754221305628,0,-0.0868485991789408,-1.03284690175805,-0.954243776216513,-1.08347987582628,-0.795606903225314,-0.417901547663427,-0.288208447068831,-0.417382067868648,5280.0000000001,0.00675293127599828,0.0132203558622673,0.273371039096322,1.36066941865258,4683.86212696685,0.001953125,12,1,"SNETWORK (1 137 4683.86212696685 0.273371039096322 6000016 12)",6
"17",137,6000017,-1.13721116990872,5,0,0,0,0,0,-1.00854154898718,0.379297820978144,0.362204587317458,0.562592625858894,0.742351124052796,-1.85776100001374,-0.317218060365986,0.742351124052796,0.742351124052796,0.223003257222016,-0.741273287595969,-0.934019779674662,-1.12413441334304,-0.668411673638215,0,0,0,0,-1.13721116990872,1,-0.296780533774905,0.280392425926395,0.287322737469764,1.06303772877081,0.342572821410217,-1.16569811962967,0.456297408766097,0.559838552187297,0.169479779346061,0.225109550968995,16753.0000000001,6.97306726345612,0.220053125161398,16946.0000000001,6.89496533599726,13.8680325993534,0.0656251915071384,-0.269504001411819,0.227764497798706,0.445574418929319,-0.521397428366926,-1.73472882966907,0,-1.20687133213429,0.0604338944730984,-1.85370392929253,-1.83700941612765,0.335482999313836,159.0000000001,53.3417968751,0.335482999313836,159.0000000001,53.3417968751,1.39594119937925,0.705549692543484,1e-10,-1.1025419001695,-0.67495406181595,-0.549492926301398,-0.558515279774677,0,-0.442168103240265,0.228530342461526,0.264985192558268,-0.541847222266122,0.500006006188208,-0.194308707761705,-0.000721718869836006,0.544678672163125,0.544678672163125,0.812220850020302,-0.0676282439063211,0,0,-0.280532124051891,0.349112321646093,-0.98390435953941,-0.441405828670354,-0.417382067868648,16946.0000000001,0.0329973895415585,0.0326278018655799,0.160691775449323,1.08048563809946,4488.14257749587,0.001953125,3,1,"SNETWORK (1 137 4488.14257749587 0.160691775449323 6000017 3)",6
"18",137,6000018,-0.0516133104688963,24,0,0,0,0,0,0.501227183939391,0.0106371781055137,0.00586807605855014,0.00535545875061751,0.0119300528622894,0.817309281049959,-0.00652133741895669,0.0119300528622894,0.0119300528622894,0.00466465730578959,-0.0104744314064221,-0.0122647189926797,-0.010192023019533,-0.0107027215906426,0,0,0,0,-0.0516133104688963,1,1.48047611900305,1.20571240941479,1.26771505608469,0.788923962573989,2.17920262325667,-0.0432052796472576,0.449541735196993,0.0118775202927826,0.179764298665636,0.229209750232669,6875.0000000001,2.9136886000029,0.146777720186937,8662.0000000001,2.3507998883203,5.2644884882232,0.0121545649628297,-0.216326360543128,-0.324169530044642,0.269879537994206,0.595588017883095,0.424812044292027,-0.702043569554877,0.128172755805324,-0.652622043256649,-0.274473352407522,-0.252214400369652,0.492170624019931,217.0000000001,106.801025390725,0.492170624019931,217.0000000001,106.801025390725,2.34436512109993,0.372942541807741,1e-10,-1.09032210121514,-0.553465879632465,1.70685872505415,-0.479906964322867,4.44089209850063e-16,-0.242017283686951,-0.716370887631751,-0.830641292140496,0,0.38945558160518,0.371994626835565,-0.10812571172635,0.415712000199291,0.415712000199291,1.97282940155429,0.453821256171709,-0.624727939823885,-0.401794507988451,-0.0859634075386753,-0.784852073395687,0.076795963092707,0.82456323612472,-0.417382067868648,8662.0000000001,0.00672707655406664,0.00542748830876308,0.399245880419743,2.238625286147,4902.50188761287,0.001953125,22,1,"SNETWORK (1 137 4902.50188761287 0.399245880419743 6000018 22)",6
"19",137,6000019,0.345614201200032,35,1,1,1,1,1,-0.61773304189857,-0.767038263817686,-0.64246643628836,-0.50788536099759,-0.446206076597647,0.119117989928409,0.741089350222545,-0.446206076597647,-0.446206076597647,-0.764774170542912,0.443006973930341,0.395506149472465,0.294526764571041,0.482994763201916,-1,1,-1,1,0.345614201200032,1,0.765674544911727,0.351554121283789,0.361103297468206,0,0.441986277670044,0.31443749144022,-0.903032827786772,-0.451848897965877,0.45559121037979,0.108113908664916,12031.0000000001,2.40503078433245,0.204256563052081,27415.0000000001,10.3538439337118,12.7588747179443,0.0571307098418353,0.30501315958306,-0.588615597166557,-0.925411218687529,-0.872125502936522,0.0165112075536548,-1.12258394221209,0,-1.20345976740692,-0.377376987966104,-0.313757988558961,0.472320986565669,142.0000000001,67.069580078225,0.472320986565669,142.0000000001,67.069580078225,1.71656820939225,0.88385943766271,1e-10,0.105324956214502,0.485913143743613,1.68921630775646,0.504954553500172,-4.44089209850063e-16,0.55783189675972,-1.12967329725019,-1.30986698794203,0.237007930502186,-0.0777520022455469,-0.179341830514102,0.762996014389882,-0.0762699686964028,-0.0762699686964028,-0.657160197508696,0.237151040606242,1.11842170629825,1.08311590950605,0.761829012805892,1.47644859806873,-0.464814367498304,-0.442869718948109,-0.334730564658981,27415.0000000001,0.0107690622169051,0.0463616475249302,0.551002965361138,0.0314559641992673,5166.09811048852,0.001953125,32,1,"SNETWORK (1 137 5166.09811048852 0.551002965361138 6000019 32)",6
"20",137,6000020,0.534365038452232,42,1,1,1,1,1,-0.238270445988424,-0.553141611974326,-0.67821734860589,-0.900476789269622,-0.863524324859265,-0.0241100682697291,1.0980838999468,-0.863524324859265,-0.863524324859265,-2.02753077269919,0.5775618879079,0.271017596355154,0.20910573476567,0.66840739372717,-1,1,-1,1,0.534365038452232,1,-0.953347506246908,-0.648445878716211,-0.638896702531794,0.078848925133284,-0.558013722329956,0.512887151528909,0.174359750154479,-0.789409739044879,-1.11283560434265,0.104435480351028,999.0000000001,0.192908294375437,0.0785066555344366,1817.0000000001,0.263753813604902,0.45666210788034,0.00445265762676309,-0.683461479772094,0.52560555878377,0.226690979676576,-0.148746853303546,-0.75268610867563,0.644603079281521,-1.07077780032583,0.411324731255049,0.340373500498778,0.376601947381256,0.551066946576064,47.0000000001,25.900146484475,0.551066946576064,47.0000000001,25.900146484475,0.755012202732119,0.986471090615346,1e-10,-0.225605767635698,0.279433382792872,1.67554972431381,0.185568290857599,0,0.557831896759735,-1.12967329725019,-1.30986698794207,0.23700793050221,-0.185556528042563,-0.119736640544746,0.994296596634693,-0.178564738261931,-0.178564738261931,0.258047497566643,0.924696334414077,0.48679159015798,0.560010095012181,0.441277818773188,0.665734374804767,-0.501353001727623,-1.5813690577994,-0.41738206773388,1817.0000000001,0.001880941190097,0.00257171633666609,0.642183049604849,1.57876674593495,5324.47441178218,0.001953125,39,1,"SNETWORK (1 137 5324.47441178218 0.642183049604849 6000020 39)",6
"21",137,6000021,0.14858727937747,28,0,0,0,0,0,0.852545841676463,0,-0.0320960302282063,-0.0388467238514393,-0.0634095446973605,1.06285194971817,-0.0368213510205132,-0.0634095446973605,-0.0634095446973605,-0.041010854007752,0.0617161966723687,0.0801480833215441,0.0928182002990812,0.0558310480580372,0,0,0,0,0.14858727937747,1,0.310822560887204,-0.525683879423115,-0.521143312333686,0.239136455045293,-0.472659082713438,0.119682206455607,-0.340654990249582,-0.0380922920968091,-0.879910757033995,0.804415052982896,1210.0000000001,1.79971154961334,0.273370603150397,949.0000000001,0.479684149297775,2.27939569881112,0.0201953081240676,-1.22047306630065,1.1218057346682,-0.790291498672266,0.123572206475972,1.44972123061553,0.104256355869278,1.86958882257203,0.0796512600060128,3.19018155873796,2.92936012613206,0.646721540278571,35.0000000001,22.63525390635,0.646721540278571,35.0000000001,22.63525390635,0.378583810514433,0.574333508157635,1e-10,1.41194948507042,1.18640959493288,0.443646047831536,1.70630412977794,0.0328527185365228,-0.887647770786654,-0.120805981222317,-0.341057003551053,-0.9078442965891,-0.718835611998609,0.695050296344879,-0.567916952842328,-0.63033811140153,-0.63033811140153,-0.489942516918276,0.698141657307795,-0.1828338781017,-0.0786549748618769,0.236152162385432,-0.281190895907248,1.14738184878036,1.4032984460737,1.23454637637078,1210.0000000001,0.0159453354752953,0.00424997254877228,0.451298000232132,0.64503516536206,4992.91441880056,0.001953125,25,1,"SNETWORK (1 137 4992.91441880056 0.451298000232132 6000021 25)",6
"22",137,6000022,-1.03093361948948,7,0,0,0,0,0,-0.795160937453199,0.401796284541077,0.372109235760883,0.552888429813925,0.7211981175153,-1.7719917171304,-0.32083406761958,0.7211981175153,0.7211981175153,0.219241925032065,-0.733968476834577,-0.924486172179371,-1.10070132018093,-0.664555905936117,0,0,0,0,-1.03093361948948,1,-0.977963758500196,-0.449778479239702,-0.447522743667109,0.459865219773079,-0.415684535646671,-1.04998174256211,0.370328581073082,0.55131521082878,-0.319543124024512,0.414023094618774,5953.0000000001,4.55719690912447,0.448431480361484,7020.0000000001,5.82063745340953,10.377834362434,0.0866637240031713,-0.304143164124455,1.04221788986623,0.339972735772462,0.518922648978397,0.159550000306675,0.59348343962945,0.190605951402606,0.531556559484821,0.252217664353358,0.247283439165881,0.45603703888012,83.0000000001,37.85107421885,0.45603703888012,83.0000000001,37.85107421885,0.733965513408852,0.325857879968438,1e-10,-0.722085738482018,-0.854540688950545,1.5494534616598,-0.554826148118015,0,-0.442168103240265,0.228530342461526,0.264985192558268,-0.541847222266122,0.806098254142502,-0.498419435726684,0.536568918186849,0.929605743600323,0.929605743600323,0.157037524540366,-0.671828036608618,-0.323528652641094,-0.343716429523199,-0.762667112196521,0.140244576909933,-1.09692583519936,-0.0428184936896006,-0.417382067868648,7020.0000000001,0.038056461580223,0.0486072623229483,0.185044402616629,2.71968845836818,4530.4421547504,0.001953125,5,1,"SNETWORK (1 137 4530.4421547504 0.185044402616629 6000022 5)",6
"23",137,6000023,0.0649357025378824,26,0,0,0,0,0,0.793961460080301,0.0560279241402764,-0.00457633723158917,-0.0125559497612311,-0.0276484960344643,1.00147499419096,-0.0320364591196581,-0.0276484960344643,-0.0276484960344643,-0.0137188133176765,0.0206950623442729,0.0280381306361409,0.040308053129433,0.0166997770443659,0,0,0,0,0.0649357025378824,1,-1.35144821095904,-0.750758400598654,-0.735725562517778,0.347070010204728,-0.623216216166396,0.0399937971940914,0.110638347285618,-0.0110911516759714,-0.66051665075879,0.213162799343918,191.0000000001,0.0752804362370504,0.084970880996121,278.0000000001,0.0436769458231913,0.118957381960242,0.00125634814190743,1.63241859112382,-1.09115838671056,0.0607642104791668,0.338415356298022,0.327147024792608,0.693298964666452,0.504115017922687,0.543575070862481,-2.19014025697334,-2.00805034216187,0.357001410690278,18.0000000001,6.426025390725,0.357001410690278,18.0000000001,6.426025390725,1e-10,0.196807329204679,1e-10,0.00435036096575127,0.0918988445407653,-0.0522066498325701,-0.0862443211283526,-4.44089209850063e-16,-0.307005936981563,-0.633898890375202,-0.735014807441732,-0.0472935593991048,-0.358772209441953,0.308849645489176,-0.130474046739457,-0.334872171228022,-0.334872171228022,0.131548622992756,0.645559393639528,-0.421828052615987,-0.327839496160799,-0.020415952262733,-0.500131220363522,1.18677566690628,1.19202232178132,0.213824780301196,278.0000000001,0.000795061450207747,0.000461286591699681,0.421838620885814,0.512094934627856,4941.74460931885,0.001953125,23,1,"SNETWORK (1 137 4941.74460931885 0.421838620885814 6000023 23)",6
"24",137,6000024,-0.492637440866324,15,0,0,0,0,0,1.19200036930194,0.760791090034806,0.413429396127204,0.449910929477104,0.472824515504762,-0.297763197444102,-0.451511342789953,0.472824515504762,0.472824515504762,0.17678620441787,-0.551965528941779,-0.682038350835919,-0.722614341142146,-0.523044917508082,0,0,0,0,-0.492637440866324,1,0.409355882558028,0.133440844289301,0.136033318933053,-0.0103787499893295,0.153798783256652,-0.507187594741952,0.379031220153222,0.449527060770269,0.398258208883435,0.555143797543301,1060.0000000001,1.08804962017545,0.322968698313374,8181.0000000001,4.88544547029482,5.97349509037027,0.0316856186192142,1.65789413163972,-0.482636054874721,-0.72261929355385,0.188097856198297,1.31794099995701,0.0796096258598466,1.00976462082122,0.114666062396791,1.16089059725926,1.12999902514475,1.12311975289851,67.0000000001,75.2490234376,1.12311975289851,67.0000000001,75.2490234376,1.60743448222942,1.19511466384054,1e-10,-0.20792695061468,0,-0.135876812035458,-0.131905088703742,0,-0.442168103240265,0,0,-0.410798602812568,0,0.09780299648445,-0.0954224596486086,0,0,-1.44988701714479,-0.250432599961039,-0.534371762778125,-0.453623966517115,-0.354194604796227,-0.464991818539341,0.649843099417686,1.18996519887476,0.0610532061340443,8181.0000000001,0.00577141600866817,0.025914202510546,0.284132769865015,1.56044306233525,4702.55483962225,0.001953125,13,1,"SNETWORK (1 137 4702.55483962225 0.284132769865015 6000024 13)",6
"25",137,6000025,0.14858727937747,28,0,0,0,0,0,0.852545841676463,0,-0.0320960302282063,-0.0388467238514393,-0.0634095446973605,1.06285194971817,-0.0368213510205132,-0.0634095446973605,-0.0634095446973605,-0.041010854007752,0.0617161966723687,0.0801480833215441,0.0928182002990812,0.0558310480580372,0,0,0,0,0.14858727937747,1,0.310822560887204,-0.525683879423115,-0.521143312333686,0.239136455045293,-0.472659082713438,0.119682206455607,-0.340654990249582,-0.0380922920968091,-0.879910757033995,0.804415052982896,1210.0000000001,1.79971154961334,0.273370603150397,949.0000000001,0.479684149297775,2.27939569881112,0.0201953081240676,-1.22047306630065,1.1218057346682,-0.790291498672266,0.123572206475972,1.44972123061553,0.104256355869278,1.86958882257203,0.0796512600060128,3.19018155873796,2.92936012613206,0.646721540278571,35.0000000001,22.63525390635,0.646721540278571,35.0000000001,22.63525390635,0.378583810514433,0.574333508157635,1e-10,1.41194948507042,1.18640959493288,0.443646047831536,1.70630412977794,0.0328527185365228,-0.887647770786654,-0.120805981222317,-0.341057003551053,-0.9078442965891,-0.718835611998609,0.695050296344879,-0.567916952842328,-0.63033811140153,-0.63033811140153,-0.489942516918276,0.698141657307795,-0.1828338781017,-0.0786549748618769,0.236152162385432,-0.281190895907248,1.14738184878036,1.4032984460737,1.23454637637078,1210.0000000001,0.0159453354752953,0.00424997254877228,0.451298000232132,0.64503516536206,4992.91441880056,0.001953125,25,1,"SNETWORK (1 137 4992.91441880056 0.451298000232132 6000025 25)",6
"26",137,6000026,-0.0516133104688963,24,0,0,0,0,0,0.501227183939391,0.0106371781055137,0.00586807605855014,0.00535545875061751,0.0119300528622894,0.817309281049959,-0.00652133741895669,0.0119300528622894,0.0119300528622894,0.00466465730578959,-0.0104744314064221,-0.0122647189926797,-0.010192023019533,-0.0107027215906426,0,0,0,0,-0.0516133104688963,1,1.48047611900305,1.20571240941479,1.26771505608469,0.788923962573989,2.17920262325667,-0.0432052796472576,0.449541735196993,0.0118775202927826,0.179764298665636,0.229209750232669,6875.0000000001,2.9136886000029,0.146777720186937,8662.0000000001,2.3507998883203,5.2644884882232,0.0121545649628297,-0.216326360543128,-0.324169530044642,0.269879537994206,0.595588017883095,0.424812044292027,-0.702043569554877,0.128172755805324,-0.652622043256649,-0.274473352407522,-0.252214400369652,0.492170624019931,217.0000000001,106.801025390725,0.492170624019931,217.0000000001,106.801025390725,2.34436512109993,0.372942541807741,1e-10,-1.09032210121514,-0.553465879632465,1.70685872505415,-0.479906964322867,4.44089209850063e-16,-0.242017283686951,-0.716370887631751,-0.830641292140496,0,0.38945558160518,0.371994626835565,-0.10812571172635,0.415712000199291,0.415712000199291,1.97282940155429,0.453821256171709,-0.624727939823885,-0.401794507988451,-0.0859634075386753,-0.784852073395687,0.076795963092707,0.82456323612472,-0.417382067868648,8662.0000000001,0.00672707655406664,0.00542748830876308,0.399245880419743,2.238625286147,4902.50188761287,0.001953125,22,1,"SNETWORK (1 137 4902.50188761287 0.399245880419743 6000026 22)",6
"27",137,6000027,-1.08025347262404,6,0,0,0,0,0,-0.879903582952965,0.38419912217013,0.372544103513152,0.557880870046856,0.732897512717278,-1.81773430506879,-0.317496322497592,0.732897512717278,0.732897512717278,0.220494395684918,-0.737005103526751,-0.928681379892048,-1.1128783897674,-0.665624430847616,0,0,0,0,-1.08025347262404,1,-0.261275512464323,-0.270489999235276,-0.271334348135717,0.465584007090864,-0.267063864086689,-1.11749645294582,0.457779029306304,0.556808610550011,-0.442434006582904,0.163856490880277,8354.0000000001,2.53101934792335,0.197733020795458,9740.0000000001,3.56102893377606,6.09204828159941,0.0442424251021194,0.783210363444713,-0.155346923704118,0.360455441951119,0.51744102843819,0.123504638958245,0.483154315818136,0.125118366812842,0.447758066812992,-1.00973652843228,-1.00117272176571,0.0641097185065934,91.0000000001,5.8339843751,0.0641097185065934,91.0000000001,5.8339843751,0.286345596888541,0.351930777907924,1e-10,-1.05093327223351,-0.902177643231021,1.72414429343113,-0.667136606557835,0,-0.442168103240265,0.228530342461544,0.264985192558268,-0.541847222266122,0.694517511859148,-0.178283516280761,0.167965914221712,0.784373872489518,0.784373872489518,0.749816295999921,-0.868465166509623,0.100759172127148,0.0632214431475701,-0.313104181254169,0.532777140876285,-1.06843320447078,0.615318223560616,-0.417382067868648,9740.0000000001,0.0183810811242334,0.0258613438778859,0.172249572977487,1.78746578061535,4508.21802751102,0.001953125,4,1,"SNETWORK (1 137 4508.21802751102 0.172249572977487 6000027 4)",6
"28",137,6000028,0.209195571593392,30,0,0,0.441450207249837,0.436437215789535,0.41884108254202,-0.383854623890275,-0.595067781421389,-0.348068555987299,-0.299142228409754,-0.257463429680488,0.105653889892668,0.664530876989178,-0.257463429680488,-0.257463429680488,-0.431587611814015,0.350586963402161,0.379162823195607,0.296879790424009,0.368127206079171,-0.638674737394601,0.604928550890359,-0.573500316935898,1.39463197374592,0.209195571593392,1,0.296828896027664,0.148969076765996,0.151948784727643,0.128894423242773,0.172748390505405,0.177567378581852,-0.707948292088265,-0.193323693174619,-0.300087195461247,0.178520612628622,16311.0000000001,5.3840154881148,0.0678631734459217,5295.0000000001,0.664412007886479,6.04842749590128,0.031698298470957,-0.764322006884176,0.957251504556788,-0.895572106095646,-0.750794543206603,0.164717601598754,-0.785159379217041,0.11646547803512,-0.765673582639536,-0.110409457010785,-0.0806060097981734,0.320495092668277,119.0000000001,38.138916015725,0.320495092668277,119.0000000001,38.138916015725,1.04086171120554,0.686019371559428,1e-10,0.815663775881817,1.26682021066014,0.332192559840024,1.74179494266009,0.0470587213771991,-0.406866887538911,3.01034547725802,6.20550354675113,2.18739950436908,-0.831994297695144,0.553078789471803,-0.448592910163522,-0.715593644550499,-0.715593644550499,-0.0820865982482364,0.300591768401353,0.14996643939137,0.354284373479906,0.513375367179842,0.0756471202882392,0.796855673577095,0.429336301435245,2.66997878157616,16311.0000000001,0.0282162809244914,0.00348201744646562,0.480463192086564,1.06108254531864,5043.57323591767,0.001953125,27,1,"SNETWORK (1 137 5043.57323591767 0.480463192086564 6000028 27)",6
"29",137,6000029,0.14858727937747,28,0,0,0,0,0,0.852545841676463,0,-0.0320960302282063,-0.0388467238514393,-0.0634095446973605,1.06285194971817,-0.0368213510205132,-0.0634095446973605,-0.0634095446973605,-0.041010854007752,0.0617161966723687,0.0801480833215441,0.0928182002990812,0.0558310480580372,0,0,0,0,0.14858727937747,1,0.310822560887204,-0.525683879423115,-0.521143312333686,0.239136455045293,-0.472659082713438,0.119682206455607,-0.340654990249582,-0.0380922920968091,-0.879910757033995,0.804415052982896,1210.0000000001,1.79971154961334,0.273370603150397,949.0000000001,0.479684149297775,2.27939569881112,0.0201953081240676,-1.22047306630065,1.1218057346682,-0.790291498672266,0.123572206475972,1.44972123061553,0.104256355869278,1.86958882257203,0.0796512600060128,3.19018155873796,2.92936012613206,0.646721540278571,35.0000000001,22.63525390635,0.646721540278571,35.0000000001,22.63525390635,0.378583810514433,0.574333508157635,1e-10,1.41194948507042,1.18640959493288,0.443646047831536,1.70630412977794,0.0328527185365228,-0.887647770786654,-0.120805981222317,-0.341057003551053,-0.9078442965891,-0.718835611998609,0.695050296344879,-0.567916952842328,-0.63033811140153,-0.63033811140153,-0.489942516918276,0.698141657307795,-0.1828338781017,-0.0786549748618769,0.236152162385432,-0.281190895907248,1.14738184878036,1.4032984460737,1.23454637637078,1210.0000000001,0.0159453354752953,0.00424997254877228,0.451298000232132,0.64503516536206,4992.91441880056,0.001953125,25,1,"SNETWORK (1 137 4992.91441880056 0.451298000232132 6000029 25)",6
"30",137,6000030,-0.899192794476065,9,0,0,0,0,0,-0.114064384482099,0.552639629568554,0.399906964330206,0.52224517597042,0.64037587442667,-1.27910544564576,-0.390814458625093,0.64037587442667,0.64037587442667,0.206439022090952,-0.690706155843671,-0.863046723092417,-0.978898341767191,-0.637997772797073,0,0,0,0,-0.899192794476065,1,-0.157916724619225,-0.318795506441412,-0.319109882831824,-0.187848307412185,-0.309154577519619,-0.90257312677747,0.336220773072611,0.539374333822795,0.698074462982305,0.287976347512264,2837.0000000001,1.51061397915016,0.427470781382665,7628.0000000001,6.02912744047268,7.53974141952284,0.0568548977842919,-0.642894411895699,0.625282255690085,-0.0595135011927315,0.410428458210398,0.667695067406844,0.451270878001512,0.728797069886137,0.421230534843137,1.27296992403908,1.25451308405688,1.78039744553651,63.0000000001,112.1650390626,1.78039744553651,63.0000000001,112.1650390626,2.46964737824474,2.05159479922243,1e-10,-0.717287235524325,-0.85922861673495,-0.586370136701592,-0.550758166240719,0,-0.442168103240265,0.228530342461526,0.264985192558268,-0.541847222266146,0.791153924239293,-0.641844336878515,0.371209895429635,0.909815999099547,0.909815999099547,-0.705456528090405,-0.727342565172144,-0.405552769586613,-0.330970785784364,-0.520670794404013,-0.149145578904168,-0.904857517889738,-0.285375959506382,-0.417382067868648,7628.0000000001,0.0113910807336324,0.0454638169506595,0.211318193809518,3.30129272762848,4576.07872006624,0.001953125,7,1,"SNETWORK (1 137 4576.07872006624 0.211318193809518 6000030 7)",6
"31",137,6000031,-0.39290711497796,17,0,0,0,0,0,1.11234796134154,0.713951788442836,0.383587431334009,0.421457014116555,0.433014347997069,-0.310988773728941,-0.430531553696222,0.433014347997069,0.433014347997069,0.175701834213045,-0.520018232491613,-0.643897370903059,-0.679985069747357,-0.492949606711631,0,0,0,0,-0.39290711497796,1,0.59162834739622,1.10939754110231,1.16387886688952,-0.0590805358250173,1.9213027522593,-0.421623445453396,-0.797372854539807,0.419462436922802,1.11445485406454,0.166139326726798,2464.0000000001,0.756920894591161,0.0898925380368025,6806.0000000001,1.13123525471025,1.88815614920141,0.00469711198494127,-0.30641495820182,-1.02353422815454,0,-0.681268746719979,-1.33565130618907,-1.37338429045024,-0.498784120544616,-1.48011970744781,-0.585916477515538,-0.571867885055559,0.00520833343333333,105.0000000001,0.5468750001,0.00520833343333333,105.0000000001,0.5468750001,0.137313824427715,0.261604367923828,1e-10,-1.46325490110972,-1.16739022930709,-0.787922764685821,-0.753374717026833,4.44089209850063e-16,-0.442168103240251,-0.453670621228348,-0.526039496312351,-0.15064533832487,0.839324316189604,-0.877806467423698,1.1598602580382,0.97398631498768,0.97398631498768,-0.494863985634786,0.446443576869546,-0.507893683909695,-0.452398303766307,-0.463165984460022,-0.35154662054394,-0.494995761113421,0.520595831514283,-0.417382067868648,6806.0000000001,0.00188297039477737,0.00281414149016389,0.311170533499389,4.43714349996299,4749.51839570122,0.001953125,15,1,"SNETWORK (1 137 4749.51839570122 0.311170533499389 6000031 15)",6
"32",137,6000032,-0.69316037045999,12,0,0,0,0,0,0.630178566076792,0.666931394045994,0.413053320334799,0.488420832023473,0.560867408251625,-0.838113196219344,-0.458302126898475,0.560867408251625,0.560867408251625,0.193853488163515,-0.629060517220569,-0.784142904000071,-0.865567130515883,-0.586801163352056,0,0,0,0,-0.69316037045999,1,-0.0417541905309324,0.142608274302534,0.145427267965387,0.482702398899719,0.164958584352908,-0.706006584505416,0.449666673010325,0.503801402792168,0.374991229707529,0.622391045550519,3235.0000000001,3.722845089183,0.686552892000547,5733.0000000001,7.27768555357856,11.0005306426616,0.0579366797609794,-0.778635805703494,0.861492181792367,0.260755984744926,0.256129183548593,-0.133031542991126,0.11278353678002,-0.11144376402718,0.147922448616155,0.123726998068609,0.12309302194565,0.270059664055479,73.0000000001,19.71435546885,0.270059664055479,73.0000000001,19.71435546885,0.310363113938013,0.0835159764596201,1e-10,0,-0.200292742844864,-0.149424592867837,-0.0108158632661236,4.44089209850063e-16,0.011154784063534,-0.387174331684762,-0.448935855650586,-0.188777049312823,0.595004046548833,-0.690324722750875,-0.173419055216132,0.65965764285717,0.65965764285717,0.0129284689829249,0.210892845081844,-0.847980544186363,-0.711681586680563,-0.702895197618421,-0.744476402135926,-0.453659520872792,-0.317574772045018,0.524529112742051,5733.0000000001,0.0196071708140279,0.0383295088469515,0.248765722761929,1.36916188589129,4641.12363834267,0.001953125,10,1,"SNETWORK (1 137 4641.12363834267 0.248765722761929 6000032 10)",6
"33",137,6000033,0.618146654743493,45,1,1,1,1,1,-0.382790310274012,-0.520800090707235,-0.711054834441404,-0.973735423122408,-0.962121726250128,-0.118798923276673,1.1836553178046,-0.962121726250128,-0.962121726250128,-2.51577233418215,0.600214296935729,0.236438820218479,0.179519236083258,0.702995435640488,-1,1,-1,1,0.618146654743493,1,-1.56223666348413,-1.43828915527503,-1.35033590988873,-0.539244540893855,-0.949834484379824,0.593146899704738,-0.455477894124772,-0.966976244959414,-1.4108922840401,0.134620662297155,378.0000000001,0.0940894364516597,0.0783685041331851,624.0000000001,0.0904197894351207,0.18450922578678,0.0033401435770721,1.02624052295199,-0.374717744309915,0.31092595185664,-0.286801739280588,-1.06691562497164,0.81217912976759,-2.80086275214826,0.513181346764269,-1.17316335046334,-0.92528692330742,0.366278754440278,18.0000000001,6.593017578225,0.366278754440278,18.0000000001,6.593017578225,0.00390028064649545,0.208896375767469,1e-10,0.205883828947362,1.08523326975494,0,1.57720315377282,0.0359264913835857,0.665606265881706,2.99594665596873,6.80271269393972,3.44270209699208,-0.564352272779302,0.554117640704356,0,-0.508223462552644,-0.508223462552644,-0.0886144267106269,-1.0352954663249,0.311803860260537,0.562383448686732,0.589943261501177,0.286981929149557,0.28864186307931,-0.765070010965791,0.820529259222741,624.0000000001,0.00170328727965554,0.00163685619741656,0.680256725358844,1.26835879857386,5390.60692298336,0.001953125,42,1,"SNETWORK (1 137 5390.60692298336 0.680256725358844 6000033 42)",6
"34",137,6000034,0.618146654743493,45,1,1,1,1,1,-0.382790310274012,-0.520800090707235,-0.711054834441404,-0.973735423122408,-0.962121726250128,-0.118798923276673,1.1836553178046,-0.962121726250128,-0.962121726250128,-2.51577233418215,0.600214296935729,0.236438820218479,0.179519236083258,0.702995435640488,-1,1,-1,1,0.618146654743493,1,-1.56223666348413,-1.43828915527503,-1.35033590988873,-0.539244540893855,-0.949834484379824,0.593146899704738,-0.455477894124772,-0.966976244959414,-1.4108922840401,0.134620662297155,378.0000000001,0.0940894364516597,0.0783685041331851,624.0000000001,0.0904197894351207,0.18450922578678,0.0033401435770721,1.02624052295199,-0.374717744309915,0.31092595185664,-0.286801739280588,-1.06691562497164,0.81217912976759,-2.80086275214826,0.513181346764269,-1.17316335046334,-0.92528692330742,0.366278754440278,18.0000000001,6.593017578225,0.366278754440278,18.0000000001,6.593017578225,0.00390028064649545,0.208896375767469,1e-10,0.205883828947362,1.08523326975494,0,1.57720315377282,0.0359264913835857,0.665606265881706,2.99594665596873,6.80271269393972,3.44270209699208,-0.564352272779302,0.554117640704356,0,-0.508223462552644,-0.508223462552644,-0.0886144267106269,-1.0352954663249,0.311803860260537,0.562383448686732,0.589943261501177,0.286981929149557,0.28864186307931,-0.765070010965791,0.820529259222741,624.0000000001,0.00170328727965554,0.00163685619741656,0.680256725358844,1.26835879857386,5390.60692298336,0.001953125,42,1,"SNETWORK (1 137 5390.60692298336 0.680256725358844 6000034 42)",6
"35",137,6000035,0.618146654743493,45,1,1,1,1,1,-0.382790310274012,-0.520800090707235,-0.711054834441404,-0.973735423122408,-0.962121726250128,-0.118798923276673,1.1836553178046,-0.962121726250128,-0.962121726250128,-2.51577233418215,0.600214296935729,0.236438820218479,0.179519236083258,0.702995435640488,-1,1,-1,1,0.618146654743493,1,-1.56223666348413,-1.43828915527503,-1.35033590988873,-0.539244540893855,-0.949834484379824,0.593146899704738,-0.455477894124772,-0.966976244959414,-1.4108922840401,0.134620662297155,378.0000000001,0.0940894364516597,0.0783685041331851,624.0000000001,0.0904197894351207,0.18450922578678,0.0033401435770721,1.02624052295199,-0.374717744309915,0.31092595185664,-0.286801739280588,-1.06691562497164,0.81217912976759,-2.80086275214826,0.513181346764269,-1.17316335046334,-0.92528692330742,0.366278754440278,18.0000000001,6.593017578225,0.366278754440278,18.0000000001,6.593017578225,0.00390028064649545,0.208896375767469,1e-10,0.205883828947362,1.08523326975494,0,1.57720315377282,0.0359264913835857,0.665606265881706,2.99594665596873,6.80271269393972,3.44270209699208,-0.564352272779302,0.554117640704356,0,-0.508223462552644,-0.508223462552644,-0.0886144267106269,-1.0352954663249,0.311803860260537,0.562383448686732,0.589943261501177,0.286981929149557,0.28864186307931,-0.765070010965791,0.820529259222741,624.0000000001,0.00170328727965554,0.00163685619741656,0.680256725358844,1.26835879857386,5390.60692298336,0.001953125,42,1,"SNETWORK (1 137 5390.60692298336 0.680256725358844 6000035 42)",6
"36",137,6000036,0.371869728817958,36,1,1,1,1,1,-0.499600589716334,-0.720585126595492,-0.641412364831907,-0.532286193320459,-0.484501178372176,0.3539820219877,0.665459678583653,-0.484501178372176,-0.484501178372176,-0.817562403686624,0.42536689464924,0.362059503339985,0.274491847100333,0.465606904151726,-1,1,-1,1,0.371869728817958,1,0.686470943208632,-1.02495771083143,-0.988825795030572,-1.5966898740256,-0.774539208490884,0.345167486489491,-0.950758911200288,-0.526464471791355,3.36682982444412,0.0960457422774806,2544.0000000001,0.451785791532154,0.11602873445536,2908.0000000001,0.623874596161086,1.07566038759324,0.0140774767244866,0.655459239518395,0.498222135262381,-0.886968835769762,-0.841889208114679,0,-0.294401371260841,0.00516236350505012,-0.322175028408555,-0.329135859826382,-0.274594125576731,0.244873046975,29.0000000001,7.101318359475,0.244873046975,29.0000000001,7.101318359475,0.0157721872222316,0.0506960018149281,1e-10,-0.088418743552594,0.453467407707244,-0.173585076528697,0.46476537681623,-4.44089209850063e-16,0.55783189675972,-1.12967329725025,-1.30986698794199,0.23700793050221,-0.148632686675917,-0.122532814705001,0.681320985042834,-0.143972065898052,-0.143972065898052,-0.222095342611097,0.349223486077916,1.00985568407417,1.04312938940043,0.726622577052823,1.32418920632648,-0.358864386583587,-0.433137349365545,-0.204275322096704,2908.0000000001,0.00591265049090718,0.00816482613357938,0.564475445180071,1.73269516345406,5189.49929004077,0.001953125,33,1,"SNETWORK (1 137 5189.49929004077 0.564475445180071 6000036 33)",6
"37",137,6000037,0.315680024126891,34,1,1,1,1,1,-0.610394705514109,-0.738063363458669,-0.567981845314361,-0.441613897995539,-0.402939032174003,0.221074240980845,0.628998068013572,-0.402939032174003,-0.402939032174003,-0.658979056402643,0.399062732904826,0.373351520165902,0.282936549597709,0.431178578928442,-1,1,-1,1,0.315680024126891,1,0.801128758147738,-0.422266501690182,-0.420691982065096,-1.0884055465084,-0.394194646757559,0.287278664400957,-0.933269122608615,-0.440541588091919,1.10310819165174,0.098240287192559,5561.0000000001,1.01013603139672,0.0835674618200252,3877.0000000001,0.599060047639038,1.60919607893576,0.0131530869003019,-0.650367025465132,1.22119640283426,-0.878957535745839,-0.679990499565244,0.247283006339245,-0.702464821913099,0.290685719239834,-0.707244360136243,0.12185748213558,0.110107907505325,0.11223380806371,62.0000000001,6.95849609385,0.11223380806371,62.0000000001,6.95849609385,0.0124364209653605,0.122142472247991,1e-10,0.704229595452968,1.4257084031414,1.69174709154758,2.33146910041705,0.0574393373406266,-0.332470457532867,3.81734531548876,8.41790317476621,4.08094626903009,-0.68459380280428,0.500985555579128,-0.316271927771791,-0.603851044448385,-0.603851044448385,0.108743361504651,-0.00449362117004537,0.296123028750177,0.462310244869985,0.519923079979706,0.307141597048028,0.674265826927701,0,1.21926400544209,5561.0000000001,0.00825654938792223,0.00489653741237968,0.538737404883076,0.1686060152133,5144.79330343639,0.001953125,31,1,"SNETWORK (1 137 5144.79330343639 0.538737404883076 6000037 31)",6
"38",137,6000038,-0.274439873894915,20,0,0,0,0,0,-0.393526687468295,-0.0910946684393504,0.065823070991576,0.0719749704345743,0.143738846806196,0.0467274641620567,0.103127737247277,0.143738846806196,0.143738846806196,0.0629130264845238,-0.125198178646079,-0.15859068006513,-0.189056213184544,-0.113075041176285,0,0,0,0,-0.274439873894915,1,1.15928073955349,0.269117433357634,0.27566294050511,-0.482566374647501,0.327317370312161,-0.296608915542054,0.184520462975238,0.0712166725054226,1.29688377718736,0.321059063319807,10263.0000000001,6.09251500714931,0.0808941680863859,6749.0000000001,1.00947132118425,7.10198632823356,0.0339030282593715,0,0,0.187360667469147,-0.121423534133774,-0.630854075119342,-0.150885462991106,-0.44920061188257,-0.123176259379483,-0.355662827124901,-0.283898520729499,0.993616323102049,122.0000000001,121.22119140635,0.993616323102049,122.0000000001,121.22119140635,2.98133681555515,1.56314477689075,1e-10,-0.331618184280901,-0.379471093501828,-0.213577641471588,-0.523027572222205,4.44089209850063e-16,-0.442168103240265,0.0604361265687467,0.0700768154627031,-0.445455142800426,-0.195283638493619,0.257902250079954,-0.0996733040075274,-0.187601818462208,-0.187601818462208,0.866988418397267,0.0860362547390264,-0.403528312527851,-0.241313418129692,0.136922969052852,-0.57274883647307,0.5874492009864,1.03690511996948,0.27721424653275,10263.0000000001,0.0290840756799471,0.00481895247942438,0.347714983402378,1.25439028208993,4812.99470038391,0.001953125,18,1,"SNETWORK (1 137 4812.99470038391 0.347714983402378 6000038 18)",6
"39",137,6000039,-0.274439873894915,20,0,0,0,0,0,-0.393526687468295,-0.0910946684393504,0.065823070991576,0.0719749704345743,0.143738846806196,0.0467274641620567,0.103127737247277,0.143738846806196,0.143738846806196,0.0629130264845238,-0.125198178646079,-0.15859068006513,-0.189056213184544,-0.113075041176285,0,0,0,0,-0.274439873894915,1,1.15928073955349,0.269117433357634,0.27566294050511,-0.482566374647501,0.327317370312161,-0.296608915542054,0.184520462975238,0.0712166725054226,1.29688377718736,0.321059063319807,10263.0000000001,6.09251500714931,0.0808941680863859,6749.0000000001,1.00947132118425,7.10198632823356,0.0339030282593715,0,0,0.187360667469147,-0.121423534133774,-0.630854075119342,-0.150885462991106,-0.44920061188257,-0.123176259379483,-0.355662827124901,-0.283898520729499,0.993616323102049,122.0000000001,121.22119140635,0.993616323102049,122.0000000001,121.22119140635,2.98133681555515,1.56314477689075,1e-10,-0.331618184280901,-0.379471093501828,-0.213577641471588,-0.523027572222205,4.44089209850063e-16,-0.442168103240265,0.0604361265687467,0.0700768154627031,-0.445455142800426,-0.195283638493619,0.257902250079954,-0.0996733040075274,-0.187601818462208,-0.187601818462208,0.866988418397267,0.0860362547390264,-0.403528312527851,-0.241313418129692,0.136922969052852,-0.57274883647307,0.5874492009864,1.03690511996948,0.27721424653275,10263.0000000001,0.0290840756799471,0.00481895247942438,0.347714983402378,1.25439028208993,4812.99470038391,0.001953125,18,1,"SNETWORK (1 137 4812.99470038391 0.347714983402378 6000039 18)",6
"40",137,6000040,0.534365038452232,42,1,1,1,1,1,-0.238270445988424,-0.553141611974326,-0.67821734860589,-0.900476789269622,-0.863524324859265,-0.0241100682697291,1.0980838999468,-0.863524324859265,-0.863524324859265,-2.02753077269919,0.5775618879079,0.271017596355154,0.20910573476567,0.66840739372717,-1,1,-1,1,0.534365038452232,1,-0.953347506246908,-0.648445878716211,-0.638896702531794,0.078848925133284,-0.558013722329956,0.512887151528909,0.174359750154479,-0.789409739044879,-1.11283560434265,0.104435480351028,999.0000000001,0.192908294375437,0.0785066555344366,1817.0000000001,0.263753813604902,0.45666210788034,0.00445265762676309,-0.683461479772094,0.52560555878377,0.226690979676576,-0.148746853303546,-0.75268610867563,0.644603079281521,-1.07077780032583,0.411324731255049,0.340373500498778,0.376601947381256,0.551066946576064,47.0000000001,25.900146484475,0.551066946576064,47.0000000001,25.900146484475,0.755012202732119,0.986471090615346,1e-10,-0.225605767635698,0.279433382792872,1.67554972431381,0.185568290857599,0,0.557831896759735,-1.12967329725019,-1.30986698794207,0.23700793050221,-0.185556528042563,-0.119736640544746,0.994296596634693,-0.178564738261931,-0.178564738261931,0.258047497566643,0.924696334414077,0.48679159015798,0.560010095012181,0.441277818773188,0.665734374804767,-0.501353001727623,-1.5813690577994,-0.41738206773388,1817.0000000001,0.001880941190097,0.00257171633666609,0.642183049604849,1.57876674593495,5324.47441178218,0.001953125,39,1,"SNETWORK (1 137 5324.47441178218 0.642183049604849 6000040 39)",6
"41",137,6000041,0.734102728653137,48,1,1,1,1,1,0.701721606060881,-0.241545298080846,-0.702804740026319,-1.08931752518675,-1.14403170014518,0.465221520615783,0.73353950462883,-1.14403170014518,-1.14403170014518,-3.21121260998187,0.586787963334226,0.109879674837288,0.0016044944387962,0.725781547184855,-1,1,-1,1,0.734102728653137,1,-0.131783211858721,-1.79490746688928,-1.63985128920603,-1.8076222935083,-1.06202870998076,0.705794303407,-1.03800313677777,-1.0834147032297,0.557565993417096,0.077571408124856,7.0000000001,0.00100400783591862,0.0691073335642819,14.0000000001,0.00178891431913121,0.00279292205504984,6.69920672218988e-05,0.092025121144632,0.742752970881907,-0.271481829394923,-0.486210123252981,-0.423749882626849,0.154218666149767,-0.84259468986918,-0.0108945412697273,0.0626598294368575,0.0562724152036832,0.01513671885,2.0000000001,0.0302734376,0.01513671885,2.0000000001,0.0302734376,0.149379604597867,0.24866696721628,1e-10,2.11015087209894,1.18102382905115,1.4916227914772,0.64334357057017,0.0499999523162842,0.707824648890227,4.61207305737166,9.98064821782248,4.69846657264264,-0.767712387775702,0.937638529338993,-0.41768122912116,-0.667587137817412,-0.667587137817412,-0.46463290784991,-6.95074683529658,-0.0629476089464067,0.126026197544769,0.2462183038541,-0.0943536957849943,0.494997220095515,-0.481994245050695,1.7784135397502,14.0000000001,2.40824679019694e-05,4.29094993199294e-05,0.724972189229569,1.2731063893329,5468.27596482749,0.001953125,45,1,"SNETWORK (1 137 5468.27596482749 0.724972189229569 6000041 45)",6
"42",137,6000042,-0.39290711497796,17,0,0,0,0,0,1.11234796134154,0.713951788442836,0.383587431334009,0.421457014116555,0.433014347997069,-0.310988773728941,-0.430531553696222,0.433014347997069,0.433014347997069,0.175701834213045,-0.520018232491613,-0.643897370903059,-0.679985069747357,-0.492949606711631,0,0,0,0,-0.39290711497796,1,0.59162834739622,1.10939754110231,1.16387886688952,-0.0590805358250173,1.9213027522593,-0.421623445453396,-0.797372854539807,0.419462436922802,1.11445485406454,0.166139326726798,2464.0000000001,0.756920894591161,0.0898925380368025,6806.0000000001,1.13123525471025,1.88815614920141,0.00469711198494127,-0.30641495820182,-1.02353422815454,0,-0.681268746719979,-1.33565130618907,-1.37338429045024,-0.498784120544616,-1.48011970744781,-0.585916477515538,-0.571867885055559,0.00520833343333333,105.0000000001,0.5468750001,0.00520833343333333,105.0000000001,0.5468750001,0.137313824427715,0.261604367923828,1e-10,-1.46325490110972,-1.16739022930709,-0.787922764685821,-0.753374717026833,4.44089209850063e-16,-0.442168103240251,-0.453670621228348,-0.526039496312351,-0.15064533832487,0.839324316189604,-0.877806467423698,1.1598602580382,0.97398631498768,0.97398631498768,-0.494863985634786,0.446443576869546,-0.507893683909695,-0.452398303766307,-0.463165984460022,-0.35154662054394,-0.494995761113421,0.520595831514283,-0.417382067868648,6806.0000000001,0.00188297039477737,0.00281414149016389,0.311170533499389,4.43714349996299,4749.51839570122,0.001953125,15,1,"SNETWORK (1 137 4749.51839570122 0.311170533499389 6000042 15)",6
"43",137,6000043,-1.13721116990872,5,0,0,0,0,0,-1.00854154898718,0.379297820978144,0.362204587317458,0.562592625858894,0.742351124052796,-1.85776100001374,-0.317218060365986,0.742351124052796,0.742351124052796,0.223003257222016,-0.741273287595969,-0.934019779674662,-1.12413441334304,-0.668411673638215,0,0,0,0,-1.13721116990872,1,-0.296780533774905,0.280392425926395,0.287322737469764,1.06303772877081,0.342572821410217,-1.16569811962967,0.456297408766097,0.559838552187297,0.169479779346061,0.225109550968995,16753.0000000001,6.97306726345612,0.220053125161398,16946.0000000001,6.89496533599726,13.8680325993534,0.0656251915071384,-0.269504001411819,0.227764497798706,0.445574418929319,-0.521397428366926,-1.73472882966907,0,-1.20687133213429,0.0604338944730984,-1.85370392929253,-1.83700941612765,0.335482999313836,159.0000000001,53.3417968751,0.335482999313836,159.0000000001,53.3417968751,1.39594119937925,0.705549692543484,1e-10,-1.1025419001695,-0.67495406181595,-0.549492926301398,-0.558515279774677,0,-0.442168103240265,0.228530342461526,0.264985192558268,-0.541847222266122,0.500006006188208,-0.194308707761705,-0.000721718869836006,0.544678672163125,0.544678672163125,0.812220850020302,-0.0676282439063211,0,0,-0.280532124051891,0.349112321646093,-0.98390435953941,-0.441405828670354,-0.417382067868648,16946.0000000001,0.0329973895415585,0.0326278018655799,0.160691775449323,1.08048563809946,4488.14257749587,0.001953125,3,1,"SNETWORK (1 137 4488.14257749587 0.160691775449323 6000043 3)",6
"44",137,6000044,-0.628130271182042,13,0,0,0,0,0,0.992607103488298,0.723630660118156,0.415152076401437,0.467713806679541,0.515498821627824,-0.530824520931973,-0.441761546395672,0.515498821627824,0.515498821627824,0.182437596313376,-0.58787014243675,-0.730612661660889,-0.79089426523433,-0.552343960653828,0,0,0,0,-0.628130271182042,1,-0.0297757458061741,0.100583182757369,0.102413835407393,0.391750413891072,0.114443549615736,-0.654832513510509,0.267898282556649,0.473535528208645,-0.226237582038088,0.315803878903922,1376.0000000001,0.803476609598199,0.228372704981851,4109.0000000001,1.73507272006963,2.53854932956783,0.0138136563347729,0.305474416036134,-0.734533790193195,0.123569575164897,0.510810292682418,0.530686242186044,0.0401659888615161,0.411937847172541,0.0845989944367282,0.118213561861137,0.120133119322413,0.445556640725,41.0000000001,18.267822265725,0.445556640725,41.0000000001,18.267822265725,0.276577789028677,0.312201166936345,1e-10,-0.683406884305523,-0.629883141687873,-0.409612599309906,-0.573268701071649,0,-0.442168103240265,0.228530342461526,0.264985192558268,-0.541847222266122,0.145988338294017,-0.0850156626565554,0.080757150440827,0.14907516184315,0.14907516184315,0.53536709215009,-0.553556423130454,-0.692429394978376,-0.574872827067308,-0.455978523896694,-0.653860770127978,-0.0959912811559093,1.38014123210306,-0.417382067868648,4109.0000000001,0.0043721623005119,0.00944149393426104,0.260107320891565,0.764271194478995,4660.82355831345,0.001953125,11,1,"SNETWORK (1 137 4660.82355831345 0.260107320891565 6000044 11)",6
"45",137,6000045,0.209195571593392,30,0,0,0.441450207249837,0.436437215789535,0.41884108254202,-0.383854623890275,-0.595067781421389,-0.348068555987299,-0.299142228409754,-0.257463429680488,0.105653889892668,0.664530876989178,-0.257463429680488,-0.257463429680488,-0.431587611814015,0.350586963402161,0.379162823195607,0.296879790424009,0.368127206079171,-0.638674737394601,0.604928550890359,-0.573500316935898,1.39463197374592,0.209195571593392,1,0.296828896027664,0.148969076765996,0.151948784727643,0.128894423242773,0.172748390505405,0.177567378581852,-0.707948292088265,-0.193323693174619,-0.300087195461247,0.178520612628622,16311.0000000001,5.3840154881148,0.0678631734459217,5295.0000000001,0.664412007886479,6.04842749590128,0.031698298470957,-0.764322006884176,0.957251504556788,-0.895572106095646,-0.750794543206603,0.164717601598754,-0.785159379217041,0.11646547803512,-0.765673582639536,-0.110409457010785,-0.0806060097981734,0.320495092668277,119.0000000001,38.138916015725,0.320495092668277,119.0000000001,38.138916015725,1.04086171120554,0.686019371559428,1e-10,0.815663775881817,1.26682021066014,0.332192559840024,1.74179494266009,0.0470587213771991,-0.406866887538911,3.01034547725802,6.20550354675113,2.18739950436908,-0.831994297695144,0.553078789471803,-0.448592910163522,-0.715593644550499,-0.715593644550499,-0.0820865982482364,0.300591768401353,0.14996643939137,0.354284373479906,0.513375367179842,0.0756471202882392,0.796855673577095,0.429336301435245,2.66997878157616,16311.0000000001,0.0282162809244914,0.00348201744646562,0.480463192086564,1.06108254531864,5043.57323591767,0.001953125,27,1,"SNETWORK (1 137 5043.57323591767 0.480463192086564 6000045 27)",6
