"stats.bias","stats.std.bias","stats.MSPE","stats.RMSPE","stats.std.MSPE","stats.RAV","stats.cor2","stats.cover.80","stats.cover.90","stats.cover.95","cv_predict","se.fit","bootstrap_rep"
-0.457057260907144,-0.155004945205755,291.179886269573,17.0639938545926,2.11247365997039,10.2604280137228,0.107899341889141,0.731707317073171,0.804878048780488,0.878048780487805,13.5578811060044,9.53707438180648,1
-0.457057260907144,-0.155004945205755,291.179886269573,17.0639938545926,2.11247365997039,10.2604280137228,0.107899341889141,0.731707317073171,0.804878048780488,0.878048780487805,2.73210734760513,9.93918167247029,1
-0.457057260907144,-0.155004945205755,291.179886269573,17.0639938545926,2.11247365997039,10.2604280137228,0.107899341889141,0.731707317073171,0.804878048780488,0.878048780487805,2.73210734761117,9.93918167247032,1
-0.457057260907144,-0.155004945205755,291.179886269573,17.0639938545926,2.11247365997039,10.2604280137228,0.107899341889141,0.731707317073171,0.804878048780488,0.878048780487805,4.92252880045441,9.41963974102202,1
-0.457057260907144,-0.155004945205755,291.179886269573,17.0639938545926,2.11247365997039,10.2604280137228,0.107899341889141,0.731707317073171,0.804878048780488,0.878048780487805,53.4135989141926,18.9700375706712,1
-0.457057260907144,-0.155004945205755,291.179886269573,17.0639938545926,2.11247365997039,10.2604280137228,0.107899341889141,0.731707317073171,0.804878048780488,0.878048780487805,-16.936885223944,11.0850850167371,1
-0.457057260907144,-0.155004945205755,291.179886269573,17.0639938545926,2.11247365997039,10.2604280137228,0.107899341889141,0.731707317073171,0.804878048780488,0.878048780487805,2.22355158521463,9.87942129895138,1
-0.457057260907144,-0.155004945205755,291.179886269573,17.0639938545926,2.11247365997039,10.2604280137228,0.107899341889141,0.731707317073171,0.804878048780488,0.878048780487805,21.9537249467478,8.68434094530725,1
-0.457057260907144,-0.155004945205755,291.179886269573,17.0639938545926,2.11247365997039,10.2604280137228,0.107899341889141,0.731707317073171,0.804878048780488,0.878048780487805,3.70419251193488,9.34894605509731,1
-0.457057260907144,-0.155004945205755,291.179886269573,17.0639938545926,2.11247365997039,10.2604280137228,0.107899341889141,0.731707317073171,0.804878048780488,0.878048780487805,26.5751962127172,7.94277564406604,1
-0.457057260907144,-0.155004945205755,291.179886269573,17.0639938545926,2.11247365997039,10.2604280137228,0.107899341889141,0.731707317073171,0.804878048780488,0.878048780487805,8.22653908852416,8.16748127279701,1
-0.457057260907144,-0.155004945205755,291.179886269573,17.0639938545926,2.11247365997039,10.2604280137228,0.107899341889141,0.731707317073171,0.804878048780488,0.878048780487805,8.22653908852451,8.16748127279698,1
-0.457057260907144,-0.155004945205755,291.179886269573,17.0639938545926,2.11247365997039,10.2604280137228,0.107899341889141,0.731707317073171,0.804878048780488,0.878048780487805,29.414467760358,8.47068508131355,1
-0.457057260907144,-0.155004945205755,291.179886269573,17.0639938545926,2.11247365997039,10.2604280137228,0.107899341889141,0.731707317073171,0.804878048780488,0.878048780487805,26.7092487485394,8.26452374424854,1
-0.457057260907144,-0.155004945205755,291.179886269573,17.0639938545926,2.11247365997039,10.2604280137228,0.107899341889141,0.731707317073171,0.804878048780488,0.878048780487805,26.5751864222116,7.94277717888487,1
-0.457057260907144,-0.155004945205755,291.179886269573,17.0639938545926,2.11247365997039,10.2604280137228,0.107899341889141,0.731707317073171,0.804878048780488,0.878048780487805,20.3238174404805,8.45959102488418,1
-0.457057260907144,-0.155004945205755,291.179886269573,17.0639938545926,2.11247365997039,10.2604280137228,0.107899341889141,0.731707317073171,0.804878048780488,0.878048780487805,26.7092350462432,8.26452543844023,1
-0.457057260907144,-0.155004945205755,291.179886269573,17.0639938545926,2.11247365997039,10.2604280137228,0.107899341889141,0.731707317073171,0.804878048780488,0.878048780487805,-27.8834598228766,15.1650717466095,1
-0.457057260907144,-0.155004945205755,291.179886269573,17.0639938545926,2.11247365997039,10.2604280137228,0.107899341889141,0.731707317073171,0.804878048780488,0.878048780487805,-8.17123748159324,11.9704625650017,1
-0.457057260907144,-0.155004945205755,291.179886269573,17.0639938545926,2.11247365997039,10.2604280137228,0.107899341889141,0.731707317073171,0.804878048780488,0.878048780487805,26.0170642141312,8.41993115477193,1
-0.457057260907144,-0.155004945205755,291.179886269573,17.0639938545926,2.11247365997039,10.2604280137228,0.107899341889141,0.731707317073171,0.804878048780488,0.878048780487805,29.4144584846048,8.47068423925874,1
-0.457057260907144,-0.155004945205755,291.179886269573,17.0639938545926,2.11247365997039,10.2604280137228,0.107899341889141,0.731707317073171,0.804878048780488,0.878048780487805,22.8635216920136,12.5958664345939,1
-0.457057260907144,-0.155004945205755,291.179886269573,17.0639938545926,2.11247365997039,10.2604280137228,0.107899341889141,0.731707317073171,0.804878048780488,0.878048780487805,6.55535716808413,7.85241664287559,1
-0.457057260907144,-0.155004945205755,291.179886269573,17.0639938545926,2.11247365997039,10.2604280137228,0.107899341889141,0.731707317073171,0.804878048780488,0.878048780487805,13.5578811060041,9.53707438180652,1
-0.457057260907144,-0.155004945205755,291.179886269573,17.0639938545926,2.11247365997039,10.2604280137228,0.107899341889141,0.731707317073171,0.804878048780488,0.878048780487805,21.9537266336958,8.68434136824775,1
-0.457057260907144,-0.155004945205755,291.179886269573,17.0639938545926,2.11247365997039,10.2604280137228,0.107899341889141,0.731707317073171,0.804878048780488,0.878048780487805,-11.7180563616631,10.2661988794532,1
-0.457057260907144,-0.155004945205755,291.179886269573,17.0639938545926,2.11247365997039,10.2604280137228,0.107899341889141,0.731707317073171,0.804878048780488,0.878048780487805,21.9537309692509,8.68434142438611,1
-0.457057260907144,-0.155004945205755,291.179886269573,17.0639938545926,2.11247365997039,10.2604280137228,0.107899341889141,0.731707317073171,0.804878048780488,0.878048780487805,3.7041995124683,9.34894590855955,1
-0.457057260907144,-0.155004945205755,291.179886269573,17.0639938545926,2.11247365997039,10.2604280137228,0.107899341889141,0.731707317073171,0.804878048780488,0.878048780487805,7.89436829651421,9.50609595677184,1
-0.457057260907144,-0.155004945205755,291.179886269573,17.0639938545926,2.11247365997039,10.2604280137228,0.107899341889141,0.731707317073171,0.804878048780488,0.878048780487805,6.55535716808327,7.85241664287561,1
-0.457057260907144,-0.155004945205755,291.179886269573,17.0639938545926,2.11247365997039,10.2604280137228,0.107899341889141,0.731707317073171,0.804878048780488,0.878048780487805,6.5553631253394,7.85241712893454,1
-0.457057260907144,-0.155004945205755,291.179886269573,17.0639938545926,2.11247365997039,10.2604280137228,0.107899341889141,0.731707317073171,0.804878048780488,0.878048780487805,32.0144625708576,23.7642922489039,1
-0.457057260907144,-0.155004945205755,291.179886269573,17.0639938545926,2.11247365997039,10.2604280137228,0.107899341889141,0.731707317073171,0.804878048780488,0.878048780487805,26.7092487485309,8.26452374424814,1
-0.457057260907144,-0.155004945205755,291.179886269573,17.0639938545926,2.11247365997039,10.2604280137228,0.107899341889141,0.731707317073171,0.804878048780488,0.878048780487805,-0.250653461433647,11.0779272261085,1
-0.457057260907144,-0.155004945205755,291.179886269573,17.0639938545926,2.11247365997039,10.2604280137228,0.107899341889141,0.731707317073171,0.804878048780488,0.878048780487805,38.5865228738257,8.95409504546517,1
-0.457057260907144,-0.155004945205755,291.179886269573,17.0639938545926,2.11247365997039,10.2604280137228,0.107899341889141,0.731707317073171,0.804878048780488,0.878048780487805,2.22354590673027,9.87942163922017,1
-0.457057260907144,-0.155004945205755,291.179886269573,17.0639938545926,2.11247365997039,10.2604280137228,0.107899341889141,0.731707317073171,0.804878048780488,0.878048780487805,8.22653674044835,8.16748271283859,1
-0.457057260907144,-0.155004945205755,291.179886269573,17.0639938545926,2.11247365997039,10.2604280137228,0.107899341889141,0.731707317073171,0.804878048780488,0.878048780487805,6.55535814823762,7.85241726250919,1
-0.457057260907144,-0.155004945205755,291.179886269573,17.0639938545926,2.11247365997039,10.2604280137228,0.107899341889141,0.731707317073171,0.804878048780488,0.878048780487805,8.22653908853053,8.16748127279743,1
-0.457057260907144,-0.155004945205755,291.179886269573,17.0639938545926,2.11247365997039,10.2604280137228,0.107899341889141,0.731707317073171,0.804878048780488,0.878048780487805,38.5865176922624,8.95409581228847,1
-0.457057260907144,-0.155004945205755,291.179886269573,17.0639938545926,2.11247365997039,10.2604280137228,0.107899341889141,0.731707317073171,0.804878048780488,0.878048780487805,26.5751962127156,7.94277564406616,1
0.120204858111496,0.0370669632837115,96.8121089491049,9.83931445524051,1.53895304596429,7.98857747491366,0.327428085372668,0.780487804878049,0.780487804878049,0.853658536585366,5.6442234170613,8.24059940225403,2
0.120204858111496,0.0370669632837115,96.8121089491049,9.83931445524051,1.53895304596429,7.98857747491366,0.327428085372668,0.780487804878049,0.780487804878049,0.853658536585366,11.0859902723892,6.72943510525726,2
0.120204858111496,0.0370669632837115,96.8121089491049,9.83931445524051,1.53895304596429,7.98857747491366,0.327428085372668,0.780487804878049,0.780487804878049,0.853658536585366,11.2980166058922,7.41641575509252,2
0.120204858111496,0.0370669632837115,96.8121089491049,9.83931445524051,1.53895304596429,7.98857747491366,0.327428085372668,0.780487804878049,0.780487804878049,0.853658536585366,28.324296322123,6.79453720837671,2
0.120204858111496,0.0370669632837115,96.8121089491049,9.83931445524051,1.53895304596429,7.98857747491366,0.327428085372668,0.780487804878049,0.780487804878049,0.853658536585366,11.0859812292742,6.72943448546992,2
0.120204858111496,0.0370669632837115,96.8121089491049,9.83931445524051,1.53895304596429,7.98857747491366,0.327428085372668,0.780487804878049,0.780487804878049,0.853658536585366,31.7191980216397,9.20913966840853,2
0.120204858111496,0.0370669632837115,96.8121089491049,9.83931445524051,1.53895304596429,7.98857747491366,0.327428085372668,0.780487804878049,0.780487804878049,0.853658536585366,10.9644907396947,8.7895359357794,2
0.120204858111496,0.0370669632837115,96.8121089491049,9.83931445524051,1.53895304596429,7.98857747491366,0.327428085372668,0.780487804878049,0.780487804878049,0.853658536585366,12.9972725314757,8.09605465205651,2
0.120204858111496,0.0370669632837115,96.8121089491049,9.83931445524051,1.53895304596429,7.98857747491366,0.327428085372668,0.780487804878049,0.780487804878049,0.853658536585366,7.1777039299116,8.09362950108445,2
0.120204858111496,0.0370669632837115,96.8121089491049,9.83931445524051,1.53895304596429,7.98857747491366,0.327428085372668,0.780487804878049,0.780487804878049,0.853658536585366,19.9464980878263,7.39480918020863,2
0.120204858111496,0.0370669632837115,96.8121089491049,9.83931445524051,1.53895304596429,7.98857747491366,0.327428085372668,0.780487804878049,0.780487804878049,0.853658536585366,0.0455304968704457,14.73157041998,2
0.120204858111496,0.0370669632837115,96.8121089491049,9.83931445524051,1.53895304596429,7.98857747491366,0.327428085372668,0.780487804878049,0.780487804878049,0.853658536585366,15.9082482533242,7.52542236705914,2
0.120204858111496,0.0370669632837115,96.8121089491049,9.83931445524051,1.53895304596429,7.98857747491366,0.327428085372668,0.780487804878049,0.780487804878049,0.853658536585366,24.077074881184,6.41720378931191,2
0.120204858111496,0.0370669632837115,96.8121089491049,9.83931445524051,1.53895304596429,7.98857747491366,0.327428085372668,0.780487804878049,0.780487804878049,0.853658536585366,6.49794042549667,7.45600127275701,2
0.120204858111496,0.0370669632837115,96.8121089491049,9.83931445524051,1.53895304596429,7.98857747491366,0.327428085372668,0.780487804878049,0.780487804878049,0.853658536585366,19.1317951850263,6.52075027137785,2
0.120204858111496,0.0370669632837115,96.8121089491049,9.83931445524051,1.53895304596429,7.98857747491366,0.327428085372668,0.780487804878049,0.780487804878049,0.853658536585366,11.3042967217381,6.69740552381197,2
0.120204858111496,0.0370669632837115,96.8121089491049,9.83931445524051,1.53895304596429,7.98857747491366,0.327428085372668,0.780487804878049,0.780487804878049,0.853658536585366,17.3772811559997,7.4108350329435,2
0.120204858111496,0.0370669632837115,96.8121089491049,9.83931445524051,1.53895304596429,7.98857747491366,0.327428085372668,0.780487804878049,0.780487804878049,0.853658536585366,8.6322170602609,7.05555548228665,2
0.120204858111496,0.0370669632837115,96.8121089491049,9.83931445524051,1.53895304596429,7.98857747491366,0.327428085372668,0.780487804878049,0.780487804878049,0.853658536585366,15.2953305680662,11.0217194577018,2
0.120204858111496,0.0370669632837115,96.8121089491049,9.83931445524051,1.53895304596429,7.98857747491366,0.327428085372668,0.780487804878049,0.780487804878049,0.853658536585366,11.5581722790017,7.09414721116911,2
0.120204858111496,0.0370669632837115,96.8121089491049,9.83931445524051,1.53895304596429,7.98857747491366,0.327428085372668,0.780487804878049,0.780487804878049,0.853658536585366,28.3242865724852,6.79453741111955,2
0.120204858111496,0.0370669632837115,96.8121089491049,9.83931445524051,1.53895304596429,7.98857747491366,0.327428085372668,0.780487804878049,0.780487804878049,0.853658536585366,24.0770748811788,6.41720378931315,2
0.120204858111496,0.0370669632837115,96.8121089491049,9.83931445524051,1.53895304596429,7.98857747491366,0.327428085372668,0.780487804878049,0.780487804878049,0.853658536585366,27.9887654590618,7.29332549724117,2
0.120204858111496,0.0370669632837115,96.8121089491049,9.83931445524051,1.53895304596429,7.98857747491366,0.327428085372668,0.780487804878049,0.780487804878049,0.853658536585366,6.18064931873859,7.01294903491399,2
0.120204858111496,0.0370669632837115,96.8121089491049,9.83931445524051,1.53895304596429,7.98857747491366,0.327428085372668,0.780487804878049,0.780487804878049,0.853658536585366,27.9887654590584,7.29332549724122,2
0.120204858111496,0.0370669632837115,96.8121089491049,9.83931445524051,1.53895304596429,7.98857747491366,0.327428085372668,0.780487804878049,0.780487804878049,0.853658536585366,31.6188648224262,6.84185772997487,2
0.120204858111496,0.0370669632837115,96.8121089491049,9.83931445524051,1.53895304596429,7.98857747491366,0.327428085372668,0.780487804878049,0.780487804878049,0.853658536585366,7.84451916901924,8.23791162420457,2
0.120204858111496,0.0370669632837115,96.8121089491049,9.83931445524051,1.53895304596429,7.98857747491366,0.327428085372668,0.780487804878049,0.780487804878049,0.853658536585366,15.9082482533245,7.52542236705908,2
0.120204858111496,0.0370669632837115,96.8121089491049,9.83931445524051,1.53895304596429,7.98857747491366,0.327428085372668,0.780487804878049,0.780487804878049,0.853658536585366,2.31466138795165,6.6855499322825,2
0.120204858111496,0.0370669632837115,96.8121089491049,9.83931445524051,1.53895304596429,7.98857747491366,0.327428085372668,0.780487804878049,0.780487804878049,0.853658536585366,-1.46853496115464,6.98661849666918,2
0.120204858111496,0.0370669632837115,96.8121089491049,9.83931445524051,1.53895304596429,7.98857747491366,0.327428085372668,0.780487804878049,0.780487804878049,0.853658536585366,6.18064386667152,7.01294782396304,2
0.120204858111496,0.0370669632837115,96.8121089491049,9.83931445524051,1.53895304596429,7.98857747491366,0.327428085372668,0.780487804878049,0.780487804878049,0.853658536585366,3.52516380784343,9.00942234228737,2
0.120204858111496,0.0370669632837115,96.8121089491049,9.83931445524051,1.53895304596429,7.98857747491366,0.327428085372668,0.780487804878049,0.780487804878049,0.853658536585366,19.1317985660267,6.5207511026722,2
0.120204858111496,0.0370669632837115,96.8121089491049,9.83931445524051,1.53895304596429,7.98857747491366,0.327428085372668,0.780487804878049,0.780487804878049,0.853658536585366,0.278646701264932,8.1216702494254,2
0.120204858111496,0.0370669632837115,96.8121089491049,9.83931445524051,1.53895304596429,7.98857747491366,0.327428085372668,0.780487804878049,0.780487804878049,0.853658536585366,28.3242963221221,6.79453720837668,2
0.120204858111496,0.0370669632837115,96.8121089491049,9.83931445524051,1.53895304596429,7.98857747491366,0.327428085372668,0.780487804878049,0.780487804878049,0.853658536585366,6.49794042547542,7.45600127275993,2
0.120204858111496,0.0370669632837115,96.8121089491049,9.83931445524051,1.53895304596429,7.98857747491366,0.327428085372668,0.780487804878049,0.780487804878049,0.853658536585366,13.6055654462434,12.1090487170159,2
0.120204858111496,0.0370669632837115,96.8121089491049,9.83931445524051,1.53895304596429,7.98857747491366,0.327428085372668,0.780487804878049,0.780487804878049,0.853658536585366,-17.0045063857912,10.5784552955602,2
0.120204858111496,0.0370669632837115,96.8121089491049,9.83931445524051,1.53895304596429,7.98857747491366,0.327428085372668,0.780487804878049,0.780487804878049,0.853658536585366,18.0592351477063,7.63017067200629,2
0.120204858111496,0.0370669632837115,96.8121089491049,9.83931445524051,1.53895304596429,7.98857747491366,0.327428085372668,0.780487804878049,0.780487804878049,0.853658536585366,18.0592351477063,7.63017067200406,2
0.120204858111496,0.0370669632837115,96.8121089491049,9.83931445524051,1.53895304596429,7.98857747491366,0.327428085372668,0.780487804878049,0.780487804878049,0.853658536585366,2.17856133847893,7.17414766973367,2
-0.0387933434437448,0.0326073608649328,99.1837003210839,9.95910138120322,1.59380020238182,7.8126609529218,0.352366548270064,0.585365853658537,0.731707317073171,0.878048780487805,30.9781157229631,13.766416113346,3
-0.0387933434437448,0.0326073608649328,99.1837003210839,9.95910138120322,1.59380020238182,7.8126609529218,0.352366548270064,0.585365853658537,0.731707317073171,0.878048780487805,5.75578646236036,5.61305827871467,3
-0.0387933434437448,0.0326073608649328,99.1837003210839,9.95910138120322,1.59380020238182,7.8126609529218,0.352366548270064,0.585365853658537,0.731707317073171,0.878048780487805,10.1843924172246,6.52236001104645,3
-0.0387933434437448,0.0326073608649328,99.1837003210839,9.95910138120322,1.59380020238182,7.8126609529218,0.352366548270064,0.585365853658537,0.731707317073171,0.878048780487805,27.1960237322647,6.42823904300995,3
-0.0387933434437448,0.0326073608649328,99.1837003210839,9.95910138120322,1.59380020238182,7.8126609529218,0.352366548270064,0.585365853658537,0.731707317073171,0.878048780487805,12.8796457615221,6.25476481091802,3
-0.0387933434437448,0.0326073608649328,99.1837003210839,9.95910138120322,1.59380020238182,7.8126609529218,0.352366548270064,0.585365853658537,0.731707317073171,0.878048780487805,12.0514292385603,5.71482204080542,3
-0.0387933434437448,0.0326073608649328,99.1837003210839,9.95910138120322,1.59380020238182,7.8126609529218,0.352366548270064,0.585365853658537,0.731707317073171,0.878048780487805,-1.2539961866612,7.11677338096759,3
-0.0387933434437448,0.0326073608649328,99.1837003210839,9.95910138120322,1.59380020238182,7.8126609529218,0.352366548270064,0.585365853658537,0.731707317073171,0.878048780487805,25.5000805028501,6.49678998037831,3
-0.0387933434437448,0.0326073608649328,99.1837003210839,9.95910138120322,1.59380020238182,7.8126609529218,0.352366548270064,0.585365853658537,0.731707317073171,0.878048780487805,15.7168564273311,5.88159205949029,3
-0.0387933434437448,0.0326073608649328,99.1837003210839,9.95910138120322,1.59380020238182,7.8126609529218,0.352366548270064,0.585365853658537,0.731707317073171,0.878048780487805,19.4231147647827,5.84324888082239,3
-0.0387933434437448,0.0326073608649328,99.1837003210839,9.95910138120322,1.59380020238182,7.8126609529218,0.352366548270064,0.585365853658537,0.731707317073171,0.878048780487805,19.4231147664032,5.84324888080166,3
-0.0387933434437448,0.0326073608649328,99.1837003210839,9.95910138120322,1.59380020238182,7.8126609529218,0.352366548270064,0.585365853658537,0.731707317073171,0.878048780487805,-0.912257524939656,6.76767156705504,3
-0.0387933434437448,0.0326073608649328,99.1837003210839,9.95910138120322,1.59380020238182,7.8126609529218,0.352366548270064,0.585365853658537,0.731707317073171,0.878048780487805,7.35459896890816,6.89012728825508,3
-0.0387933434437448,0.0326073608649328,99.1837003210839,9.95910138120322,1.59380020238182,7.8126609529218,0.352366548270064,0.585365853658537,0.731707317073171,0.878048780487805,10.1622296532634,5.90273256734341,3
-0.0387933434437448,0.0326073608649328,99.1837003210839,9.95910138120322,1.59380020238182,7.8126609529218,0.352366548270064,0.585365853658537,0.731707317073171,0.878048780487805,-32.3903214367447,18.7243178678019,3
-0.0387933434437448,0.0326073608649328,99.1837003210839,9.95910138120322,1.59380020238182,7.8126609529218,0.352366548270064,0.585365853658537,0.731707317073171,0.878048780487805,25.1332091449558,8.16683799340315,3
-0.0387933434437448,0.0326073608649328,99.1837003210839,9.95910138120322,1.59380020238182,7.8126609529218,0.352366548270064,0.585365853658537,0.731707317073171,0.878048780487805,24.2836183358565,5.99244161657766,3
-0.0387933434437448,0.0326073608649328,99.1837003210839,9.95910138120322,1.59380020238182,7.8126609529218,0.352366548270064,0.585365853658537,0.731707317073171,0.878048780487805,17.6282801443165,5.84118251255991,3
-0.0387933434437448,0.0326073608649328,99.1837003210839,9.95910138120322,1.59380020238182,7.8126609529218,0.352366548270064,0.585365853658537,0.731707317073171,0.878048780487805,-11.2571190064806,15.936294100039,3
-0.0387933434437448,0.0326073608649328,99.1837003210839,9.95910138120322,1.59380020238182,7.8126609529218,0.352366548270064,0.585365853658537,0.731707317073171,0.878048780487805,5.75558435084442,5.6132035988189,3
-0.0387933434437448,0.0326073608649328,99.1837003210839,9.95910138120322,1.59380020238182,7.8126609529218,0.352366548270064,0.585365853658537,0.731707317073171,0.878048780487805,-2.62309174770096,7.11240163435237,3
-0.0387933434437448,0.0326073608649328,99.1837003210839,9.95910138120322,1.59380020238182,7.8126609529218,0.352366548270064,0.585365853658537,0.731707317073171,0.878048780487805,14.3684151802396,6.55299120154084,3
-0.0387933434437448,0.0326073608649328,99.1837003210839,9.95910138120322,1.59380020238182,7.8126609529218,0.352366548270064,0.585365853658537,0.731707317073171,0.878048780487805,12.0532033341353,5.71488321143906,3
-0.0387933434437448,0.0326073608649328,99.1837003210839,9.95910138120322,1.59380020238182,7.8126609529218,0.352366548270064,0.585365853658537,0.731707317073171,0.878048780487805,-0.912699001517032,6.76785199151823,3
-0.0387933434437448,0.0326073608649328,99.1837003210839,9.95910138120322,1.59380020238182,7.8126609529218,0.352366548270064,0.585365853658537,0.731707317073171,0.878048780487805,12.1594286704625,5.5397796970315,3
-0.0387933434437448,0.0326073608649328,99.1837003210839,9.95910138120322,1.59380020238182,7.8126609529218,0.352366548270064,0.585365853658537,0.731707317073171,0.878048780487805,8.02367605659012,5.65360747633056,3
-0.0387933434437448,0.0326073608649328,99.1837003210839,9.95910138120322,1.59380020238182,7.8126609529218,0.352366548270064,0.585365853658537,0.731707317073171,0.878048780487805,28.2733676353109,12.9171269098863,3
-0.0387933434437448,0.0326073608649328,99.1837003210839,9.95910138120322,1.59380020238182,7.8126609529218,0.352366548270064,0.585365853658537,0.731707317073171,0.878048780487805,6.54910623001736,9.90063491005165,3
-0.0387933434437448,0.0326073608649328,99.1837003210839,9.95910138120322,1.59380020238182,7.8126609529218,0.352366548270064,0.585365853658537,0.731707317073171,0.878048780487805,2.45682798912439,6.62467743405758,3
-0.0387933434437448,0.0326073608649328,99.1837003210839,9.95910138120322,1.59380020238182,7.8126609529218,0.352366548270064,0.585365853658537,0.731707317073171,0.878048780487805,8.02407400830763,5.65391497001128,3
-0.0387933434437448,0.0326073608649328,99.1837003210839,9.95910138120322,1.59380020238182,7.8126609529218,0.352366548270064,0.585365853658537,0.731707317073171,0.878048780487805,14.5387065156401,5.76726133894865,3
-0.0387933434437448,0.0326073608649328,99.1837003210839,9.95910138120322,1.59380020238182,7.8126609529218,0.352366548270064,0.585365853658537,0.731707317073171,0.878048780487805,5.75436813931442,5.61301379053595,3
-0.0387933434437448,0.0326073608649328,99.1837003210839,9.95910138120322,1.59380020238182,7.8126609529218,0.352366548270064,0.585365853658537,0.731707317073171,0.878048780487805,14.5387065148427,5.76726133871754,3
-0.0387933434437448,0.0326073608649328,99.1837003210839,9.95910138120322,1.59380020238182,7.8126609529218,0.352366548270064,0.585365853658537,0.731707317073171,0.878048780487805,12.1576651066481,5.53963290126259,3
-0.0387933434437448,0.0326073608649328,99.1837003210839,9.95910138120322,1.59380020238182,7.8126609529218,0.352366548270064,0.585365853658537,0.731707317073171,0.878048780487805,19.3764679217397,7.01512227261609,3
-0.0387933434437448,0.0326073608649328,99.1837003210839,9.95910138120322,1.59380020238182,7.8126609529218,0.352366548270064,0.585365853658537,0.731707317073171,0.878048780487805,19.9762919904696,8.92763952232454,3
-0.0387933434437448,0.0326073608649328,99.1837003210839,9.95910138120322,1.59380020238182,7.8126609529218,0.352366548270064,0.585365853658537,0.731707317073171,0.878048780487805,15.7142334540453,5.88139800892206,3
-0.0387933434437448,0.0326073608649328,99.1837003210839,9.95910138120322,1.59380020238182,7.8126609529218,0.352366548270064,0.585365853658537,0.731707317073171,0.878048780487805,12.87964575778,6.2547648113829,3
-0.0387933434437448,0.0326073608649328,99.1837003210839,9.95910138120322,1.59380020238182,7.8126609529218,0.352366548270064,0.585365853658537,0.731707317073171,0.878048780487805,24.2822823218189,5.99226097706913,3
-0.0387933434437448,0.0326073608649328,99.1837003210839,9.95910138120322,1.59380020238182,7.8126609529218,0.352366548270064,0.585365853658537,0.731707317073171,0.878048780487805,32.1824159326975,7.24281127032702,3
-0.0387933434437448,0.0326073608649328,99.1837003210839,9.95910138120322,1.59380020238182,7.8126609529218,0.352366548270064,0.585365853658537,0.731707317073171,0.878048780487805,19.422072689999,5.84328337737493,3
0.477305233866498,0.110421727660765,288.892224210598,16.9968298282532,2.01408398107125,10.6614554701218,0.147866823568883,0.780487804878049,0.804878048780488,0.853658536585366,8.36995353495622,9.97872020540874,4
0.477305233866498,0.110421727660765,288.892224210598,16.9968298282532,2.01408398107125,10.6614554701218,0.147866823568883,0.780487804878049,0.804878048780488,0.853658536585366,12.8019262477941,8.72366957599611,4
0.477305233866498,0.110421727660765,288.892224210598,16.9968298282532,2.01408398107125,10.6614554701218,0.147866823568883,0.780487804878049,0.804878048780488,0.853658536585366,3.65773344260876,9.09287685305914,4
0.477305233866498,0.110421727660765,288.892224210598,16.9968298282532,2.01408398107125,10.6614554701218,0.147866823568883,0.780487804878049,0.804878048780488,0.853658536585366,12.8019255569419,8.72366959688573,4
0.477305233866498,0.110421727660765,288.892224210598,16.9968298282532,2.01408398107125,10.6614554701218,0.147866823568883,0.780487804878049,0.804878048780488,0.853658536585366,9.70574742993704,10.6301625720111,4
0.477305233866498,0.110421727660765,288.892224210598,16.9968298282532,2.01408398107125,10.6614554701218,0.147866823568883,0.780487804878049,0.804878048780488,0.853658536585366,3.657732924703,9.09287685998595,4
0.477305233866498,0.110421727660765,288.892224210598,16.9968298282532,2.01408398107125,10.6614554701218,0.147866823568883,0.780487804878049,0.804878048780488,0.853658536585366,9.70574765911232,10.6301625657939,4
0.477305233866498,0.110421727660765,288.892224210598,16.9968298282532,2.01408398107125,10.6614554701218,0.147866823568883,0.780487804878049,0.804878048780488,0.853658536585366,37.19225570849,15.4742770839097,4
0.477305233866498,0.110421727660765,288.892224210598,16.9968298282532,2.01408398107125,10.6614554701218,0.147866823568883,0.780487804878049,0.804878048780488,0.853658536585366,28.8305699319646,8.87379193319542,4
0.477305233866498,0.110421727660765,288.892224210598,16.9968298282532,2.01408398107125,10.6614554701218,0.147866823568883,0.780487804878049,0.804878048780488,0.853658536585366,25.6222487207609,9.41993803486199,4
0.477305233866498,0.110421727660765,288.892224210598,16.9968298282532,2.01408398107125,10.6614554701218,0.147866823568883,0.780487804878049,0.804878048780488,0.853658536585366,8.12263807473847,9.1327222130458,4
0.477305233866498,0.110421727660765,288.892224210598,16.9968298282532,2.01408398107125,10.6614554701218,0.147866823568883,0.780487804878049,0.804878048780488,0.853658536585366,15.4862608745916,10.2607120074532,4
0.477305233866498,0.110421727660765,288.892224210598,16.9968298282532,2.01408398107125,10.6614554701218,0.147866823568883,0.780487804878049,0.804878048780488,0.853658536585366,7.34157908035935,8.50652927955042,4
0.477305233866498,0.110421727660765,288.892224210598,16.9968298282532,2.01408398107125,10.6614554701218,0.147866823568883,0.780487804878049,0.804878048780488,0.853658536585366,34.0328990485408,9.13808884798764,4
0.477305233866498,0.110421727660765,288.892224210598,16.9968298282532,2.01408398107125,10.6614554701218,0.147866823568883,0.780487804878049,0.804878048780488,0.853658536585366,8.95923295785172,8.99562455068571,4
0.477305233866498,0.110421727660765,288.892224210598,16.9968298282532,2.01408398107125,10.6614554701218,0.147866823568883,0.780487804878049,0.804878048780488,0.853658536585366,5.3272980930214,10.2564741516385,4
0.477305233866498,0.110421727660765,288.892224210598,16.9968298282532,2.01408398107125,10.6614554701218,0.147866823568883,0.780487804878049,0.804878048780488,0.853658536585366,10.3376634629007,8.4835463669613,4
0.477305233866498,0.110421727660765,288.892224210598,16.9968298282532,2.01408398107125,10.6614554701218,0.147866823568883,0.780487804878049,0.804878048780488,0.853658536585366,7.34157863480499,8.5065292451765,4
0.477305233866498,0.110421727660765,288.892224210598,16.9968298282532,2.01408398107125,10.6614554701218,0.147866823568883,0.780487804878049,0.804878048780488,0.853658536585366,7.34157863480518,8.5065292451765,4
0.477305233866498,0.110421727660765,288.892224210598,16.9968298282532,2.01408398107125,10.6614554701218,0.147866823568883,0.780487804878049,0.804878048780488,0.853658536585366,57.1345934796905,14.3267735675051,4
0.477305233866498,0.110421727660765,288.892224210598,16.9968298282532,2.01408398107125,10.6614554701218,0.147866823568883,0.780487804878049,0.804878048780488,0.853658536585366,-0.142208928821347,16.852067020738,4
0.477305233866498,0.110421727660765,288.892224210598,16.9968298282532,2.01408398107125,10.6614554701218,0.147866823568883,0.780487804878049,0.804878048780488,0.853658536585366,28.830570016756,8.87379193236974,4
0.477305233866498,0.110421727660765,288.892224210598,16.9968298282532,2.01408398107125,10.6614554701218,0.147866823568883,0.780487804878049,0.804878048780488,0.853658536585366,7.02264554632209,9.24380426487406,4
0.477305233866498,0.110421727660765,288.892224210598,16.9968298282532,2.01408398107125,10.6614554701218,0.147866823568883,0.780487804878049,0.804878048780488,0.853658536585366,7.3415783831671,8.50652927398338,4
0.477305233866498,0.110421727660765,288.892224210598,16.9968298282532,2.01408398107125,10.6614554701218,0.147866823568883,0.780487804878049,0.804878048780488,0.853658536585366,0.342820997700329,10.3667913441893,4
0.477305233866498,0.110421727660765,288.892224210598,16.9968298282532,2.01408398107125,10.6614554701218,0.147866823568883,0.780487804878049,0.804878048780488,0.853658536585366,7.3415786348051,8.5065292451765,4
0.477305233866498,0.110421727660765,288.892224210598,16.9968298282532,2.01408398107125,10.6614554701218,0.147866823568883,0.780487804878049,0.804878048780488,0.853658536585366,1.33672053494391,12.1286548007888,4
0.477305233866498,0.110421727660765,288.892224210598,16.9968298282532,2.01408398107125,10.6614554701218,0.147866823568883,0.780487804878049,0.804878048780488,0.853658536585366,37.3676365995976,13.1590132436395,4
0.477305233866498,0.110421727660765,288.892224210598,16.9968298282532,2.01408398107125,10.6614554701218,0.147866823568883,0.780487804878049,0.804878048780488,0.853658536585366,-47.9095602238848,16.63167040759,4
0.477305233866498,0.110421727660765,288.892224210598,16.9968298282532,2.01408398107125,10.6614554701218,0.147866823568883,0.780487804878049,0.804878048780488,0.853658536585366,7.02264554632235,9.24380426487406,4
0.477305233866498,0.110421727660765,288.892224210598,16.9968298282532,2.01408398107125,10.6614554701218,0.147866823568883,0.780487804878049,0.804878048780488,0.853658536585366,33.6491186439347,15.4174168698155,4
0.477305233866498,0.110421727660765,288.892224210598,16.9968298282532,2.01408398107125,10.6614554701218,0.147866823568883,0.780487804878049,0.804878048780488,0.853658536585366,42.9685141429926,10.5049791062384,4
0.477305233866498,0.110421727660765,288.892224210598,16.9968298282532,2.01408398107125,10.6614554701218,0.147866823568883,0.780487804878049,0.804878048780488,0.853658536585366,34.032899048541,9.13808884798764,4
0.477305233866498,0.110421727660765,288.892224210598,16.9968298282532,2.01408398107125,10.6614554701218,0.147866823568883,0.780487804878049,0.804878048780488,0.853658536585366,7.02264523613398,9.24380431929949,4
0.477305233866498,0.110421727660765,288.892224210598,16.9968298282532,2.01408398107125,10.6614554701218,0.147866823568883,0.780487804878049,0.804878048780488,0.853658536585366,8.95923216684461,8.99562456220236,4
0.477305233866498,0.110421727660765,288.892224210598,16.9968298282532,2.01408398107125,10.6614554701218,0.147866823568883,0.780487804878049,0.804878048780488,0.853658536585366,11.7638579269748,11.3111543484802,4
0.477305233866498,0.110421727660765,288.892224210598,16.9968298282532,2.01408398107125,10.6614554701218,0.147866823568883,0.780487804878049,0.804878048780488,0.853658536585366,-6.48296659270943,14.6934915483047,4
0.477305233866498,0.110421727660765,288.892224210598,16.9968298282532,2.01408398107125,10.6614554701218,0.147866823568883,0.780487804878049,0.804878048780488,0.853658536585366,10.3376637078394,8.48354634389573,4
0.477305233866498,0.110421727660765,288.892224210598,16.9968298282532,2.01408398107125,10.6614554701218,0.147866823568883,0.780487804878049,0.804878048780488,0.853658536585366,5.32729809302123,10.2564741516385,4
0.477305233866498,0.110421727660765,288.892224210598,16.9968298282532,2.01408398107125,10.6614554701218,0.147866823568883,0.780487804878049,0.804878048780488,0.853658536585366,28.8305698915602,8.87379188517406,4
0.477305233866498,0.110421727660765,288.892224210598,16.9968298282532,2.01408398107125,10.6614554701218,0.147866823568883,0.780487804878049,0.804878048780488,0.853658536585366,26.7587917760887,8.78981576949262,4
1.45034124031776,0.292312553133313,251.413024528402,15.8560090983955,1.80383569703492,10.2617850123823,0.243563469371779,0.634146341463415,0.75609756097561,0.853658536585366,7.03646745169784,9.11116406263118,5
1.45034124031776,0.292312553133313,251.413024528402,15.8560090983955,1.80383569703492,10.2617850123823,0.243563469371779,0.634146341463415,0.75609756097561,0.853658536585366,27.2499066280251,13.9317513239136,5
1.45034124031776,0.292312553133313,251.413024528402,15.8560090983955,1.80383569703492,10.2617850123823,0.243563469371779,0.634146341463415,0.75609756097561,0.853658536585366,-4.53281344542206,10.5486742595082,5
1.45034124031776,0.292312553133313,251.413024528402,15.8560090983955,1.80383569703492,10.2617850123823,0.243563469371779,0.634146341463415,0.75609756097561,0.853658536585366,11.6619748513596,8.60893093780517,5
1.45034124031776,0.292312553133313,251.413024528402,15.8560090983955,1.80383569703492,10.2617850123823,0.243563469371779,0.634146341463415,0.75609756097561,0.853658536585366,30.9066694419539,10.9844055641163,5
1.45034124031776,0.292312553133313,251.413024528402,15.8560090983955,1.80383569703492,10.2617850123823,0.243563469371779,0.634146341463415,0.75609756097561,0.853658536585366,5.10798730533999,8.74300908708689,5
1.45034124031776,0.292312553133313,251.413024528402,15.8560090983955,1.80383569703492,10.2617850123823,0.243563469371779,0.634146341463415,0.75609756097561,0.853658536585366,1.87602562475278,9.88245644360062,5
1.45034124031776,0.292312553133313,251.413024528402,15.8560090983955,1.80383569703492,10.2617850123823,0.243563469371779,0.634146341463415,0.75609756097561,0.853658536585366,39.804379325345,9.47738745748284,5
1.45034124031776,0.292312553133313,251.413024528402,15.8560090983955,1.80383569703492,10.2617850123823,0.243563469371779,0.634146341463415,0.75609756097561,0.853658536585366,28.0796969993695,9.08542195694145,5
1.45034124031776,0.292312553133313,251.413024528402,15.8560090983955,1.80383569703492,10.2617850123823,0.243563469371779,0.634146341463415,0.75609756097561,0.853658536585366,5.1083303207763,8.74299957269261,5
1.45034124031776,0.292312553133313,251.413024528402,15.8560090983955,1.80383569703492,10.2617850123823,0.243563469371779,0.634146341463415,0.75609756097561,0.853658536585366,26.6123787360223,11.6330792657637,5
1.45034124031776,0.292312553133313,251.413024528402,15.8560090983955,1.80383569703492,10.2617850123823,0.243563469371779,0.634146341463415,0.75609756097561,0.853658536585366,27.2896382168669,10.6171496213581,5
1.45034124031776,0.292312553133313,251.413024528402,15.8560090983955,1.80383569703492,10.2617850123823,0.243563469371779,0.634146341463415,0.75609756097561,0.853658536585366,21.225138574758,12.3517090058344,5
1.45034124031776,0.292312553133313,251.413024528402,15.8560090983955,1.80383569703492,10.2617850123823,0.243563469371779,0.634146341463415,0.75609756097561,0.853658536585366,39.804379325346,9.47738745748301,5
1.45034124031776,0.292312553133313,251.413024528402,15.8560090983955,1.80383569703492,10.2617850123823,0.243563469371779,0.634146341463415,0.75609756097561,0.853658536585366,65.4096132298414,18.7501091916829,5
1.45034124031776,0.292312553133313,251.413024528402,15.8560090983955,1.80383569703492,10.2617850123823,0.243563469371779,0.634146341463415,0.75609756097561,0.853658536585366,8.19075986784079,10.2888214054397,5
1.45034124031776,0.292312553133313,251.413024528402,15.8560090983955,1.80383569703492,10.2617850123823,0.243563469371779,0.634146341463415,0.75609756097561,0.853658536585366,-14.0573358449933,10.4872299745902,5
1.45034124031776,0.292312553133313,251.413024528402,15.8560090983955,1.80383569703492,10.2617850123823,0.243563469371779,0.634146341463415,0.75609756097561,0.853658536585366,39.6367085065313,9.10902639954295,5
1.45034124031776,0.292312553133313,251.413024528402,15.8560090983955,1.80383569703492,10.2617850123823,0.243563469371779,0.634146341463415,0.75609756097561,0.853658536585366,6.60724205220292,9.20977090268274,5
1.45034124031776,0.292312553133313,251.413024528402,15.8560090983955,1.80383569703492,10.2617850123823,0.243563469371779,0.634146341463415,0.75609756097561,0.853658536585366,11.6619748513593,8.60893093780515,5
1.45034124031776,0.292312553133313,251.413024528402,15.8560090983955,1.80383569703492,10.2617850123823,0.243563469371779,0.634146341463415,0.75609756097561,0.853658536585366,8.19075986782287,10.2888214054386,5
1.45034124031776,0.292312553133313,251.413024528402,15.8560090983955,1.80383569703492,10.2617850123823,0.243563469371779,0.634146341463415,0.75609756097561,0.853658536585366,1.87498332851846,9.88237628318845,5
1.45034124031776,0.292312553133313,251.413024528402,15.8560090983955,1.80383569703492,10.2617850123823,0.243563469371779,0.634146341463415,0.75609756097561,0.853658536585366,-14.0574293332413,10.4871677120458,5
1.45034124031776,0.292312553133313,251.413024528402,15.8560090983955,1.80383569703492,10.2617850123823,0.243563469371779,0.634146341463415,0.75609756097561,0.853658536585366,5.10851022880477,8.74298999805274,5
1.45034124031776,0.292312553133313,251.413024528402,15.8560090983955,1.80383569703492,10.2617850123823,0.243563469371779,0.634146341463415,0.75609756097561,0.853658536585366,-1.45735341536336,10.925073373412,5
1.45034124031776,0.292312553133313,251.413024528402,15.8560090983955,1.80383569703492,10.2617850123823,0.243563469371779,0.634146341463415,0.75609756097561,0.853658536585366,-5.20249759316647,10.8128031695542,5
1.45034124031776,0.292312553133313,251.413024528402,15.8560090983955,1.80383569703492,10.2617850123823,0.243563469371779,0.634146341463415,0.75609756097561,0.853658536585366,7.37044968504294,9.49598955063602,5
1.45034124031776,0.292312553133313,251.413024528402,15.8560090983955,1.80383569703492,10.2617850123823,0.243563469371779,0.634146341463415,0.75609756097561,0.853658536585366,28.9404442919956,9.84092914667993,5
1.45034124031776,0.292312553133313,251.413024528402,15.8560090983955,1.80383569703492,10.2617850123823,0.243563469371779,0.634146341463415,0.75609756097561,0.853658536585366,28.0795974826579,9.08540422028876,5
1.45034124031776,0.292312553133313,251.413024528402,15.8560090983955,1.80383569703492,10.2617850123823,0.243563469371779,0.634146341463415,0.75609756097561,0.853658536585366,0.161833439038543,9.18601405030976,5
1.45034124031776,0.292312553133313,251.413024528402,15.8560090983955,1.80383569703492,10.2617850123823,0.243563469371779,0.634146341463415,0.75609756097561,0.853658536585366,28.0795289621541,9.08530558301461,5
1.45034124031776,0.292312553133313,251.413024528402,15.8560090983955,1.80383569703492,10.2617850123823,0.243563469371779,0.634146341463415,0.75609756097561,0.853658536585366,22.3691542649215,10.0116467787688,5
1.45034124031776,0.292312553133313,251.413024528402,15.8560090983955,1.80383569703492,10.2617850123823,0.243563469371779,0.634146341463415,0.75609756097561,0.853658536585366,9.48761552262618,9.42740856536479,5
1.45034124031776,0.292312553133313,251.413024528402,15.8560090983955,1.80383569703492,10.2617850123823,0.243563469371779,0.634146341463415,0.75609756097561,0.853658536585366,27.7415560349321,10.3792683348065,5
1.45034124031776,0.292312553133313,251.413024528402,15.8560090983955,1.80383569703492,10.2617850123823,0.243563469371779,0.634146341463415,0.75609756097561,0.853658536585366,5.1085102288036,8.74298999805274,5
1.45034124031776,0.292312553133313,251.413024528402,15.8560090983955,1.80383569703492,10.2617850123823,0.243563469371779,0.634146341463415,0.75609756097561,0.853658536585366,11.6626834579083,8.6088792735197,5
1.45034124031776,0.292312553133313,251.413024528402,15.8560090983955,1.80383569703492,10.2617850123823,0.243563469371779,0.634146341463415,0.75609756097561,0.853658536585366,7.03601816520697,9.11109357161769,5
1.45034124031776,0.292312553133313,251.413024528402,15.8560090983955,1.80383569703492,10.2617850123823,0.243563469371779,0.634146341463415,0.75609756097561,0.853658536585366,1.98112906471054,10.242391859305,5
1.45034124031776,0.292312553133313,251.413024528402,15.8560090983955,1.80383569703492,10.2617850123823,0.243563469371779,0.634146341463415,0.75609756097561,0.853658536585366,-1.45789470942653,10.9250729774322,5
1.45034124031776,0.292312553133313,251.413024528402,15.8560090983955,1.80383569703492,10.2617850123823,0.243563469371779,0.634146341463415,0.75609756097561,0.853658536585366,7.03601816520666,9.1110935716177,5
1.45034124031776,0.292312553133313,251.413024528402,15.8560090983955,1.80383569703492,10.2617850123823,0.243563469371779,0.634146341463415,0.75609756097561,0.853658536585366,-4.53336685017035,10.5487119284476,5
0.0414856815971535,-0.0334838359918451,153.144403714665,12.3751526743982,1.88156711123595,8.97204314424781,0.434978484256209,0.707317073170732,0.804878048780488,0.853658536585366,4.7119640882627,6.32348983382277,6
0.0414856815971535,-0.0334838359918451,153.144403714665,12.3751526743982,1.88156711123595,8.97204314424781,0.434978484256209,0.707317073170732,0.804878048780488,0.853658536585366,2.46411117704546,7.86108945937644,6
0.0414856815971535,-0.0334838359918451,153.144403714665,12.3751526743982,1.88156711123595,8.97204314424781,0.434978484256209,0.707317073170732,0.804878048780488,0.853658536585366,22.5014766871,7.76312025173332,6
0.0414856815971535,-0.0334838359918451,153.144403714665,12.3751526743982,1.88156711123595,8.97204314424781,0.434978484256209,0.707317073170732,0.804878048780488,0.853658536585366,6.50767533508789,7.13325542863488,6
0.0414856815971535,-0.0334838359918451,153.144403714665,12.3751526743982,1.88156711123595,8.97204314424781,0.434978484256209,0.707317073170732,0.804878048780488,0.853658536585366,-0.241728575842108,6.56607219524912,6
0.0414856815971535,-0.0334838359918451,153.144403714665,12.3751526743982,1.88156711123595,8.97204314424781,0.434978484256209,0.707317073170732,0.804878048780488,0.853658536585366,10.6917605604198,6.48336152955035,6
0.0414856815971535,-0.0334838359918451,153.144403714665,12.3751526743982,1.88156711123595,8.97204314424781,0.434978484256209,0.707317073170732,0.804878048780488,0.853658536585366,8.91327252164651,6.41930693464566,6
0.0414856815971535,-0.0334838359918451,153.144403714665,12.3751526743982,1.88156711123595,8.97204314424781,0.434978484256209,0.707317073170732,0.804878048780488,0.853658536585366,4.71196408826272,6.32348983382277,6
0.0414856815971535,-0.0334838359918451,153.144403714665,12.3751526743982,1.88156711123595,8.97204314424781,0.434978484256209,0.707317073170732,0.804878048780488,0.853658536585366,27.4060135679557,7.31872851031623,6
0.0414856815971535,-0.0334838359918451,153.144403714665,12.3751526743982,1.88156711123595,8.97204314424781,0.434978484256209,0.707317073170732,0.804878048780488,0.853658536585366,37.8979992187315,7.13377449711558,6
0.0414856815971535,-0.0334838359918451,153.144403714665,12.3751526743982,1.88156711123595,8.97204314424781,0.434978484256209,0.707317073170732,0.804878048780488,0.853658536585366,12.1197623477825,7.13701836466472,6
0.0414856815971535,-0.0334838359918451,153.144403714665,12.3751526743982,1.88156711123595,8.97204314424781,0.434978484256209,0.707317073170732,0.804878048780488,0.853658536585366,-4.78066135741811,7.61112836092045,6
0.0414856815971535,-0.0334838359918451,153.144403714665,12.3751526743982,1.88156711123595,8.97204314424781,0.434978484256209,0.707317073170732,0.804878048780488,0.853658536585366,12.6062598802132,7.4517496521028,6
0.0414856815971535,-0.0334838359918451,153.144403714665,12.3751526743982,1.88156711123595,8.97204314424781,0.434978484256209,0.707317073170732,0.804878048780488,0.853658536585366,10.6917605604198,6.48336152955035,6
0.0414856815971535,-0.0334838359918451,153.144403714665,12.3751526743982,1.88156711123595,8.97204314424781,0.434978484256209,0.707317073170732,0.804878048780488,0.853658536585366,1.06892184794562,6.7848893123808,6
0.0414856815971535,-0.0334838359918451,153.144403714665,12.3751526743982,1.88156711123595,8.97204314424781,0.434978484256209,0.707317073170732,0.804878048780488,0.853658536585366,12.0202395946168,6.70451660326663,6
0.0414856815971535,-0.0334838359918451,153.144403714665,12.3751526743982,1.88156711123595,8.97204314424781,0.434978484256209,0.707317073170732,0.804878048780488,0.853658536585366,29.9498392213254,10.5662225677359,6
0.0414856815971535,-0.0334838359918451,153.144403714665,12.3751526743982,1.88156711123595,8.97204314424781,0.434978484256209,0.707317073170732,0.804878048780488,0.853658536585366,4.71196408826266,6.32348983382277,6
0.0414856815971535,-0.0334838359918451,153.144403714665,12.3751526743982,1.88156711123595,8.97204314424781,0.434978484256209,0.707317073170732,0.804878048780488,0.853658536585366,-20.4866697226608,13.3053993221855,6
0.0414856815971535,-0.0334838359918451,153.144403714665,12.3751526743982,1.88156711123595,8.97204314424781,0.434978484256209,0.707317073170732,0.804878048780488,0.853658536585366,12.0202395946171,6.70451660326663,6
0.0414856815971535,-0.0334838359918451,153.144403714665,12.3751526743982,1.88156711123595,8.97204314424781,0.434978484256209,0.707317073170732,0.804878048780488,0.853658536585366,1.0689218479456,6.7848893123808,6
0.0414856815971535,-0.0334838359918451,153.144403714665,12.3751526743982,1.88156711123595,8.97204314424781,0.434978484256209,0.707317073170732,0.804878048780488,0.853658536585366,1.06892184794563,6.7848893123808,6
0.0414856815971535,-0.0334838359918451,153.144403714665,12.3751526743982,1.88156711123595,8.97204314424781,0.434978484256209,0.707317073170732,0.804878048780488,0.853658536585366,6.50767533508802,7.13325542863488,6
0.0414856815971535,-0.0334838359918451,153.144403714665,12.3751526743982,1.88156711123595,8.97204314424781,0.434978484256209,0.707317073170732,0.804878048780488,0.853658536585366,32.9654684006967,7.01263653626829,6
0.0414856815971535,-0.0334838359918451,153.144403714665,12.3751526743982,1.88156711123595,8.97204314424781,0.434978484256209,0.707317073170732,0.804878048780488,0.853658536585366,31.8856212958281,30.0982093550965,6
0.0414856815971535,-0.0334838359918451,153.144403714665,12.3751526743982,1.88156711123595,8.97204314424781,0.434978484256209,0.707317073170732,0.804878048780488,0.853658536585366,-3.65557145412836,11.6455724937862,6
0.0414856815971535,-0.0334838359918451,153.144403714665,12.3751526743982,1.88156711123595,8.97204314424781,0.434978484256209,0.707317073170732,0.804878048780488,0.853658536585366,21.7879193090831,7.62374595254607,6
0.0414856815971535,-0.0334838359918451,153.144403714665,12.3751526743982,1.88156711123595,8.97204314424781,0.434978484256209,0.707317073170732,0.804878048780488,0.853658536585366,51.9103026675671,7.65530233368873,6
0.0414856815971535,-0.0334838359918451,153.144403714665,12.3751526743982,1.88156711123595,8.97204314424781,0.434978484256209,0.707317073170732,0.804878048780488,0.853658536585366,12.020239594617,6.70451660326663,6
0.0414856815971535,-0.0334838359918451,153.144403714665,12.3751526743982,1.88156711123595,8.97204314424781,0.434978484256209,0.707317073170732,0.804878048780488,0.853658536585366,-0.241728575842097,6.56607219524912,6
0.0414856815971535,-0.0334838359918451,153.144403714665,12.3751526743982,1.88156711123595,8.97204314424781,0.434978484256209,0.707317073170732,0.804878048780488,0.853658536585366,-16.5581488050547,10.4983684807138,6
0.0414856815971535,-0.0334838359918451,153.144403714665,12.3751526743982,1.88156711123595,8.97204314424781,0.434978484256209,0.707317073170732,0.804878048780488,0.853658536585366,10.6917605604197,6.48336152955035,6
0.0414856815971535,-0.0334838359918451,153.144403714665,12.3751526743982,1.88156711123595,8.97204314424781,0.434978484256209,0.707317073170732,0.804878048780488,0.853658536585366,27.4060135679557,7.31872851031623,6
0.0414856815971535,-0.0334838359918451,153.144403714665,12.3751526743982,1.88156711123595,8.97204314424781,0.434978484256209,0.707317073170732,0.804878048780488,0.853658536585366,12.1197623477825,7.13701836466471,6
0.0414856815971535,-0.0334838359918451,153.144403714665,12.3751526743982,1.88156711123595,8.97204314424781,0.434978484256209,0.707317073170732,0.804878048780488,0.853658536585366,21.7879193090833,7.62374595254607,6
0.0414856815971535,-0.0334838359918451,153.144403714665,12.3751526743982,1.88156711123595,8.97204314424781,0.434978484256209,0.707317073170732,0.804878048780488,0.853658536585366,33.2711073131712,9.48785190083176,6
0.0414856815971535,-0.0334838359918451,153.144403714665,12.3751526743982,1.88156711123595,8.97204314424781,0.434978484256209,0.707317073170732,0.804878048780488,0.853658536585366,51.9103026675671,7.65530233368873,6
0.0414856815971535,-0.0334838359918451,153.144403714665,12.3751526743982,1.88156711123595,8.97204314424781,0.434978484256209,0.707317073170732,0.804878048780488,0.853658536585366,5.83906209286963,7.30340751251361,6
0.0414856815971535,-0.0334838359918451,153.144403714665,12.3751526743982,1.88156711123595,8.97204314424781,0.434978484256209,0.707317073170732,0.804878048780488,0.853658536585366,10.6917605604196,6.48336152955035,6
0.0414856815971535,-0.0334838359918451,153.144403714665,12.3751526743982,1.88156711123595,8.97204314424781,0.434978484256209,0.707317073170732,0.804878048780488,0.853658536585366,5.84326612197565,10.2576337014194,6
0.0414856815971535,-0.0334838359918451,153.144403714665,12.3751526743982,1.88156711123595,8.97204314424781,0.434978484256209,0.707317073170732,0.804878048780488,0.853658536585366,-0.241728575842142,6.56607219524912,6
0.518579458353382,0.10914425419502,178.860971395111,13.3738914080798,1.71149693215177,9.88404056366855,0.347705863657885,0.829268292682927,0.853658536585366,0.878048780487805,3.81047695259009,9.33137696646419,7
0.518579458353382,0.10914425419502,178.860971395111,13.3738914080798,1.71149693215177,9.88404056366855,0.347705863657885,0.829268292682927,0.853658536585366,0.878048780487805,5.06815153211025,9.28119206446687,7
0.518579458353382,0.10914425419502,178.860971395111,13.3738914080798,1.71149693215177,9.88404056366855,0.347705863657885,0.829268292682927,0.853658536585366,0.878048780487805,30.6961176191638,13.5373461743369,7
0.518579458353382,0.10914425419502,178.860971395111,13.3738914080798,1.71149693215177,9.88404056366855,0.347705863657885,0.829268292682927,0.853658536585366,0.878048780487805,34.2533865798524,8.77022025350609,7
0.518579458353382,0.10914425419502,178.860971395111,13.3738914080798,1.71149693215177,9.88404056366855,0.347705863657885,0.829268292682927,0.853658536585366,0.878048780487805,4.03295704017376,9.754285818867,7
0.518579458353382,0.10914425419502,178.860971395111,13.3738914080798,1.71149693215177,9.88404056366855,0.347705863657885,0.829268292682927,0.853658536585366,0.878048780487805,26.9083631533002,8.21385973635688,7
0.518579458353382,0.10914425419502,178.860971395111,13.3738914080798,1.71149693215177,9.88404056366855,0.347705863657885,0.829268292682927,0.853658536585366,0.878048780487805,17.8496295867864,8.98921842488016,7
0.518579458353382,0.10914425419502,178.860971395111,13.3738914080798,1.71149693215177,9.88404056366855,0.347705863657885,0.829268292682927,0.853658536585366,0.878048780487805,-10.2146595950951,10.8577010604416,7
0.518579458353382,0.10914425419502,178.860971395111,13.3738914080798,1.71149693215177,9.88404056366855,0.347705863657885,0.829268292682927,0.853658536585366,0.878048780487805,3.81047694922305,9.33137696678811,7
0.518579458353382,0.10914425419502,178.860971395111,13.3738914080798,1.71149693215177,9.88404056366855,0.347705863657885,0.829268292682927,0.853658536585366,0.878048780487805,9.69233724193114,12.1187299515037,7
0.518579458353382,0.10914425419502,178.860971395111,13.3738914080798,1.71149693215177,9.88404056366855,0.347705863657885,0.829268292682927,0.853658536585366,0.878048780487805,3.98886028135395,9.07330652698409,7
0.518579458353382,0.10914425419502,178.860971395111,13.3738914080798,1.71149693215177,9.88404056366855,0.347705863657885,0.829268292682927,0.853658536585366,0.878048780487805,5.17419231252765,8.93139259689157,7
0.518579458353382,0.10914425419502,178.860971395111,13.3738914080798,1.71149693215177,9.88404056366855,0.347705863657885,0.829268292682927,0.853658536585366,0.878048780487805,0.968849828337088,8.95672038241391,7
0.518579458353382,0.10914425419502,178.860971395111,13.3738914080798,1.71149693215177,9.88404056366855,0.347705863657885,0.829268292682927,0.853658536585366,0.878048780487805,7.56361466479272,8.11310401476096,7
0.518579458353382,0.10914425419502,178.860971395111,13.3738914080798,1.71149693215177,9.88404056366855,0.347705863657885,0.829268292682927,0.853658536585366,0.878048780487805,0.968849828337153,8.95672038241391,7
0.518579458353382,0.10914425419502,178.860971395111,13.3738914080798,1.71149693215177,9.88404056366855,0.347705863657885,0.829268292682927,0.853658536585366,0.878048780487805,34.045531203797,9.50982309464032,7
0.518579458353382,0.10914425419502,178.860971395111,13.3738914080798,1.71149693215177,9.88404056366855,0.347705863657885,0.829268292682927,0.853658536585366,0.878048780487805,47.399007493317,10.8047752156579,7
0.518579458353382,0.10914425419502,178.860971395111,13.3738914080798,1.71149693215177,9.88404056366855,0.347705863657885,0.829268292682927,0.853658536585366,0.878048780487805,7.85763715759395,8.8848347791656,7
0.518579458353382,0.10914425419502,178.860971395111,13.3738914080798,1.71149693215177,9.88404056366855,0.347705863657885,0.829268292682927,0.853658536585366,0.878048780487805,11.4511233787291,8.13915555095772,7
0.518579458353382,0.10914425419502,178.860971395111,13.3738914080798,1.71149693215177,9.88404056366855,0.347705863657885,0.829268292682927,0.853658536585366,0.878048780487805,4.03295704016371,9.75428581872202,7
0.518579458353382,0.10914425419502,178.860971395111,13.3738914080798,1.71149693215177,9.88404056366855,0.347705863657885,0.829268292682927,0.853658536585366,0.878048780487805,34.2533865734582,8.77022025300488,7
0.518579458353382,0.10914425419502,178.860971395111,13.3738914080798,1.71149693215177,9.88404056366855,0.347705863657885,0.829268292682927,0.853658536585366,0.878048780487805,31.9247958551043,8.24834939411472,7
0.518579458353382,0.10914425419502,178.860971395111,13.3738914080798,1.71149693215177,9.88404056366855,0.347705863657885,0.829268292682927,0.853658536585366,0.878048780487805,6.09509487059835,8.97273633460732,7
0.518579458353382,0.10914425419502,178.860971395111,13.3738914080798,1.71149693215177,9.88404056366855,0.347705863657885,0.829268292682927,0.853658536585366,0.878048780487805,7.56361466461893,8.11310401456139,7
0.518579458353382,0.10914425419502,178.860971395111,13.3738914080798,1.71149693215177,9.88404056366855,0.347705863657885,0.829268292682927,0.853658536585366,0.878048780487805,8.28475011218944,8.70281698332475,7
0.518579458353382,0.10914425419502,178.860971395111,13.3738914080798,1.71149693215177,9.88404056366855,0.347705863657885,0.829268292682927,0.853658536585366,0.878048780487805,27.3724100822874,9.80885785834134,7
0.518579458353382,0.10914425419502,178.860971395111,13.3738914080798,1.71149693215177,9.88404056366855,0.347705863657885,0.829268292682927,0.853658536585366,0.878048780487805,41.8761880465752,10.2877497916541,7
0.518579458353382,0.10914425419502,178.860971395111,13.3738914080798,1.71149693215177,9.88404056366855,0.347705863657885,0.829268292682927,0.853658536585366,0.878048780487805,5.61003782244793,13.3986207349159,7
0.518579458353382,0.10914425419502,178.860971395111,13.3738914080798,1.71149693215177,9.88404056366855,0.347705863657885,0.829268292682927,0.853658536585366,0.878048780487805,19.7181093706752,8.99201393432398,7
0.518579458353382,0.10914425419502,178.860971395111,13.3738914080798,1.71149693215177,9.88404056366855,0.347705863657885,0.829268292682927,0.853658536585366,0.878048780487805,11.4511233773038,8.13915555166354,7
0.518579458353382,0.10914425419502,178.860971395111,13.3738914080798,1.71149693215177,9.88404056366855,0.347705863657885,0.829268292682927,0.853658536585366,0.878048780487805,39.6574447419834,19.8760786769071,7
0.518579458353382,0.10914425419502,178.860971395111,13.3738914080798,1.71149693215177,9.88404056366855,0.347705863657885,0.829268292682927,0.853658536585366,0.878048780487805,26.9083631532999,8.21385973635688,7
0.518579458353382,0.10914425419502,178.860971395111,13.3738914080798,1.71149693215177,9.88404056366855,0.347705863657885,0.829268292682927,0.853658536585366,0.878048780487805,-29.0355894339852,13.6564969613104,7
0.518579458353382,0.10914425419502,178.860971395111,13.3738914080798,1.71149693215177,9.88404056366855,0.347705863657885,0.829268292682927,0.853658536585366,0.878048780487805,33.3118526562858,9.71586947798107,7
0.518579458353382,0.10914425419502,178.860971395111,13.3738914080798,1.71149693215177,9.88404056366855,0.347705863657885,0.829268292682927,0.853658536585366,0.878048780487805,7.56361466461891,8.11310401456139,7
0.518579458353382,0.10914425419502,178.860971395111,13.3738914080798,1.71149693215177,9.88404056366855,0.347705863657885,0.829268292682927,0.853658536585366,0.878048780487805,11.4511233787293,8.13915555095772,7
0.518579458353382,0.10914425419502,178.860971395111,13.3738914080798,1.71149693215177,9.88404056366855,0.347705863657885,0.829268292682927,0.853658536585366,0.878048780487805,10.2651557830836,8.11286648443756,7
0.518579458353382,0.10914425419502,178.860971395111,13.3738914080798,1.71149693215177,9.88404056366855,0.347705863657885,0.829268292682927,0.853658536585366,0.878048780487805,26.9083631533001,8.21385973635688,7
0.518579458353382,0.10914425419502,178.860971395111,13.3738914080798,1.71149693215177,9.88404056366855,0.347705863657885,0.829268292682927,0.853658536585366,0.878048780487805,0.968849832726685,8.95672038297638,7
0.518579458353382,0.10914425419502,178.860971395111,13.3738914080798,1.71149693215177,9.88404056366855,0.347705863657885,0.829268292682927,0.853658536585366,0.878048780487805,6.09509487488095,8.9727363346226,7
0.518579458353382,0.10914425419502,178.860971395111,13.3738914080798,1.71149693215177,9.88404056366855,0.347705863657885,0.829268292682927,0.853658536585366,0.878048780487805,8.28475011525196,8.70281698268101,7
0.397136666317716,0.116021780034479,263.108238844009,16.2206115434656,1.91703983859286,10.7935504486764,0.086698645315309,0.707317073170732,0.829268292682927,0.853658536585366,7.46624369607604,8.27560840256461,8
0.397136666317716,0.116021780034479,263.108238844009,16.2206115434656,1.91703983859286,10.7935504486764,0.086698645315309,0.707317073170732,0.829268292682927,0.853658536585366,-26.9319134385952,27.6714182118424,8
0.397136666317716,0.116021780034479,263.108238844009,16.2206115434656,1.91703983859286,10.7935504486764,0.086698645315309,0.707317073170732,0.829268292682927,0.853658536585366,4.47345772226678,8.42440383197767,8
0.397136666317716,0.116021780034479,263.108238844009,16.2206115434656,1.91703983859286,10.7935504486764,0.086698645315309,0.707317073170732,0.829268292682927,0.853658536585366,16.3533324508504,8.44038206197929,8
0.397136666317716,0.116021780034479,263.108238844009,16.2206115434656,1.91703983859286,10.7935504486764,0.086698645315309,0.707317073170732,0.829268292682927,0.853658536585366,47.7260090320065,14.686524827278,8
0.397136666317716,0.116021780034479,263.108238844009,16.2206115434656,1.91703983859286,10.7935504486764,0.086698645315309,0.707317073170732,0.829268292682927,0.853658536585366,14.5786335688768,15.0529972088155,8
0.397136666317716,0.116021780034479,263.108238844009,16.2206115434656,1.91703983859286,10.7935504486764,0.086698645315309,0.707317073170732,0.829268292682927,0.853658536585366,48.7794565430917,15.2910642233382,8
0.397136666317716,0.116021780034479,263.108238844009,16.2206115434656,1.91703983859286,10.7935504486764,0.086698645315309,0.707317073170732,0.829268292682927,0.853658536585366,31.0476172171555,8.43489916712395,8
0.397136666317716,0.116021780034479,263.108238844009,16.2206115434656,1.91703983859286,10.7935504486764,0.086698645315309,0.707317073170732,0.829268292682927,0.853658536585366,7.47376824236174,8.73452208954371,8
0.397136666317716,0.116021780034479,263.108238844009,16.2206115434656,1.91703983859286,10.7935504486764,0.086698645315309,0.707317073170732,0.829268292682927,0.853658536585366,7.46624369851482,8.27560840250982,8
0.397136666317716,0.116021780034479,263.108238844009,16.2206115434656,1.91703983859286,10.7935504486764,0.086698645315309,0.707317073170732,0.829268292682927,0.853658536585366,25.8739637653778,8.73942817610387,8
0.397136666317716,0.116021780034479,263.108238844009,16.2206115434656,1.91703983859286,10.7935504486764,0.086698645315309,0.707317073170732,0.829268292682927,0.853658536585366,10.5438238639287,9.64194916111042,8
0.397136666317716,0.116021780034479,263.108238844009,16.2206115434656,1.91703983859286,10.7935504486764,0.086698645315309,0.707317073170732,0.829268292682927,0.853658536585366,7.47398741166188,8.7345276823603,8
0.397136666317716,0.116021780034479,263.108238844009,16.2206115434656,1.91703983859286,10.7935504486764,0.086698645315309,0.707317073170732,0.829268292682927,0.853658536585366,16.3536220597981,8.4403355951214,8
0.397136666317716,0.116021780034479,263.108238844009,16.2206115434656,1.91703983859286,10.7935504486764,0.086698645315309,0.707317073170732,0.829268292682927,0.853658536585366,9.10204464966743,9.21810627502926,8
0.397136666317716,0.116021780034479,263.108238844009,16.2206115434656,1.91703983859286,10.7935504486764,0.086698645315309,0.707317073170732,0.829268292682927,0.853658536585366,15.7455143560692,8.92675895527163,8
0.397136666317716,0.116021780034479,263.108238844009,16.2206115434656,1.91703983859286,10.7935504486764,0.086698645315309,0.707317073170732,0.829268292682927,0.853658536585366,15.7456116353445,8.92684900984437,8
0.397136666317716,0.116021780034479,263.108238844009,16.2206115434656,1.91703983859286,10.7935504486764,0.086698645315309,0.707317073170732,0.829268292682927,0.853658536585366,11.7153265445604,8.77688519822169,8
0.397136666317716,0.116021780034479,263.108238844009,16.2206115434656,1.91703983859286,10.7935504486764,0.086698645315309,0.707317073170732,0.829268292682927,0.853658536585366,4.47271613734845,8.42438635778558,8
0.397136666317716,0.116021780034479,263.108238844009,16.2206115434656,1.91703983859286,10.7935504486764,0.086698645315309,0.707317073170732,0.829268292682927,0.853658536585366,20.4889005421661,11.283290526776,8
0.397136666317716,0.116021780034479,263.108238844009,16.2206115434656,1.91703983859286,10.7935504486764,0.086698645315309,0.707317073170732,0.829268292682927,0.853658536585366,15.7455143204721,8.92675895566433,8
0.397136666317716,0.116021780034479,263.108238844009,16.2206115434656,1.91703983859286,10.7935504486764,0.086698645315309,0.707317073170732,0.829268292682927,0.853658536585366,-37.9643439389429,16.2371236468256,8
0.397136666317716,0.116021780034479,263.108238844009,16.2206115434656,1.91703983859286,10.7935504486764,0.086698645315309,0.707317073170732,0.829268292682927,0.853658536585366,-4.37500655725544,9.44147435397213,8
0.397136666317716,0.116021780034479,263.108238844009,16.2206115434656,1.91703983859286,10.7935504486764,0.086698645315309,0.707317073170732,0.829268292682927,0.853658536585366,11.0887458191395,8.31993854303475,8
0.397136666317716,0.116021780034479,263.108238844009,16.2206115434656,1.91703983859286,10.7935504486764,0.086698645315309,0.707317073170732,0.829268292682927,0.853658536585366,22.1938779873666,10.8002684874378,8
0.397136666317716,0.116021780034479,263.108238844009,16.2206115434656,1.91703983859286,10.7935504486764,0.086698645315309,0.707317073170732,0.829268292682927,0.853658536585366,19.5441730218236,10.0765845518208,8
0.397136666317716,0.116021780034479,263.108238844009,16.2206115434656,1.91703983859286,10.7935504486764,0.086698645315309,0.707317073170732,0.829268292682927,0.853658536585366,15.9473263391059,9.91444363510093,8
0.397136666317716,0.116021780034479,263.108238844009,16.2206115434656,1.91703983859286,10.7935504486764,0.086698645315309,0.707317073170732,0.829268292682927,0.853658536585366,11.0891011933807,8.31987648146519,8
0.397136666317716,0.116021780034479,263.108238844009,16.2206115434656,1.91703983859286,10.7935504486764,0.086698645315309,0.707317073170732,0.829268292682927,0.853658536585366,4.47345772303587,8.42440383198906,8
0.397136666317716,0.116021780034479,263.108238844009,16.2206115434656,1.91703983859286,10.7935504486764,0.086698645315309,0.707317073170732,0.829268292682927,0.853658536585366,24.6432815806479,8.3930278016615,8
0.397136666317716,0.116021780034479,263.108238844009,16.2206115434656,1.91703983859286,10.7935504486764,0.086698645315309,0.707317073170732,0.829268292682927,0.853658536585366,13.3835760402002,8.17036399856645,8
0.397136666317716,0.116021780034479,263.108238844009,16.2206115434656,1.91703983859286,10.7935504486764,0.086698645315309,0.707317073170732,0.829268292682927,0.853658536585366,12.2073288714402,8.93744698743847,8
0.397136666317716,0.116021780034479,263.108238844009,16.2206115434656,1.91703983859286,10.7935504486764,0.086698645315309,0.707317073170732,0.829268292682927,0.853658536585366,7.47318625844473,8.7345338388838,8
0.397136666317716,0.116021780034479,263.108238844009,16.2206115434656,1.91703983859286,10.7935504486764,0.086698645315309,0.707317073170732,0.829268292682927,0.853658536585366,35.7658347771757,11.7742129651228,8
0.397136666317716,0.116021780034479,263.108238844009,16.2206115434656,1.91703983859286,10.7935504486764,0.086698645315309,0.707317073170732,0.829268292682927,0.853658536585366,6.62854923798477,9.55103852142677,8
0.397136666317716,0.116021780034479,263.108238844009,16.2206115434656,1.91703983859286,10.7935504486764,0.086698645315309,0.707317073170732,0.829268292682927,0.853658536585366,22.5835387018588,12.2524009459419,8
0.397136666317716,0.116021780034479,263.108238844009,16.2206115434656,1.91703983859286,10.7935504486764,0.086698645315309,0.707317073170732,0.829268292682927,0.853658536585366,10.5438238639288,9.64194916111043,8
0.397136666317716,0.116021780034479,263.108238844009,16.2206115434656,1.91703983859286,10.7935504486764,0.086698645315309,0.707317073170732,0.829268292682927,0.853658536585366,22.6979412840209,9.64270385653353,8
0.397136666317716,0.116021780034479,263.108238844009,16.2206115434656,1.91703983859286,10.7935504486764,0.086698645315309,0.707317073170732,0.829268292682927,0.853658536585366,4.47271613384412,8.4243863576361,8
0.397136666317716,0.116021780034479,263.108238844009,16.2206115434656,1.91703983859286,10.7935504486764,0.086698645315309,0.707317073170732,0.829268292682927,0.853658536585366,7.46588658866453,8.27563354353152,8
0.397136666317716,0.116021780034479,263.108238844009,16.2206115434656,1.91703983859286,10.7935504486764,0.086698645315309,0.707317073170732,0.829268292682927,0.853658536585366,32.7064998463164,10.6977851887521,8
-0.977974725379278,-0.192987128334683,192.238407924072,13.8650065966112,1.80396842177099,10.0056752598856,0.120955132113763,0.780487804878049,0.853658536585366,0.878048780487805,4.02912807414198,8.5627052885645,9
-0.977974725379278,-0.192987128334683,192.238407924072,13.8650065966112,1.80396842177099,10.0056752598856,0.120955132113763,0.780487804878049,0.853658536585366,0.878048780487805,5.90757509511414,8.19999694782974,9
-0.977974725379278,-0.192987128334683,192.238407924072,13.8650065966112,1.80396842177099,10.0056752598856,0.120955132113763,0.780487804878049,0.853658536585366,0.878048780487805,9.17625647333415,8.42684982860285,9
-0.977974725379278,-0.192987128334683,192.238407924072,13.8650065966112,1.80396842177099,10.0056752598856,0.120955132113763,0.780487804878049,0.853658536585366,0.878048780487805,16.3439611095888,7.88951935364075,9
-0.977974725379278,-0.192987128334683,192.238407924072,13.8650065966112,1.80396842177099,10.0056752598856,0.120955132113763,0.780487804878049,0.853658536585366,0.878048780487805,4.66331931048367,8.14683440537153,9
-0.977974725379278,-0.192987128334683,192.238407924072,13.8650065966112,1.80396842177099,10.0056752598856,0.120955132113763,0.780487804878049,0.853658536585366,0.878048780487805,7.20201513511589,10.9537118327824,9
-0.977974725379278,-0.192987128334683,192.238407924072,13.8650065966112,1.80396842177099,10.0056752598856,0.120955132113763,0.780487804878049,0.853658536585366,0.878048780487805,26.3301170878427,7.92039159340522,9
-0.977974725379278,-0.192987128334683,192.238407924072,13.8650065966112,1.80396842177099,10.0056752598856,0.120955132113763,0.780487804878049,0.853658536585366,0.878048780487805,13.0726288302619,9.52480808690858,9
-0.977974725379278,-0.192987128334683,192.238407924072,13.8650065966112,1.80396842177099,10.0056752598856,0.120955132113763,0.780487804878049,0.853658536585366,0.878048780487805,3.23172142494513,8.95140142853677,9
-0.977974725379278,-0.192987128334683,192.238407924072,13.8650065966112,1.80396842177099,10.0056752598856,0.120955132113763,0.780487804878049,0.853658536585366,0.878048780487805,14.4463935044771,8.37912812036408,9
-0.977974725379278,-0.192987128334683,192.238407924072,13.8650065966112,1.80396842177099,10.0056752598856,0.120955132113763,0.780487804878049,0.853658536585366,0.878048780487805,14.4463935044768,8.379128120364,9
-0.977974725379278,-0.192987128334683,192.238407924072,13.8650065966112,1.80396842177099,10.0056752598856,0.120955132113763,0.780487804878049,0.853658536585366,0.878048780487805,4.52807399253988,8.13810017435076,9
-0.977974725379278,-0.192987128334683,192.238407924072,13.8650065966112,1.80396842177099,10.0056752598856,0.120955132113763,0.780487804878049,0.853658536585366,0.878048780487805,-22.9012948611479,28.6465535471375,9
-0.977974725379278,-0.192987128334683,192.238407924072,13.8650065966112,1.80396842177099,10.0056752598856,0.120955132113763,0.780487804878049,0.853658536585366,0.878048780487805,22.7604622900537,10.8751797435265,9
-0.977974725379278,-0.192987128334683,192.238407924072,13.8650065966112,1.80396842177099,10.0056752598856,0.120955132113763,0.780487804878049,0.853658536585366,0.878048780487805,26.3301131543142,7.92039183516337,9
-0.977974725379278,-0.192987128334683,192.238407924072,13.8650065966112,1.80396842177099,10.0056752598856,0.120955132113763,0.780487804878049,0.853658536585366,0.878048780487805,8.26940666016624,8.29611112324362,9
-0.977974725379278,-0.192987128334683,192.238407924072,13.8650065966112,1.80396842177099,10.0056752598856,0.120955132113763,0.780487804878049,0.853658536585366,0.878048780487805,4.76136730518458,7.78928560601176,9
-0.977974725379278,-0.192987128334683,192.238407924072,13.8650065966112,1.80396842177099,10.0056752598856,0.120955132113763,0.780487804878049,0.853658536585366,0.878048780487805,37.0555056311394,11.7130107694444,9
-0.977974725379278,-0.192987128334683,192.238407924072,13.8650065966112,1.80396842177099,10.0056752598856,0.120955132113763,0.780487804878049,0.853658536585366,0.878048780487805,7.39723420965573,8.35746124097722,9
-0.977974725379278,-0.192987128334683,192.238407924072,13.8650065966112,1.80396842177099,10.0056752598856,0.120955132113763,0.780487804878049,0.853658536585366,0.878048780487805,16.3439611095921,7.88951935364088,9
-0.977974725379278,-0.192987128334683,192.238407924072,13.8650065966112,1.80396842177099,10.0056752598856,0.120955132113763,0.780487804878049,0.853658536585366,0.878048780487805,4.02912196447864,8.56270534589509,9
-0.977974725379278,-0.192987128334683,192.238407924072,13.8650065966112,1.80396842177099,10.0056752598856,0.120955132113763,0.780487804878049,0.853658536585366,0.878048780487805,15.540373571646,8.36841028783259,9
-0.977974725379278,-0.192987128334683,192.238407924072,13.8650065966112,1.80396842177099,10.0056752598856,0.120955132113763,0.780487804878049,0.853658536585366,0.878048780487805,17.0926550637156,9.18287936292792,9
-0.977974725379278,-0.192987128334683,192.238407924072,13.8650065966112,1.80396842177099,10.0056752598856,0.120955132113763,0.780487804878049,0.853658536585366,0.878048780487805,13.0726194417954,9.52480839779694,9
-0.977974725379278,-0.192987128334683,192.238407924072,13.8650065966112,1.80396842177099,10.0056752598856,0.120955132113763,0.780487804878049,0.853658536585366,0.878048780487805,7.39722590268601,8.35746395984801,9
-0.977974725379278,-0.192987128334683,192.238407924072,13.8650065966112,1.80396842177099,10.0056752598856,0.120955132113763,0.780487804878049,0.853658536585366,0.878048780487805,17.092647965907,9.18287896591246,9
-0.977974725379278,-0.192987128334683,192.238407924072,13.8650065966112,1.80396842177099,10.0056752598856,0.120955132113763,0.780487804878049,0.853658536585366,0.878048780487805,26.3301191459861,7.92039066851663,9
-0.977974725379278,-0.192987128334683,192.238407924072,13.8650065966112,1.80396842177099,10.0056752598856,0.120955132113763,0.780487804878049,0.853658536585366,0.878048780487805,35.0610553550097,7.89247574050925,9
-0.977974725379278,-0.192987128334683,192.238407924072,13.8650065966112,1.80396842177099,10.0056752598856,0.120955132113763,0.780487804878049,0.853658536585366,0.878048780487805,7.19457574090648,8.48137432531201,9
-0.977974725379278,-0.192987128334683,192.238407924072,13.8650065966112,1.80396842177099,10.0056752598856,0.120955132113763,0.780487804878049,0.853658536585366,0.878048780487805,8.26941477353728,8.29611111806138,9
-0.977974725379278,-0.192987128334683,192.238407924072,13.8650065966112,1.80396842177099,10.0056752598856,0.120955132113763,0.780487804878049,0.853658536585366,0.878048780487805,19.6521485630517,12.150239952732,9
-0.977974725379278,-0.192987128334683,192.238407924072,13.8650065966112,1.80396842177099,10.0056752598856,0.120955132113763,0.780487804878049,0.853658536585366,0.878048780487805,4.76137371479996,7.7892857308147,9
-0.977974725379278,-0.192987128334683,192.238407924072,13.8650065966112,1.80396842177099,10.0056752598856,0.120955132113763,0.780487804878049,0.853658536585366,0.878048780487805,4.52807399253647,8.1381001743507,9
-0.977974725379278,-0.192987128334683,192.238407924072,13.8650065966112,1.80396842177099,10.0056752598856,0.120955132113763,0.780487804878049,0.853658536585366,0.878048780487805,3.13096301396887,9.28365228523166,9
-0.977974725379278,-0.192987128334683,192.238407924072,13.8650065966112,1.80396842177099,10.0056752598856,0.120955132113763,0.780487804878049,0.853658536585366,0.878048780487805,15.5403591723671,8.36841086260926,9
-0.977974725379278,-0.192987128334683,192.238407924072,13.8650065966112,1.80396842177099,10.0056752598856,0.120955132113763,0.780487804878049,0.853658536585366,0.878048780487805,-10.2140033991792,8.89558224031528,9
-0.977974725379278,-0.192987128334683,192.238407924072,13.8650065966112,1.80396842177099,10.0056752598856,0.120955132113763,0.780487804878049,0.853658536585366,0.878048780487805,24.1595588790797,8.87120383005105,9
-0.977974725379278,-0.192987128334683,192.238407924072,13.8650065966112,1.80396842177099,10.0056752598856,0.120955132113763,0.780487804878049,0.853658536585366,0.878048780487805,3.23172541322793,8.95140126533634,9
-0.977974725379278,-0.192987128334683,192.238407924072,13.8650065966112,1.80396842177099,10.0056752598856,0.120955132113763,0.780487804878049,0.853658536585366,0.878048780487805,-10.2140033992203,8.89558224031686,9
-0.977974725379278,-0.192987128334683,192.238407924072,13.8650065966112,1.80396842177099,10.0056752598856,0.120955132113763,0.780487804878049,0.853658536585366,0.878048780487805,29.1511951423012,10.8912644810917,9
-0.977974725379278,-0.192987128334683,192.238407924072,13.8650065966112,1.80396842177099,10.0056752598856,0.120955132113763,0.780487804878049,0.853658536585366,0.878048780487805,-5.99980081602296,14.1079493668107,9
0.946130476742161,0.154590154313909,247.369306547834,15.7279784634846,1.50714575507719,15.3732433788876,0.195570449392432,0.682926829268293,0.804878048780488,0.878048780487805,38.0392018454115,13.4091023659605,10
0.946130476742161,0.154590154313909,247.369306547834,15.7279784634846,1.50714575507719,15.3732433788876,0.195570449392432,0.682926829268293,0.804878048780488,0.878048780487805,51.8759007651437,10.8260421713684,10
0.946130476742161,0.154590154313909,247.369306547834,15.7279784634846,1.50714575507719,15.3732433788876,0.195570449392432,0.682926829268293,0.804878048780488,0.878048780487805,17.0640757281298,9.0976037700503,10
0.946130476742161,0.154590154313909,247.369306547834,15.7279784634846,1.50714575507719,15.3732433788876,0.195570449392432,0.682926829268293,0.804878048780488,0.878048780487805,5.90913414842669,10.4077639831597,10
0.946130476742161,0.154590154313909,247.369306547834,15.7279784634846,1.50714575507719,15.3732433788876,0.195570449392432,0.682926829268293,0.804878048780488,0.878048780487805,63.4292822537542,26.0182219777614,10
0.946130476742161,0.154590154313909,247.369306547834,15.7279784634846,1.50714575507719,15.3732433788876,0.195570449392432,0.682926829268293,0.804878048780488,0.878048780487805,9.14535932681073,9.48244289282322,10
0.946130476742161,0.154590154313909,247.369306547834,15.7279784634846,1.50714575507719,15.3732433788876,0.195570449392432,0.682926829268293,0.804878048780488,0.878048780487805,33.3346130441135,24.4588293676428,10
0.946130476742161,0.154590154313909,247.369306547834,15.7279784634846,1.50714575507719,15.3732433788876,0.195570449392432,0.682926829268293,0.804878048780488,0.878048780487805,1.53015482202987,9.33423993508391,10
0.946130476742161,0.154590154313909,247.369306547834,15.7279784634846,1.50714575507719,15.3732433788876,0.195570449392432,0.682926829268293,0.804878048780488,0.878048780487805,5.9091341484265,10.4077639831597,10
0.946130476742161,0.154590154313909,247.369306547834,15.7279784634846,1.50714575507719,15.3732433788876,0.195570449392432,0.682926829268293,0.804878048780488,0.878048780487805,20.715544585705,9.91605001097814,10
0.946130476742161,0.154590154313909,247.369306547834,15.7279784634846,1.50714575507719,15.3732433788876,0.195570449392432,0.682926829268293,0.804878048780488,0.878048780487805,17.0640757281297,9.09760377005029,10
0.946130476742161,0.154590154313909,247.369306547834,15.7279784634846,1.50714575507719,15.3732433788876,0.195570449392432,0.682926829268293,0.804878048780488,0.878048780487805,6.38028520374667,9.58534452073728,10
0.946130476742161,0.154590154313909,247.369306547834,15.7279784634846,1.50714575507719,15.3732433788876,0.195570449392432,0.682926829268293,0.804878048780488,0.878048780487805,28.543194325834,8.61839491009241,10
0.946130476742161,0.154590154313909,247.369306547834,15.7279784634846,1.50714575507719,15.3732433788876,0.195570449392432,0.682926829268293,0.804878048780488,0.878048780487805,17.2157648745294,10.0992031553313,10
0.946130476742161,0.154590154313909,247.369306547834,15.7279784634846,1.50714575507719,15.3732433788876,0.195570449392432,0.682926829268293,0.804878048780488,0.878048780487805,28.5431943258341,8.61839491009241,10
0.946130476742161,0.154590154313909,247.369306547834,15.7279784634846,1.50714575507719,15.3732433788876,0.195570449392432,0.682926829268293,0.804878048780488,0.878048780487805,24.6038206096152,9.09665142486093,10
0.946130476742161,0.154590154313909,247.369306547834,15.7279784634846,1.50714575507719,15.3732433788876,0.195570449392432,0.682926829268293,0.804878048780488,0.878048780487805,6.25499708777417,10.4052726933814,10
0.946130476742161,0.154590154313909,247.369306547834,15.7279784634846,1.50714575507719,15.3732433788876,0.195570449392432,0.682926829268293,0.804878048780488,0.878048780487805,8.58334226856186,9.549249787122,10
0.946130476742161,0.154590154313909,247.369306547834,15.7279784634846,1.50714575507719,15.3732433788876,0.195570449392432,0.682926829268293,0.804878048780488,0.878048780487805,10.7031928670583,9.52737158764396,10
0.946130476742161,0.154590154313909,247.369306547834,15.7279784634846,1.50714575507719,15.3732433788876,0.195570449392432,0.682926829268293,0.804878048780488,0.878048780487805,6.25698525729321,65.1943992026002,10
0.946130476742161,0.154590154313909,247.369306547834,15.7279784634846,1.50714575507719,15.3732433788876,0.195570449392432,0.682926829268293,0.804878048780488,0.878048780487805,10.8602263719441,11.9349945269091,10
0.946130476742161,0.154590154313909,247.369306547834,15.7279784634846,1.50714575507719,15.3732433788876,0.195570449392432,0.682926829268293,0.804878048780488,0.878048780487805,-25.8690244142832,23.5651810383571,10
0.946130476742161,0.154590154313909,247.369306547834,15.7279784634846,1.50714575507719,15.3732433788876,0.195570449392432,0.682926829268293,0.804878048780488,0.878048780487805,20.7155445857049,9.91605001097814,10
0.946130476742161,0.154590154313909,247.369306547834,15.7279784634846,1.50714575507719,15.3732433788876,0.195570449392432,0.682926829268293,0.804878048780488,0.878048780487805,6.25499708777423,10.4052726933814,10
0.946130476742161,0.154590154313909,247.369306547834,15.7279784634846,1.50714575507719,15.3732433788876,0.195570449392432,0.682926829268293,0.804878048780488,0.878048780487805,17.0640757281298,9.0976037700503,10
0.946130476742161,0.154590154313909,247.369306547834,15.7279784634846,1.50714575507719,15.3732433788876,0.195570449392432,0.682926829268293,0.804878048780488,0.878048780487805,10.1097235885835,9.3486158237889,10
0.946130476742161,0.154590154313909,247.369306547834,15.7279784634846,1.50714575507719,15.3732433788876,0.195570449392432,0.682926829268293,0.804878048780488,0.878048780487805,17.2157648745295,10.0992031553313,10
0.946130476742161,0.154590154313909,247.369306547834,15.7279784634846,1.50714575507719,15.3732433788876,0.195570449392432,0.682926829268293,0.804878048780488,0.878048780487805,8.58334226856172,9.54924978712201,10
0.946130476742161,0.154590154313909,247.369306547834,15.7279784634846,1.50714575507719,15.3732433788876,0.195570449392432,0.682926829268293,0.804878048780488,0.878048780487805,28.5431943258342,8.61839491009241,10
0.946130476742161,0.154590154313909,247.369306547834,15.7279784634846,1.50714575507719,15.3732433788876,0.195570449392432,0.682926829268293,0.804878048780488,0.878048780487805,51.8759007651438,10.8260421713684,10
0.946130476742161,0.154590154313909,247.369306547834,15.7279784634846,1.50714575507719,15.3732433788876,0.195570449392432,0.682926829268293,0.804878048780488,0.878048780487805,9.15104742845926,9.82828694899599,10
0.946130476742161,0.154590154313909,247.369306547834,15.7279784634846,1.50714575507719,15.3732433788876,0.195570449392432,0.682926829268293,0.804878048780488,0.878048780487805,8.79139200742907,9.68733673237963,10
0.946130476742161,0.154590154313909,247.369306547834,15.7279784634846,1.50714575507719,15.3732433788876,0.195570449392432,0.682926829268293,0.804878048780488,0.878048780487805,8.79139200742909,9.68733673237963,10
0.946130476742161,0.154590154313909,247.369306547834,15.7279784634846,1.50714575507719,15.3732433788876,0.195570449392432,0.682926829268293,0.804878048780488,0.878048780487805,10.1097235885834,9.3486158237889,10
0.946130476742161,0.154590154313909,247.369306547834,15.7279784634846,1.50714575507719,15.3732433788876,0.195570449392432,0.682926829268293,0.804878048780488,0.878048780487805,22.4700864846116,11.7959933134619,10
0.946130476742161,0.154590154313909,247.369306547834,15.7279784634846,1.50714575507719,15.3732433788876,0.195570449392432,0.682926829268293,0.804878048780488,0.878048780487805,9.14535932681066,9.48244289282322,10
0.946130476742161,0.154590154313909,247.369306547834,15.7279784634846,1.50714575507719,15.3732433788876,0.195570449392432,0.682926829268293,0.804878048780488,0.878048780487805,6.38028520374662,9.58534452073728,10
0.946130476742161,0.154590154313909,247.369306547834,15.7279784634846,1.50714575507719,15.3732433788876,0.195570449392432,0.682926829268293,0.804878048780488,0.878048780487805,24.6038206096153,9.09665142486094,10
0.946130476742161,0.154590154313909,247.369306547834,15.7279784634846,1.50714575507719,15.3732433788876,0.195570449392432,0.682926829268293,0.804878048780488,0.878048780487805,24.6038206096151,9.09665142486093,10
0.946130476742161,0.154590154313909,247.369306547834,15.7279784634846,1.50714575507719,15.3732433788876,0.195570449392432,0.682926829268293,0.804878048780488,0.878048780487805,9.14535932681081,9.48244289282322,10
0.946130476742161,0.154590154313909,247.369306547834,15.7279784634846,1.50714575507719,15.3732433788876,0.195570449392432,0.682926829268293,0.804878048780488,0.878048780487805,1.53015482202982,9.33423993508391,10
