"rid","pid","elevation.min","WS_ID","ws_mi60_mean","ws_accum_precip_mean","ws_10.min.storm.accum_mean","ws_30.min.storm.accum_mean","ws_60.min.storm.accum_mean","ws_sbs_mean","ws_dnbr.BAER_mean","ws_dnbr.extended_mean","ws_flow.accum_max","ws_slope_mean","ws_aspect.northness_mean","ws_aspect.eastness_mean","ws_slope.northness_mean","ws_slope.eastness_mean","ws_bare.earth_mean","ws_ndvi.max_mean","ws_ndvi.mean_mean","ws_ndvi.min_mean","ws_ndvi.range_mean","ws_RV.Sand","ws_RV.Silt","ws_RV.Clay","ws_Kw","ch_elevation.min","ch_watershed","ch_valley_width","ch_area","ch_channel_width","ch_channel.width.over.valley.width","ch_ch_area","ch_elevation.mean","ch_slope.median","ch_flow.accumulation.max","ch_curvature.median","ch_sfm.erosion.mean","ch_sfm.erosion.count","ch_sfm.erosion.sum","ch_sfm.deposition.mean","ch_sfm.deposition.count","ch_sfm.deposition.sum","ch_sfm.net.change","ch_sfm.net.change.norm","ch_distance.upstream","ch_distance.downstream","ch_slope.upstream","ch_slope.downstream","ch_central.slope.difference","ch_slope.over.width","ch_change.in.slope.over.width","ch_stream.power","ch_slope.over.width.central.diff","ch_stream.power.central.diff","ch_lidar.erosion.mean","ch_lidar.erosion.count","ch_lidar.erosion.sum","ch_lidar.deposition.mean","ch_lidar.deposition.count","ch_lidar.deposition.sum","ch_lidar.net.change","ch_lidar.net.change.norm","ch_lidar.resolution","hs_area","hs_hillslope.length","hs_flow.accumulation.max","hs_elevation.range","hs_mi60.mean","hs_accum.precip.mean","hs_storm.accum.10.min.mean","hs_storm.accum.30.min.mean","hs_storm.accum.60.min.mean","hs_slope.median","hs_aspect.northness.median","hs_aspect.eastness.median","hs_slope.northness.median","hs_slope.eastness.median","hs_curvature.median","hs_bare.earth.mean","hs_ndvi.max.mean","hs_ndvi.mean.mean","hs_ndvi.min.mean","hs_ndvi.range.mean","hs_dnbr.BAER.median","hs_extended.dnbr.median","hs_drainage_density","ch_sfm.net.change.count","ch_lidar.net.change.count","ch_sfm.erosion.norm","ch_sfm.deposition.norm","ch_lidar.erosion.norm","ch_lidar.deposition.norm","ratio","snapdist","upDist","afv_flow_accum","locID","netID","netgeom","bootstrap_rep"
137,82000001,0.123833347322968,26,-0.185712976940586,-0.500464661936247,-0.612877153222713,-0.614349237474709,-0.609405455638136,-0.00726678935076366,-0.0318106665497395,-0.268136734414665,-0.390123291875455,-0.0476412320943022,0.0120296361623771,0.185751260007711,-0.0476412320943022,-0.0476412320943022,0.155607382707741,0.118270159726381,0.0212913631697717,-0.718974279962396,0.0840487274901762,0.100969434774191,-0.14469320018369,0.808445717563054,0.35800918471082,0.123833347322968,1,-1.61628087444646,-1.35170761253454,-1.28887758458675,0.579606661457523,-0.811246706010322,0.124680488384946,1.47256821656704,-0.389936444197665,-0.657156567090929,0.213162799343918,191.0000000001,0.0752804362370504,0.084970880996121,278.0000000001,0.0436769458231913,0.118957381960242,0.00125634814190743,2.26081782641312,-1.29371489369366,1.40757876924187,1.92431059067331,0.7667349427744,1.79754242427516,2.22772836689272,0.875497982200969,-5.75645665997575,-2.48553036479689,0.357001410690278,18.0000000001,6.426025390725,0.357001410690278,18.0000000001,6.426025390725,0.216104153079494,0.357097192405178,1e-10,0.150939524986717,0.0541723511689186,0.066178312998722,0.0398862602510009,-0.0103404195706312,-0.0427308529370775,-0.0909552973393101,-0.0929425551931869,-0.101863133995089,-0.343437711971979,0.0921345226462834,-0.386112226619681,-0.336142066629584,-0.336142066629584,0.131819902204099,0.7357494574378,-0.658715558985314,-0.696882563514707,-0.502150751208892,-0.778278802962726,1.06172332653885,0.873779419641308,0.592326197771146,278.0000000001,0.950092421541775,0.000795061450207747,0.000461286591699681,0.0678673680481987,0.0678673680481987,0.421838620885814,0.512094934627856,4941.74460931885,0.001953125,22,1,"SNETWORK (1 137 4941.74460931885 0.421838620885814 82000001 22)",82
137,82000002,-0.775398376934532,11,-0.185712976940586,-0.500464661936247,-0.612877153222713,-0.614349237474709,-0.609405455638136,-0.0288801818172723,-0.00546927918290429,0.00550320007972177,-0.367199829213155,0.655497072532194,-0.178747776800452,0.0207984653697126,0.655497072532194,0.655497072532194,0.52757370520815,0.00859839689451767,-0.119588344277357,-0.92264130000323,0.00452948816675747,0.100969434774191,-0.14469320018369,0.808445717563054,0.35800918471082,-0.775398376934532,1,-0.980510756306598,-0.555088591662502,-0.545727049348464,0.561962589837915,-0.430719646538996,-0.782382423187484,1.6139921106822,-0.367129919505106,-0.515204360500328,0.224333004252115,7424.0000000001,3.07941683691171,0.116849727834473,2782.0000000001,0.601066017664454,3.68048285447617,0.0216562895274049,0.924203351747453,-0.439658753040657,2.04806668829305,1.30026206776428,-2.03797539828425,1.13689072093169,-3.09974256259351,0.402405072689749,-1.77094898786089,-0.818351481036936,0.205968057055645,93.0000000001,19.155029296975,0.205968057055645,93.0000000001,19.155029296975,0.0339028363152113,0.202169005413888,1e-10,0.199518378911244,-0.234591298264908,0.116616655971632,0.110318680517471,-0.0103404195706311,-0.0288834068236508,-0.086363182323643,-0.0903870580784884,-0.104188280761265,0.764053340766576,-0.7272330438922,0.77041339191269,0.897632409328518,0.897632409328518,-0.687707882869034,0.431481379716421,-1.10745286969014,-1.13219027832327,-1.23595975149029,-1.09182737503935,-0.0829276221348424,-0.167195724539775,0.429166267328164,7424.0000000001,0.395563770894824,0.0181195633628136,0.00353672606459126,0.112709901080046,0.112709901080046,0.234934895024644,0.421456703583056,4617.10002223143,0.001953125,10,1,"SNETWORK (1 137 4617.10002223143 0.234934895024644 82000002 10)",82
318,82000003,0.541509028854075,52,0.810229799286478,0.535514907654324,0.449959143780463,0.448153051499128,0.45024912066774,0.975550232717682,0.964065762752934,0.646517598944653,0.626291667708133,-0.196728229527987,0.758884379232536,-0.298434338314408,-0.196728229527987,-0.196728229527987,-0.401955095882437,-0.85272142257225,-0.96697656047877,-0.0483404823228468,-0.948742287715052,-0.899030565225809,0.85530679981631,-0.544442745523596,-0.64199081528918,0.541509028854075,8,-0.762219126512891,-0.458099652317802,-0.451750738148644,0.302069142014788,-0.367445693013196,0.538649613957102,0.572254767064702,0.626331040551274,-0.551897794074712,0.263218322963661,26137.0000000001,13.3192931338284,0.0796830271442393,6195.0000000001,0.955688711710035,14.2749818454385,0.0782341476904418,-0.00550597305906516,-0.140188232013589,0.368107425276425,0.869340996055774,1.03571982516598,0.548224324475039,1.52537527138682,1.19179712425319,1.71193522235116,2.96696790732667,0.00865365687521008,119.0000000001,1.02978515635,0.00865365687521008,119.0000000001,1.02978515635,0.293345238361647,0.572075972253525,1e-10,0.383380583688645,0.556073617975181,0.12737207504735,0.67726251121389,0.989659580429369,0.95131481838172,0.901451038911134,0.902831610545608,0.902712710019947,-0.0844103215685142,-0.0151050733985685,0.0692842360923183,-0.0861406497536264,-0.0861406497536264,-0.442679584877343,-0.150302411434656,0.0541039209132022,0.115978179211656,0.318842520111812,-0.0827811766516593,0.307601763421294,0.260348922835895,0.950937212740156,26137.0000000001,0.203327172003882,0.0729964882697727,0.00523765932066905,0.00564374545434656,0.00564374545434656,0.818684401583442,0.16481155809015,18480.1281628948,5.82076609134674e-11,34,1,"SNETWORK (1 318 18480.1281628948 0.818684401583442 82000003 34)",82
137,82000004,-1.27396576179897,4,-0.185712976940586,-0.500464661936247,-0.612877153222713,-0.614349237474709,-0.609405455638136,-0.0636091388425226,-0.0182212276156976,-0.0222100361323204,-0.364755872744132,0.805280266006655,-0.242068937286446,0.05387361956319,0.805280266006655,0.805280266006655,0.560789675586989,-0.00230416568047308,-0.134565056881894,-0.960842695309901,-0.000990318134333053,0.100969434774191,-0.14469320018369,0.808445717563054,0.35800918471082,-1.27396576179897,1,0.224386654678173,0.0777344395748765,0.0777919344855448,-0.212616961221713,0.0754472620918679,-1.30109452973787,0.310323232447514,-0.364687668447089,-0.198648505353389,0.296785390038989,24503.0000000001,13.4461862429169,0.173876270012846,11567.0000000001,3.71876209011822,17.1649483329351,0.063558573058188,0.185571942690219,0.18792129900226,2.05903385887175,0.0802792507967835,-4.66100593737866,0.0401917106491429,-4.50927192792915,-0.690301390675455,-3.31958123835302,-1.54609945864441,0.598113866343961,207.0000000001,123.8095703126,0.598113866343961,207.0000000001,123.8095703126,2.08027963778015,0.992319387981499,1e-10,-1.05519352790367,-0.771254446940416,2.10723704079632,-0.488211071556504,-0.0103404195706311,-0.048685181618279,-0.075234621437764,-0.0841939912280513,-0.109822995264652,0.457589509315327,-0.169080735666573,-0.645762931765316,0.510543223176488,0.510543223176488,0.834761192101952,-0.0621638454343399,-0.107622111970787,-0.145033092568579,-0.543826822570166,0.146870659201483,-1.16252297970979,-0.606311066371906,-0.102935176772408,24503.0000000001,0.44731977828854,0.0497886968694595,0.0137698760887285,0.458443535922324,0.458443535922324,0.146920353598189,0.949323524720967,4464.22214712527,0.001953125,9,1,"SNETWORK (1 137 4464.22214712527 0.146920353598189 82000004 9)",82
137,82000005,0.774362996857881,46,-0.182434882136088,-0.493825587762665,-0.550040856219537,-0.551846948500872,-0.54975087933226,-0.0424818300834143,-0.059871977745907,-0.793902771510567,-0.43341874041424,-1.11033913478504,-0.0919566722647852,0.744554234701917,-1.11033913478504,-1.11033913478504,-4.40982513963805,0.212447929145151,0.0545885981322935,-0.691425449693659,0.171912078124926,0,0,0.455557254476404,0.364580677662562,0.774362996857881,1,-1.09737789516096,-1.41469643675733,-1.34504610115319,-0.411412395455075,-0.832942899487413,0.799226048464904,1.82266735865911,-0.433061193236212,-0.714953260985421,0.0779856575165341,447.0000000001,0.0644554442288462,0.0772445587319622,1810.0000000001,0.258513849987023,0.322969294115869,0.00357291652139964,-0.276149368981134,1.51504428724021,0.399004898659151,0.573097307286065,0.294548460008604,2.02022468668675,0.966118759029439,0.910453481257496,-0.478120950308429,-0.160401192690218,0.327008056740625,40.0000000001,13.080322265725,0.327008056740625,40.0000000001,13.080322265725,0.120855407639943,0.0916319063797901,1e-10,0.213124826666574,0.469637839227838,-0.149954494111922,0.475746615228066,-0.0103404195706311,-0.00463196135688298,-0.0742302608812134,-0.0736585140106536,-0.0796122646780487,-0.106678709964432,0.0245583680651502,1.22298100099881,-0.108472254063274,-0.108472254063274,0.0302871168268485,0.689922242064328,0.501628476730943,0.657469125156042,0.663411509301545,0.451744566296206,-0.397105537963987,-1.14529866804764,-0.0368820201826862,1810.0000000001,0.787430684018669,0.000713052042542614,0.00285986437885703,0.144703843634604,0.144703843634604,0.696977358806407,0.819655159101762,5419.65002052683,0.001953125,21,1,"SNETWORK (1 137 5419.65002052683 0.696977358806407 82000005 21)",82
137,82000006,0.312390686005411,31,-0.182434882136088,-0.493825587762665,-0.550040856219537,-0.551846948500872,-0.54975087933226,-0.0449362701497831,-0.0691556942588605,-0.548767321482779,-0.405727833461519,-0.342424061510475,-0.0794711693205184,0.576029628141119,-0.342424061510475,-0.342424061510475,-0.741573175638452,0.179991934635808,0.0844884411398805,-0.663147573992191,0.136614754281266,0.0364828075349033,-0.0571641522728816,0.606064072139838,0.367173998896565,0.312390686005411,1,-0.789041333324242,-0.841019101917089,-0.818778112742795,-0.176108323073538,-0.593231871532024,0.298708559675907,-0.255661688255601,-0.40271225393282,-0.528407821754005,0.123044797655919,7980.0000000001,1.81553026056727,0.0554806533095787,5070.0000000001,0.52010001895124,2.33563027941851,0.0169486343681695,1.15112696088694,-0.859077874243946,-0.165165597806939,0.107533981050286,0.657602589846241,0.210393030683753,1.31203377968953,-0.599952854703495,-0.0413166977979136,0.00175596220187222,0.240240187972024,84.0000000001,20.18017578135,0.240240187972024,84.0000000001,20.18017578135,0.596941877956833,0.0856384440484752,1e-10,0.269906882441826,0.417623531845214,0.513252018121413,0.453308057833556,-0.0103404195706312,-0.00463196135688361,-0.0999924547941044,-0.0979716862647918,-0.0972872899800529,-0.226799191642411,0.247745525374613,-0.255282877505563,-0.226176984274827,-0.226176984274827,-0.0537414950859584,0.579486092188336,0.242442724192911,0.244011342490605,0.148408661232016,0.32286094615866,0.813043765866808,0.543145539092314,-0.0483646799225936,7980.0000000001,0.462107208972458,0.0131744988322521,0.00377413543591744,0.146438595959449,0.146438595959449,0.493693692383707,0.0665090308683166,5066.55410634246,0.001953125,23,1,"SNETWORK (1 137 5066.55410634246 0.493693692383707 82000006 23)",82
56,82000007,-1.23099177080861,5,-0.016376969797183,-0.0406255841243769,-0.0539298651555209,-0.0526282971591558,-0.0497659234028937,-0.35984017800157,-0.0660987880938205,-0.480661798045259,5.15474689496158e-05,5.40284401671327,-1.49848950783148,3.05429587000712,5.40284401671327,5.40284401671327,0.0546167799747298,0.176161022300434,0.42387183525315,0.105453956373478,0.0307379748455876,0.591774111491733,-0.392108070777454,0.335861736600535,0.0625654665075635,-1.23099177080861,2,0.9732306365584,-0.132147020125984,-0.131540032823628,-1.40249336346922,-0.11885250758369,-1.26869998323826,0.498127656561544,5.84219621675597e-05,0.633443909364388,0.426576882209234,26980.0000000001,18.4144708469759,0.0641424273630432,29013.0000000001,2.97754278758977,21.3920136344656,0.0923525246521311,0.18269784322794,-0.269893297640794,-0.0443632897928333,0.486416031125944,1.19941008688758,0.275806040135495,1.37928829178928,0.282223855292553,0.943189128924466,0.877790068426146,0.409524159988699,146.0000000001,59.79052734385,0.409524159988699,146.0000000001,59.79052734385,0.547748431025789,0.3002300053307,1e-10,-2.3372474221929,-2.38352958757559,2.30738804646532,-1.14812732004679,-0.033596211603536,-0.150006613538673,-0.120939154329483,-0.0998301195144444,-0.0871159563870255,0.330678963799194,-0.715619439915677,0.779638732400838,0.361230409133837,0.361230409133837,-2.9863414057514,0.581536173435115,-0.448261221035586,-0.535350121561727,-1.07504004265334,-0.105939994002029,-0.370181578983615,-3.56108658112154e-12,-0.102935176772408,29013.0000000001,0.00369685777097967,0.079498026696683,0.0128544978554481,0.25812465525115,0.25812465525115,0.351203434723945,0.090304683893919,5836.16500052173,0.00048828125,2,1,"SNETWORK (1 56 5836.16500052173 0.351203434723945 82000007 2)",82
56,82000008,-0.64213606002395,23,-0.016376969797183,-0.0406255841243769,0,0,0,-0.25907863982188,-0.0390336325187345,-0.38701219084529,-0.0161300963052594,5.20362207192088,-1.47550282344948,3.06544772249231,5.20362207192088,5.20362207192088,-0.212069321575579,0.235586270105925,0.508929693738857,0.276414129621419,0.0657746177843639,0.658991673339333,-0.406278099940185,0.190739766812213,0.0312046492625428,-0.64213606002395,2,-0.0956692158953602,0.18745437707451,0.188081949867009,0.0870096369889587,0.189480703863764,-0.665357092989808,0.804208435389712,-0.0159664027012742,-0.376478303011004,0.944945207622757,16994.0000000001,25.6934381707051,0.502778704221724,45415.0000000001,36.5339117563701,62.2273499269752,0.212655970164316,0.0606586364022725,0.612572766598514,-0.0498999592465668,0.802632405287988,1.83023237864727,0.215064384511761,1.64945935955457,0.192085295475992,-0.57527496553141,-0.521413026379485,1.54849959018488,162.0000000001,250.85693359385,1.54849959018488,162.0000000001,250.85693359385,3.28264827586567,2.3702726733375,1e-10,0.193128236489812,0.136739889571159,-0.087064502816659,0.454971676012896,-0.0335962116035359,-0.150006613538672,-0.0999924547941037,-0.0979716862647914,-0.0972872899800521,0.495563408511444,-0.42722488388634,-0.136627555198107,0.556434497902652,0.556434497902652,-1.72309994722342,0.329551649109054,-1.46236348681562,-1.60376416563952,-1.87069756352324,-1.30867814765892,-1.07489199652635,-0.681660149827824,0.528412311216887,45415.0000000001,0.11460258790037,0.0878048482681369,0.124851121796179,0.857279389583951,0.857279389583951,0.883408790913418,0.129806340006565,6261.88067958378,0.00048828125,7,1,"SNETWORK (1 56 6261.88067958378 0.883408790913418 82000008 7)",82
318,82000009,0.462050220457374,47,0.810229799286478,0.535514907654324,0.449959143780463,0.448153051499128,0.45024912066774,0.969894846692746,0.960274749869397,0.574299108329104,0.629837379618426,-0.16632763324012,0.74368457467855,-0.286688185078811,-0.16632763324012,-0.16632763324012,-0.348526208759048,-0.843283281901509,-0.950503639459155,-0.0335425695369257,-0.94153458685205,-0.899030565225809,0.85530679981631,-0.544442745523596,-0.64199081528918,0.462050220457374,8,-0.450285279398169,-0.100682726900227,-0.100303837035618,0.27498746435262,-0.0915828263169244,0.456160353231992,0.157234979546584,0.630235725242905,-0.667790046712265,0.219919779149126,15562.0000000001,6.62581068745907,0.252859573112673,16275.0000000001,7.967273375448,14.5930840628071,0.0615669186656323,-0.289217381946579,0.963170092738223,-0.169236361843449,0.371879862716165,1.20757184155032,0.0589657135742878,1.35612225110164,0.65920349019709,2.08996071646911,3.6229719289209,0.28834228525625,140.0000000001,40.367919921975,0.28834228525625,140.0000000001,40.367919921975,0.269735738648204,0.00316888076629662,1e-10,-0.903900979964707,-1.20100408235855,-0.498194747791516,-0.953986121721819,0.989659580429369,0.951314818381721,0.901451038911134,0.902831610545608,0.902712710019947,-0.732951248162947,0.878528750304489,-0.122109652220015,-0.674491613317653,-0.674491613317653,2.38140702893208,-0.447871185453661,-0.119504068318649,0.108455612570824,0.979736388095629,-0.745269736699355,1.07670867822689,1.05202066831644,-0.102935176772408,16275.0000000001,0.0480591498227357,0.0279537036357111,0.0336132149299212,0.170308649481802,0.170308649481802,0.719443703128442,0.354783250285437,18362.5183550713,5.82076609134674e-11,31,1,"SNETWORK (1 318 18362.5183550713 0.719443703128442 82000009 31)",82
137,82000010,0.774362996857881,46,-0.182434882136088,-0.493825587762665,-0.550040856219537,-0.551846948500872,-0.54975087933226,-0.0424818300834143,-0.059871977745907,-0.793902771510567,-0.43341874041424,-1.11033913478504,-0.0919566722647852,0.744554234701917,-1.11033913478504,-1.11033913478504,-4.40982513963805,0.212447929145151,0.0545885981322935,-0.691425449693659,0.171912078124926,0,0,0.455557254476404,0.364580677662562,0.774362996857881,1,-1.09737789516096,-1.41469643675733,-1.34504610115319,-0.411412395455075,-0.832942899487413,0.799226048464904,1.82266735865911,-0.433061193236212,-0.714953260985421,0.0779856575165341,447.0000000001,0.0644554442288462,0.0772445587319622,1810.0000000001,0.258513849987023,0.322969294115869,0.00357291652139964,-0.276149368981134,1.51504428724021,0.399004898659151,0.573097307286065,0.294548460008604,2.02022468668675,0.966118759029439,0.910453481257496,-0.478120950308429,-0.160401192690218,0.327008056740625,40.0000000001,13.080322265725,0.327008056740625,40.0000000001,13.080322265725,0.120855407639943,0.0916319063797901,1e-10,0.213124826666574,0.469637839227838,-0.149954494111922,0.475746615228066,-0.0103404195706311,-0.00463196135688298,-0.0742302608812134,-0.0736585140106536,-0.0796122646780487,-0.106678709964432,0.0245583680651502,1.22298100099881,-0.108472254063274,-0.108472254063274,0.0302871168268485,0.689922242064328,0.501628476730943,0.657469125156042,0.663411509301545,0.451744566296206,-0.397105537963987,-1.14529866804764,-0.0368820201826862,1810.0000000001,0.787430684018669,0.000713052042542614,0.00285986437885703,0.144703843634604,0.144703843634604,0.696977358806407,0.819655159101762,5419.65002052683,0.001953125,21,1,"SNETWORK (1 137 5419.65002052683 0.696977358806407 82000010 21)",82
318,82000011,0.423670938798271,45,0.810229799286478,0.535514907654324,0.449959143780463,0.448153051499128,0.45024912066774,0.96572479606344,0.959077959020198,0.540568333742652,0.630812602003959,-0.153428967240751,0.736126024194695,-0.287268992639644,-0.153428967240751,-0.153428967240751,-0.331232168415401,-0.841463399816846,-0.948054934095055,-0.0396380324317753,-0.938951175614208,-0.899030565225809,0.85530679981631,-0.544442745523596,-0.64199081528918,0.423670938798271,8,-1.05333170234077,-1.10667405950195,-1.06641774549702,0.295470631583553,-0.71670834254511,0.413250069969044,0.0512371866302138,0.63157049910505,-0.824226224229023,0.100174278441314,5022.0000000001,0.97396253738787,0.0952069742352379,12704.0000000001,2.341631595222,3.31559413250987,0.029242200392241,0.717199276298389,0.0932329012717089,0.370486164917427,0.0948227204835716,-0.626685726192752,0.678043214581165,-1.3663613673438,1.32219586095157,-1.3867764307926,-2.39856116242146,0.425439978258602,93.0000000001,39.56591796885,0.425439978258602,93.0000000001,39.56591796885,0.258255986345265,0.614044650707041,1e-10,-0.486674003095525,-0.377820520596505,2.48745001681244,-0.200060230078901,0.989659580429369,0.951314818381721,0.901451038911134,0.902831610545608,0.902712710019947,0.541864378166368,-0.463614714723251,-0.369235310992344,0.613163219756228,0.613163219756228,0.506698976745582,-0.1357425266934,0.158222711339821,0.128142698194608,-0.167210092201276,0.36591324140085,-0.285371502248915,-0.863745492352044,0.161868821067055,12704.0000000001,0.395563770894824,0.00858995596418505,0.020652244328056,0.348955406416897,0.348955406416897,0.676360174898014,0.710916635580361,18311.46021507,5.82076609134674e-11,27,1,"SNETWORK (1 318 18311.46021507 0.676360174898014 82000011 27)",82
328,82000012,0.875353690707217,70,0.817565117863912,0.621309110795204,0.679648502105189,0.676245639047415,0.674971766192546,0.875098611695762,1.023464835469,0.219272542770623,0.0804170837654566,-0.274648482489412,0.535740243291372,-0.864025181469251,-0.274648482489412,-0.274648482489412,-4.34685652660709,-0.0671568066280129,0.0363771881813206,1.0325224178409,-0.328934115982539,-0.835356739207357,0.822043687881501,-0.598119868767174,-0.651784673660024,0.875353690707217,8,0.025356054445,-1.00045725723757,-0.968161328334012,-1.25565454132934,-0.670185116564297,0.873450178779154,-0.285750785325118,0.0804113168338951,-0.164879795378176,0.191718407325615,11339.0000000001,4.20869921705422,0.132911227308487,1610.0000000001,0.41428276458042,4.62298198153464,0.037712229938589,-0.281150550190608,0.020167004424048,-0.342532150653125,-0.407713717374556,-0.0173239064625842,0.286839127899108,0.0363519725669854,0.399705315701197,0.0410612866175354,0.0464858428276537,0.863607917133451,71.0000000001,61.316162109475,0.863607917133451,71.0000000001,61.316162109475,0.569586169881518,1.13655072878444,1e-10,0.378604817487799,0.22413629430391,-0.00772601102587845,0.433676856116681,0.989659580429369,0.951314818381722,1.3541082360175,1.35434717165688,1.38134018023634,0.233337956716512,-0.117043792881733,0.00432715064050204,0.250821146469721,0.250821146469721,-0.192107330024209,-1.82186734191401,0.262816384965169,0.282928492766617,0.0719711957028897,0.399964551682896,0.811170289926794,0.543092013401119,0.346231304139284,11339.0000000001,0.55822550841793,0.0343326953963191,0.00337953444226992,0.500189965605563,0.500189965605563,0.307307898957511,0.2772286394611,18925.2774926127,2.91038304567337e-11,42,1,"SNETWORK (1 328 18925.2774926127 0.307307898957511 82000012 42)",82
318,82000013,0.637128861479731,58,0.810229799286478,0.535514907654324,0.449959143780463,0.448153051499128,0.45024912066774,0.972698511812583,0.962907589917203,0.635557421202612,0.613432991773303,-0.275755801267315,0.712568486293993,-0.328695992829541,-0.275755801267315,-0.275755801267315,-0.843777302795991,-0.823819898753063,-0.929492621253855,-0.00526339939987953,-0.926380332650242,-0.899030565225809,0.85530679981631,-0.544442745523596,-0.64199081528918,0.637128861479731,8,0.734117457773945,0.706387240127646,0.71639901957864,-0.469148289202755,0.87145472192889,0.641336584638795,-0.004281303266861,0.613500004445149,-0.384568779314053,0.131090600978347,23044.0000000001,5.84842254070851,0.108437150262281,10803.0000000001,2.26794121285407,8.11636375346258,0.0189852885865494,0.439869759872627,0.441292927867387,-0.24499902378933,-0.261061645331126,0.0594876157046453,-0.437139855566826,0.0323063574368598,-0.0779914597951029,0.915677883948058,1.56905899248035,0.473959712758898,236.0000000001,111.8544921876,0.473959712758898,236.0000000001,111.8544921876,1.29298529483434,0.312385687052085,1e-10,-1.6573624297017,-1.82175079667853,2.28317211804969,-1.00872575343074,0.989659580429369,0.951314818381721,0.901451038911134,0.902831610545608,0.902712710019947,0.0479241477941631,-0.664502310495984,0.852792079037176,0.0499670467864337,0.0499670467864337,-0.864315444173004,-0.0213661060592836,-0.0189658370989153,-0.140530588080587,-0.204416838775471,0.0974452266567375,-0.0150357885774942,-0.210141705313036,-0.102935176772408,23044.0000000001,0.661737523205361,0.0136802627997901,0.00530502568675931,0.2616430050731,0.2616430050731,0.935759243246857,0.354962159037408,18618.8731520309,5.82076609134674e-11,35,1,"SNETWORK (1 318 18618.8731520309 0.935759243246857 82000013 35)",82
318,82000014,0.497541250713767,49,0.810229799286478,0.535514907654324,0.449959143780463,0.448153051499128,0.45024912066774,0.969172538883626,0.961211941808644,0.573900624711982,0.628964924364948,-0.173954561007748,0.744354229455362,-0.288509778668431,-0.173954561007748,-0.173954561007748,-0.351242120038098,-0.84464105170046,-0.953195199986004,-0.0361017793149467,-0.942516516273127,-0.899030565225809,0.85530679981631,-0.544442745523596,-0.64199081528918,0.497541250713767,8,-0.711593066804613,0.057087658342838,0.0571010724692456,1.03457204066265,0.0549891467947743,0.492414704965174,-0.199012051660927,0.629272623218617,-0.389325559067258,0.0973116589672201,15561.0000000001,2.93164716647856,0.141079612912974,16475.0000000001,4.49986001830997,7.43150718468853,0.0279360427800648,0.277212376278736,0.485425490434351,0.21139488045026,-0.229856096439906,-0.934764840421332,-0.256412571667963,-0.906179429754863,0.231720176732222,-1.01898131095479,-1.76282297128748,0.247635323760714,210.0000000001,52.00341796885,0.247635323760714,210.0000000001,52.00341796885,0.436284753870671,0.0838238639230548,1e-10,-0.120406276649551,0.187849856338661,0.00845906777951065,0.294691194045464,0.989659580429369,0.951314818381721,0.901451038911133,0.902831610545609,0.902712710019947,0.0843710429188472,-0.306175057323201,0.233450647910389,0.0884961390018932,0.0884961390018932,0.217338051699196,-0.207166533498336,0.401566059123102,0.456582436399896,0.419431220176936,0.427852955463899,0.00748521745418446,-0.250546041420152,-0.102935176772408,16475.0000000001,0.469500924314418,0.0110204590170732,0.0169155836629917,0.195487896035007,0.195487896035007,0.761379767044618,0.135571668000465,18412.2166390903,5.82076609134674e-11,32,1,"SNETWORK (1 318 18412.2166390903 0.761379767044618 82000014 32)",82
318,82000015,0.518326613207292,50,0.810229799286478,0.535514907654324,0.449959143780463,0.448153051499128,0.45024912066774,0.971293024832163,0.961461515944616,0.599380532065216,0.628339634717753,-0.180045580989613,0.747327058541992,-0.290553661359679,-0.180045580989613,-0.180045580989613,-0.359489577300062,-0.846404267996283,-0.956109981420784,-0.037609344683451,-0.94402912125817,-0.899030565225809,0.85530679981631,-0.544442745523596,-0.64199081528918,0.518326613207292,8,-0.96738163761198,-0.257176686482382,-0.255119086551331,1.0323084136383,-0.221243305071241,0.511419292385001,0.179136806352107,0.628706757761774,-0.770854888358478,0.261311480265848,11916.0000000001,6.02834787627454,0.091681596552604,4709.0000000001,0.835834280541368,6.86418215671591,0.0324728259639315,0.525024789884318,0.335175518440307,0.816680173711481,-0.221381360964974,-2.31267857663658,0.170066227815122,-2.83969156477331,0.7900133771206,-2.40673914183786,-4.16127547896095,0.174655581580705,149.0000000001,26.023681640725,0.174655581580705,149.0000000001,26.023681640725,0.0644141657998281,0.166230753029452,1e-10,0.51029292679926,0.246566955413831,0.214027951798472,0.302588308390684,0.989659580429369,0.95131481838172,0.901451038911134,0.902831610545608,0.902712710019947,-0.00972244874439089,-0.501950532211245,0.3464024900866,-0.0100457627042795,-0.0100457627042795,0.491945424583006,-0.0480265475217435,0.398797050235569,0.466594917144416,0.608134882768993,0.31523209318657,-0.502265075068255,0.0169273717636685,1.15719811252083,11916.0000000001,0.0184842884548983,0.0285186911366476,0.00395413472728383,0.123111896358972,0.123111896358972,0.780693216201341,0.950669754296541,18435.1049407557,5.82076609134674e-11,33,1,"SNETWORK (1 318 18435.1049407557 0.780693216201341 82000015 33)",82
56,82000016,-1.23099177080861,5,-0.016376969797183,-0.0406255841243769,-0.0539298651555209,-0.0526282971591558,-0.0497659234028937,-0.35984017800157,-0.0660987880938205,-0.480661798045259,5.15474689496158e-05,5.40284401671327,-1.49848950783148,3.05429587000712,5.40284401671327,5.40284401671327,0.0546167799747298,0.176161022300434,0.42387183525315,0.105453956373478,0.0307379748455876,0.591774111491733,-0.392108070777454,0.335861736600535,0.0625654665075635,-1.23099177080861,2,0.9732306365584,-0.132147020125984,-0.131540032823628,-1.40249336346922,-0.11885250758369,-1.26869998323826,0.498127656561544,5.84219621675597e-05,0.633443909364388,0.426576882209234,26980.0000000001,18.4144708469759,0.0641424273630432,29013.0000000001,2.97754278758977,21.3920136344656,0.0923525246521311,0.18269784322794,-0.269893297640794,-0.0443632897928333,0.486416031125944,1.19941008688758,0.275806040135495,1.37928829178928,0.282223855292553,0.943189128924466,0.877790068426146,0.409524159988699,146.0000000001,59.79052734385,0.409524159988699,146.0000000001,59.79052734385,0.547748431025789,0.3002300053307,1e-10,-2.3372474221929,-2.38352958757559,2.30738804646532,-1.14812732004679,-0.033596211603536,-0.150006613538673,-0.120939154329483,-0.0998301195144444,-0.0871159563870255,0.330678963799194,-0.715619439915677,0.779638732400838,0.361230409133837,0.361230409133837,-2.9863414057514,0.581536173435115,-0.448261221035586,-0.535350121561727,-1.07504004265334,-0.105939994002029,-0.370181578983615,-3.56108658112154e-12,-0.102935176772408,29013.0000000001,0.00369685777097967,0.079498026696683,0.0128544978554481,0.25812465525115,0.25812465525115,0.351203434723945,0.090304683893919,5836.16500052173,0.00048828125,2,1,"SNETWORK (1 56 5836.16500052173 0.351203434723945 82000016 2)",82
137,82000017,0.709237747050185,44,-0.182434882136088,-0.493825587762665,-0.550040856219537,-0.551846948500872,-0.54975087933226,-0.0369043941977162,-0.058809396841896,-0.742748109548451,-0.431100497486344,-1.03966428784917,-0.076283208153217,0.705027888028059,-1.03966428784917,-1.03966428784917,-3.81523516848083,0.208124895638545,0.0571410262404301,-0.687947178157647,0.16724777119296,0,0,0.455557254476404,0.364580677662562,0.709237747050185,1,-1.47184826743754,-1.4282552489923,-1.35707945210704,0.179830673000149,-0.837484372671059,0.713756577871493,0.703666809558555,-0.430946695121631,-0.898030477904372,0.105505905113549,213.0000000001,0.0415521706758115,0.146182533640794,4646.0000000001,1.25577558316606,1.29732775374187,0.0144960139509404,-0.516641829345506,0.499334930251005,0.550966633068184,1.84248810865847,2.69040118588747,1.43718092731382,7.99236618910959,0.458700158705427,-0.581306023190762,-0.194737519939286,0.238364955457143,35.0000000001,8.3427734376,0.238364955457143,35.0000000001,8.3427734376,0.427502830723856,0.269505235992406,1e-10,0.296938118715214,0.54280307955235,0.148374573739645,0.583463356336997,0.000199686348350318,0.0013575558410574,-0.00512099573135542,-0.00843637235694922,-0.0321975133541255,-0.569727088625331,0.433686783333454,-0.807937773599762,-0.537918346372049,-0.537918346372049,-0.288827554505761,0.475924949095447,0.152601574687175,0.380111208776531,0.218803695438881,0.135609008398438,0.444812249431283,-0.611852527712852,1.08002281922079,4646.0000000001,0.824399260728466,0.000464293497547328,0.0140317203533931,0.0932200509591833,0.0932200509591833,0.66734096586022,0.136422420947335,5368.1727452267,0.001953125,11,1,"SNETWORK (1 137 5368.1727452267 0.66734096586022 82000017 11)",82
318,82000018,0.530958256887581,51,0.810229799286478,0.535514907654324,0.449959143780463,0.448153051499128,0.45024912066774,0.974570344331759,0.963637373906686,0.630261336894031,0.626780590124275,-0.192114864414454,0.756192970187436,-0.297597577146996,-0.192114864414454,-0.192114864414454,-0.392310734615547,-0.851618376345799,-0.96482077016524,-0.0468075809841407,-0.947873383194752,-0.899030565225809,0.85530679981631,-0.544442745523596,-0.64199081528918,0.530958256887581,8,-0.589781514597245,-0.696698110585919,-0.681738646989027,0.143783169714241,-0.515433609165869,0.52380437149006,0.792728229341458,0.627878198320766,-0.757773241051648,0.318780462648044,27839.0000000001,17.1812457212705,0.122262512453854,7067.0000000001,1.67277576836603,18.8540214895365,0.123072695056251,-0.19815137417516,0.582987932045888,0.599191240081425,0.194509191851735,-0.967150162000511,0.859401649625898,-1.60293947292031,1.48861909160952,-0.848871718884479,-1.46141662512034,0.103006029985913,126.0000000001,12.978759765725,0.103006029985913,126.0000000001,12.978759765725,0.12230916013858,0.298869045414035,1e-10,-0.284519578634799,0.0211293423369357,-0.326702391771332,0.0138136100958292,0.989659580429369,0.951314818381722,0.901451038911133,0.902831610545608,0.902712710019947,0.126910441302968,-0.426080102243917,0.00708120659121063,0.134048691123707,0.134048691123707,0.383699113987057,-0.14657373581065,0.298473235418124,0.40765241291227,0.484451736446943,0.222006969322319,-0.262365035944367,-0.105168285785281,-0.102935176772408,27839.0000000001,0.151571164610166,0.112153378778885,0.0109193161773662,0.0847209674837902,0.0847209674837902,0.799599984622606,0.691196471452713,18457.511286491,5.82076609134674e-11,30,1,"SNETWORK (1 318 18457.511286491 0.799599984622606 82000018 30)",82
318,82000019,0.399688950411697,44,0.810229799286478,0.535514907654324,0.449959143780463,0.448153051499128,0.45024912066774,0.958309169802043,0.955940814556296,0.464204860590103,0.633476844000067,-0.122227866716982,0.71293721215631,-0.288171944637914,-0.122227866716982,-0.122227866716982,-0.302967789464781,-0.830588625337281,-0.932241501539895,-0.0363808663812247,-0.928822832264772,-0.899030565225809,0.85530679981631,-0.544442745523596,-0.64199081528918,0.399688950411697,8,-0.681203957917457,-0.0583200498610876,-0.0581647816131584,0.774264940997203,-0.053866321396372,0.394688521627108,0.0884967928872335,0.63337117377629,-0.500802604843101,0.254212465798722,8393.0000000001,4.13069746130453,0.236245931891133,21321.0000000001,9.75172016611824,13.8824176273228,0.056781593740147,0.0352697591101381,-0.513304377268431,0.0852266259231626,0.251503465776912,0.38546966218835,-0.00859198677153341,0.432390979406287,0.577329662945533,-1.68505617885097,-2.91807318884559,0.377538795779645,183.0000000001,69.089599609475,0.377538795779645,183.0000000001,69.089599609475,1.29702504937382,0.384752572957847,1e-10,0.872524025752435,-0.0212608622762155,0.280339712077508,0.190299153291891,0.989659580429369,0.95131481838172,0.901451038911134,0.902831610545609,0.902712710019947,0.343529679194779,-0.731403610460071,-0.256868926869681,0.376069954983178,0.376069954983178,0.230167780903651,-0.232561398378671,0.517995760476145,0.503378011114634,0.292805264516476,0.690798174323219,-0.513871660813734,-0.688732773105336,1.01100647300725,21321.0000000001,0.269870610081516,0.0168952981383132,0.0398862955018338,0.282588931922573,0.282588931922573,0.655002303229855,0.788518969298453,18286.1490753711,5.82076609134674e-11,26,1,"SNETWORK (1 318 18286.1490753711 0.655002303229855 82000019 26)",82
56,82000020,-0.950871268887578,14,-0.016376969797183,-0.0406255841243769,-0.0539298651555209,-0.0526282971591558,-0.0497659234028937,-0.345485860301596,-0.0596936844875546,-0.483502251996056,-0.00540051932640816,5.36386964557349,-1.49131387152146,3.07992337035489,5.36386964557349,5.36386964557349,-0.0383913832514822,0.189274814069121,0.442606464573747,0.146642675122953,0.0380152195280149,0.591774111491733,-0.392108070777454,0.335861736600535,0.0625654665075635,-0.950871268887578,2,-0.295247057355339,-0.100980198865061,-0.100599402169693,0.0157650474174511,-0.0918435789522378,-0.980630430868992,0.502561203574699,-0.0049956923020953,-0.402311913481736,0.357327843362675,39413.0000000001,22.5333796584999,0.200595278834843,26531.0000000001,8.51518934427543,31.0485690026753,0.131019648555691,0.103092793241021,0.697268217088459,0.528793101957363,0.593890233900102,0.0437819054668832,0.257360911024839,0.0693255406985632,0.254834372729241,0.165059144124707,0.156421724076547,0.678669757253614,166.0000000001,112.6591796876,0.678669757253614,166.0000000001,112.6591796876,1.30450348770816,1.05091142897422,1e-10,0.25032904676977,0.199479802857142,0.025431063671806,0.0453944594667419,-0.0335962116035361,-0.150006613538673,-0.110679928747758,-0.0989200025307373,-0.0920977060681644,-0.528733974286208,0.575170848341662,-0.871599000264807,-0.502461290345489,-0.502461290345489,0.449270860301137,-0.19143017460039,-0.263972418895282,-0.18192213876424,-0.290661521018292,-0.253845048903052,0.376791616202711,0.152808105924069,1.59088270622751,39413.0000000001,0.144177449268207,0.0950870064613053,0.0359326419943853,0.475402461116273,0.475402461116273,0.623514409766052,0.347862578433336,6053.98891061186,0.00048828125,4,1,"SNETWORK (1 56 6053.98891061186 0.623514409766052 82000020 4)",82
137,82000021,-0.775398376934532,11,-0.185712976940586,-0.500464661936247,-0.612877153222713,-0.614349237474709,-0.609405455638136,-0.0288801818172723,-0.00546927918290429,0.00550320007972177,-0.367199829213155,0.655497072532194,-0.178747776800452,0.0207984653697126,0.655497072532194,0.655497072532194,0.52757370520815,0.00859839689451767,-0.119588344277357,-0.92264130000323,0.00452948816675747,0.100969434774191,-0.14469320018369,0.808445717563054,0.35800918471082,-0.775398376934532,1,-0.980510756306598,-0.555088591662502,-0.545727049348464,0.561962589837915,-0.430719646538996,-0.782382423187484,1.6139921106822,-0.367129919505106,-0.515204360500328,0.224333004252115,7424.0000000001,3.07941683691171,0.116849727834473,2782.0000000001,0.601066017664454,3.68048285447617,0.0216562895274049,0.924203351747453,-0.439658753040657,2.04806668829305,1.30026206776428,-2.03797539828425,1.13689072093169,-3.09974256259351,0.402405072689749,-1.77094898786089,-0.818351481036936,0.205968057055645,93.0000000001,19.155029296975,0.205968057055645,93.0000000001,19.155029296975,0.0339028363152113,0.202169005413888,1e-10,0.199518378911244,-0.234591298264908,0.116616655971632,0.110318680517471,-0.0103404195706311,-0.0288834068236508,-0.086363182323643,-0.0903870580784884,-0.104188280761265,0.764053340766576,-0.7272330438922,0.77041339191269,0.897632409328518,0.897632409328518,-0.687707882869034,0.431481379716421,-1.10745286969014,-1.13219027832327,-1.23595975149029,-1.09182737503935,-0.0829276221348424,-0.167195724539775,0.429166267328164,7424.0000000001,0.395563770894824,0.0181195633628136,0.00353672606459126,0.112709901080046,0.112709901080046,0.234934895024644,0.421456703583056,4617.10002223143,0.001953125,10,1,"SNETWORK (1 137 4617.10002223143 0.234934895024644 82000021 10)",82
318,82000022,0.541509028854075,52,0.810229799286478,0.535514907654324,0.449959143780463,0.448153051499128,0.45024912066774,0.975550232717682,0.964065762752934,0.646517598944653,0.626291667708133,-0.196728229527987,0.758884379232536,-0.298434338314408,-0.196728229527987,-0.196728229527987,-0.401955095882437,-0.85272142257225,-0.96697656047877,-0.0483404823228468,-0.948742287715052,-0.899030565225809,0.85530679981631,-0.544442745523596,-0.64199081528918,0.541509028854075,8,-0.762219126512891,-0.458099652317802,-0.451750738148644,0.302069142014788,-0.367445693013196,0.538649613957102,0.572254767064702,0.626331040551274,-0.551897794074712,0.263218322963661,26137.0000000001,13.3192931338284,0.0796830271442393,6195.0000000001,0.955688711710035,14.2749818454385,0.0782341476904418,-0.00550597305906516,-0.140188232013589,0.368107425276425,0.869340996055774,1.03571982516598,0.548224324475039,1.52537527138682,1.19179712425319,1.71193522235116,2.96696790732667,0.00865365687521008,119.0000000001,1.02978515635,0.00865365687521008,119.0000000001,1.02978515635,0.293345238361647,0.572075972253525,1e-10,0.383380583688645,0.556073617975181,0.12737207504735,0.67726251121389,0.989659580429369,0.95131481838172,0.901451038911134,0.902831610545608,0.902712710019947,-0.0844103215685142,-0.0151050733985685,0.0692842360923183,-0.0861406497536264,-0.0861406497536264,-0.442679584877343,-0.150302411434656,0.0541039209132022,0.115978179211656,0.318842520111812,-0.0827811766516593,0.307601763421294,0.260348922835895,0.950937212740156,26137.0000000001,0.203327172003882,0.0729964882697727,0.00523765932066905,0.00564374545434656,0.00564374545434656,0.818684401583442,0.16481155809015,18480.1281628948,5.82076609134674e-11,34,1,"SNETWORK (1 318 18480.1281628948 0.818684401583442 82000022 34)",82
137,82000023,0.613200242646473,41,-0.182434882136088,-0.493825587762665,-0.550040856219537,-0.551846948500872,-0.54975087933226,-0.0451065637703283,-0.0618136058943684,-0.727933950521052,-0.423869100570423,-0.85611860404957,-0.0409635102063473,0.578409836898921,-0.85611860404957,-0.85611860404957,-2.588348895733,0.189365502562632,0.0525316171587317,-0.697954061996093,0.150346035579543,0,0,0.455557254476404,0.364580677662562,0.613200242646473,1,-1.50402777439096,-1.80965101960814,-1.68662521258673,-0.270417702720975,-0.948470752909752,0.620113218305008,0.935141662738323,-0.419019273880561,-0.714388088168971,0.148425242555053,481.0000000001,0.132004941278637,0.104188308809249,771.0000000001,0.14852881325146,0.280533754430097,0.00415338596411409,0.532715941772166,0.171334142373332,1.59271179320063,1.2994178359243,-0.959587127886658,1.94416982062453,-3.56144240734837,0.898833439821001,3.14654310686302,1.32367166658605,0.248612837457955,22.0000000001,5.469482421975,0.248612837457955,22.0000000001,5.469482421975,0.386374914482365,0.311803124304573,1e-10,1.25183600929243,1.32864992152713,0.644999791317817,2.108760306476,-0.000199686348350318,0.00113060782917222,-0.00871574707178785,-0.0118289327354769,-0.034663814637434,-0.597334836574475,0.366275775263162,-0.758170451067432,-0.561532047113359,-0.561532047113359,-0.195205958063862,0.0909160222197369,-0.103269740530341,0.0635708899508376,-0.0371485848196983,-0.136240256525676,0.300846947206877,-0.577656558512701,2.86342057255883,771.0000000001,0.920517560173937,0.00195437250677304,0.00219901335734105,0.08097731778938,0.08097731778938,0.628617307121589,0.442424738367872,5300.91123856709,0.001953125,17,1,"SNETWORK (1 137 5300.91123856709 0.628617307121589 82000023 17)",82
137,82000024,-0.301052051722817,19,-0.185712976940586,-0.500464661936247,-0.612877153222713,-0.614349237474709,-0.609405455638136,0.0169788261312095,0.000359657190758261,-0.0118170321065155,-0.372388340110036,0.391479673640979,-0.0646905520174191,-0.0427800678336585,0.391479673640979,0.391479673640979,0.448943077523049,0.0405937950527634,-0.0771684972781446,-0.850479102586418,0.0260338294574259,0.100969434774191,-0.14469320018369,0.808445717563054,0.35800918471082,-0.301052051722817,1,-0.0879195816539677,-0.388362792281865,-0.383791495467761,-0.617289605917113,-0.319107005174366,-0.30365570764189,0.980954320859374,-0.371417583511143,-0.156824710965089,0.172429221786762,7844.0000000001,2.50083936834238,0.087220057810515,5563.0000000001,0.89714527506941,3.39798464331179,0.0176954589829508,-0.0798954121238947,0.93767467185301,1.6095175105163,1.41301281867311,-0.756531679687069,0.712304127825979,-0.998476951423182,0.00861843788610252,-0.599982793064737,-0.207620643325053,0.40502025472963,81.0000000001,32.8066406251,0.40502025472963,81.0000000001,32.8066406251,0.777675463833069,0.00131595100871389,1e-10,1.97662293942626,1.19417919426334,0.934284735266843,1.4447915246769,0.00121900859169667,-0.101237236155133,-0.072095202878031,-0.0851074117260146,-0.125203328606607,-0.708626964515587,0.257113856639497,-0.797605881930651,-0.654596925086681,-0.654596925086681,0.1795395079705,0.10466374339728,-0.426530787314178,-0.468879547449569,-0.373598629453093,-0.472191938408525,1.13326211140679,1.10398839032885,0.998544277323238,7844.0000000001,0.484288354998336,0.0130234550359148,0.00467200384703601,0.170844962889153,0.170844962889153,0.335588786944264,0.763553773828252,4791.93196327716,0.001953125,19,1,"SNETWORK (1 137 4791.93196327716 0.335588786944264 82000024 19)",82
328,82000025,0.935311379741054,73,0.817565117863912,0.621309110795204,0.679648502105189,0.676245639047415,0.674971766192546,0.87678653520229,1.02366265992924,-1.00112403188247,0.0779582121305372,-0.311973877902626,0.52829047982245,-0.871561673079391,-0.311973877902626,-0.311973877902626,-5.52263265119554,-0.0655668157249558,0.0336202373225349,1.03862656187813,-0.328201706225668,-0.835356739207357,0.822043687881501,-0.598119868767174,-0.651784673660024,0.935311379741054,8,0.0362761640614376,-1.72556239525721,-1.61552241731949,-0.465887941035415,-0.92657933781133,0.934872330994467,-0.434648819805622,0.0779208860931927,0.164336022309145,0.205124111408753,1e-10,1e-10,0.0964781691710056,1e-10,1e-10,1e-10,1e-10,0.2188627649413,-1.10771586224927,-0.405201318914744,-0.505330056135568,-0.110994745126712,0.635097811618614,-0.0503609941358894,0.754088765503032,0,0,1.37006293412778,9.0000000001,12.33056640635,1.37006293412778,9.0000000001,12.33056640635,0.131587316109449,0.00115355604380752,1e-10,-1.0985676568389,-0.225631508482429,-0.531685723030326,-0.182820479494828,0.989659580429369,0.951314818381721,1.42406288444456,1.4251802967969,1.45337377939853,-0.241036263643482,-0.633703838510173,0.354981650190917,-0.239824628542563,-0.239824628542563,0.863903294160726,-2.40994984073514,0.213164895820577,0.181438516366861,-0.162213842002749,0.452906134500644,0.0507319503866252,-0.841303530912153,-0.102935176772408,1e-10,1.01663585961941,0,0,0.17155973884282,0.17155973884282,0.402441088923881,0.735985514707863,18996.5629692709,2.91038304567337e-11,43,1,"SNETWORK (1 328 18996.5629692709 0.402441088923881 82000025 43)",82
140,82000026,-0.519166499783244,28,-0.016376969797183,-0.0406255841243769,0,0,0,-0.16364476724723,-0.0273408648501604,-0.502210867272939,-0.0385988922621021,5.23013307886376,-1.56605287278273,3.19028967847252,5.23013307886376,5.23013307886376,-1.30018846432596,0.304578169051692,0.607117375275086,0.436905586952572,0.111492970009212,0.674158771142803,-0.376868202347026,0,0,-0.519166499783244,2,-0.149686789558592,-0.290656375226585,-0.288056884972786,-0.432118854070904,-0.247114488857853,-0.541226850619052,0.511440195868926,-0.038430753320885,-0.44082871527851,0.313215511699408,18330.0000000001,9.1859845242797,0.210188127072411,19709.0000000001,6.62815647129321,15.8141409954729,0.0766689493907404,0.74122190410147,-0.0284153155523727,0.729896723513331,0.237876001515374,0.265712848172575,0.392219231651489,0.230138531463502,0.352665514438719,0,0,1.31625863018721,129.0000000001,169.79736328135,1.31625863018721,129.0000000001,169.79736328135,2.12237206289093,2.25252711187643,1e-10,-1.22170846784761,-0.933568915966948,-0.625172500712958,-0.799835159784059,-0.0103404195706311,-0.00463196135688361,-0.0999924547941041,-0.0979716862647914,-0.0972872899800525,0.45583447830459,1.15116302522916,-0.748741077474448,0.508435982412698,0.508435982412698,1.68981782787586,-1.02673804394616,-0.0947834726615971,-0.0411118547853295,-0.240971238413629,-0.00561064971534081,0.511106123135461,-0.149749560225085,-0.102935176772408,19709.0000000001,0.129390018584288,0.0445348110830633,0.0321341382076771,0.823199024146844,0.823199024146844,0.02191263025955,0.691708492960551,6377.11355980317,0.000244140625,24,1,"SNETWORK (1 140 6377.11355980317 0.02191263025955 82000026 24)",82
56,82000027,-1.02458057902816,12,-0.016376969797183,-0.0406255841243769,-0.0539298651555209,-0.0526282971591558,-0.0497659234028937,-0.346806310996145,-0.0603607335942696,-0.481045939888252,-0.00406503831845436,5.37656382963383,-1.48915075889638,3.07124917109009,5.37656382963383,5.37656382963383,-0.0267925002452441,0.186166578758285,0.438391762014497,0.137101294624763,0.0362616654111819,0.591774111491733,-0.392108070777454,0.335861736600535,0.0625654665075635,-1.02458057902816,2,-0.643651926266998,0.252627873698087,0.25385082375288,1.23773269867474,0.261659264736172,-1.05393554663055,0.164003020807975,-0.0034503371737921,-0.0779870355025925,0.284245401110884,49554.0000000001,22.5367945627903,0.217766334901844,34417.0000000001,11.99178231189,34.5285768745803,0.112509021585102,-0.155325048915813,-0.464463631660765,0.569616691653051,0.210860086962026,-0.902202201217641,-0.13819699565883,-0.762378736273299,-0.229588833287986,-1.41581323933424,-1.30579793185503,0.17181396494375,224.0000000001,38.4863281251,0.17181396494375,224.0000000001,38.4863281251,0.242802876852541,0.158307927651954,1e-10,-0.106856739366174,0.305232164980344,0.00772601102587896,0.118312162988934,-0.0335962116035361,-0.150006613538673,-0.111516064669557,-0.0989941778665905,-0.0916916890809525,-0.574348802506965,0.443146657015946,-0.593136023754739,-0.541886259073384,-0.541886259073384,0.599055352023864,-0.128991579584708,-0.196707379651031,-0.139881646624602,-0.262599470509818,-0.159911714062422,0.276105330927692,0.111028391134663,1.98619859709844,49554.0000000001,0.573012939101848,0.0734346136788827,0.0390744078062198,0.125405085000727,0.125405085000727,0.559768665432233,0.821539702825248,6002.99813699265,0.00048828125,3,1,"SNETWORK (1 56 6002.99813699265 0.559768665432233 82000027 3)",82
137,82000028,0.312390686005411,31,-0.182434882136088,-0.493825587762665,-0.550040856219537,-0.551846948500872,-0.54975087933226,-0.0449362701497831,-0.0691556942588605,-0.548767321482779,-0.405727833461519,-0.342424061510475,-0.0794711693205184,0.576029628141119,-0.342424061510475,-0.342424061510475,-0.741573175638452,0.179991934635808,0.0844884411398805,-0.663147573992191,0.136614754281266,0.0364828075349033,-0.0571641522728816,0.606064072139838,0.367173998896565,0.312390686005411,1,-0.789041333324242,-0.841019101917089,-0.818778112742795,-0.176108323073538,-0.593231871532024,0.298708559675907,-0.255661688255601,-0.40271225393282,-0.528407821754005,0.123044797655919,7980.0000000001,1.81553026056727,0.0554806533095787,5070.0000000001,0.52010001895124,2.33563027941851,0.0169486343681695,1.15112696088694,-0.859077874243946,-0.165165597806939,0.107533981050286,0.657602589846241,0.210393030683753,1.31203377968953,-0.599952854703495,-0.0413166977979136,0.00175596220187222,0.240240187972024,84.0000000001,20.18017578135,0.240240187972024,84.0000000001,20.18017578135,0.596941877956833,0.0856384440484752,1e-10,0.269906882441826,0.417623531845214,0.513252018121413,0.453308057833556,-0.0103404195706312,-0.00463196135688361,-0.0999924547941044,-0.0979716862647918,-0.0972872899800529,-0.226799191642411,0.247745525374613,-0.255282877505563,-0.226176984274827,-0.226176984274827,-0.0537414950859584,0.579486092188336,0.242442724192911,0.244011342490605,0.148408661232016,0.32286094615866,0.813043765866808,0.543145539092314,-0.0483646799225936,7980.0000000001,0.462107208972458,0.0131744988322521,0.00377413543591744,0.146438595959449,0.146438595959449,0.493693692383707,0.0665090308683166,5066.55410634246,0.001953125,23,1,"SNETWORK (1 137 5066.55410634246 0.493693692383707 82000028 23)",82
137,82000029,-1.27396576179897,4,-0.185712976940586,-0.500464661936247,-0.612877153222713,-0.614349237474709,-0.609405455638136,-0.0636091388425226,-0.0182212276156976,-0.0222100361323204,-0.364755872744132,0.805280266006655,-0.242068937286446,0.05387361956319,0.805280266006655,0.805280266006655,0.560789675586989,-0.00230416568047308,-0.134565056881894,-0.960842695309901,-0.000990318134333053,0.100969434774191,-0.14469320018369,0.808445717563054,0.35800918471082,-1.27396576179897,1,0.224386654678173,0.0777344395748765,0.0777919344855448,-0.212616961221713,0.0754472620918679,-1.30109452973787,0.310323232447514,-0.364687668447089,-0.198648505353389,0.296785390038989,24503.0000000001,13.4461862429169,0.173876270012846,11567.0000000001,3.71876209011822,17.1649483329351,0.063558573058188,0.185571942690219,0.18792129900226,2.05903385887175,0.0802792507967835,-4.66100593737866,0.0401917106491429,-4.50927192792915,-0.690301390675455,-3.31958123835302,-1.54609945864441,0.598113866343961,207.0000000001,123.8095703126,0.598113866343961,207.0000000001,123.8095703126,2.08027963778015,0.992319387981499,1e-10,-1.05519352790367,-0.771254446940416,2.10723704079632,-0.488211071556504,-0.0103404195706311,-0.048685181618279,-0.075234621437764,-0.0841939912280513,-0.109822995264652,0.457589509315327,-0.169080735666573,-0.645762931765316,0.510543223176488,0.510543223176488,0.834761192101952,-0.0621638454343399,-0.107622111970787,-0.145033092568579,-0.543826822570166,0.146870659201483,-1.16252297970979,-0.606311066371906,-0.102935176772408,24503.0000000001,0.44731977828854,0.0497886968694595,0.0137698760887285,0.458443535922324,0.458443535922324,0.146920353598189,0.949323524720967,4464.22214712527,0.001953125,9,1,"SNETWORK (1 137 4464.22214712527 0.146920353598189 82000029 9)",82
137,82000030,-0.301052051722817,19,-0.185712976940586,-0.500464661936247,-0.612877153222713,-0.614349237474709,-0.609405455638136,0.0169788261312095,0.000359657190758261,-0.0118170321065155,-0.372388340110036,0.391479673640979,-0.0646905520174191,-0.0427800678336585,0.391479673640979,0.391479673640979,0.448943077523049,0.0405937950527634,-0.0771684972781446,-0.850479102586418,0.0260338294574259,0.100969434774191,-0.14469320018369,0.808445717563054,0.35800918471082,-0.301052051722817,1,-0.0879195816539677,-0.388362792281865,-0.383791495467761,-0.617289605917113,-0.319107005174366,-0.30365570764189,0.980954320859374,-0.371417583511143,-0.156824710965089,0.172429221786762,7844.0000000001,2.50083936834238,0.087220057810515,5563.0000000001,0.89714527506941,3.39798464331179,0.0176954589829508,-0.0798954121238947,0.93767467185301,1.6095175105163,1.41301281867311,-0.756531679687069,0.712304127825979,-0.998476951423182,0.00861843788610252,-0.599982793064737,-0.207620643325053,0.40502025472963,81.0000000001,32.8066406251,0.40502025472963,81.0000000001,32.8066406251,0.777675463833069,0.00131595100871389,1e-10,1.97662293942626,1.19417919426334,0.934284735266843,1.4447915246769,0.00121900859169667,-0.101237236155133,-0.072095202878031,-0.0851074117260146,-0.125203328606607,-0.708626964515587,0.257113856639497,-0.797605881930651,-0.654596925086681,-0.654596925086681,0.1795395079705,0.10466374339728,-0.426530787314178,-0.468879547449569,-0.373598629453093,-0.472191938408525,1.13326211140679,1.10398839032885,0.998544277323238,7844.0000000001,0.484288354998336,0.0130234550359148,0.00467200384703601,0.170844962889153,0.170844962889153,0.335588786944264,0.763553773828252,4791.93196327716,0.001953125,19,1,"SNETWORK (1 137 4791.93196327716 0.335588786944264 82000030 19)",82
328,82000031,0.855207858496471,69,0.817565117863912,0.621309110795204,0.679648502105189,0.676245639047415,0.674971766192546,0.873991215907395,1.02076105168878,0.179149430813318,0.0819159759865829,-0.251381043998887,0.521890855933977,-0.861200038458768,-0.251381043998887,-0.251381043998887,-3.2075935032942,-0.0652261759140823,0.0412312561675872,1.0167727296658,-0.324969420173864,-0.835356739207357,0.822043687881501,-0.598119868767174,-0.651784673660024,0.855207858496471,8,0.0470987474622124,-0.890001194377517,-0.864903802277999,-0.345951321635036,-0.617831205199707,0.851724985494455,-0.368434913781613,0.081999279844845,0.743738001794927,0.176065961480397,20797.0000000001,7.08900717406013,0.123010504397518,6679.0000000001,1.59060727336876,8.67961444732888,0.0652892826806609,-0.0377961377375228,1.30847028258364,-0.247199571360933,-0.445187360532846,-0.312280516259152,0.129328235726143,-0.550722424024589,0.222903258595387,-0.8590823973401,-0.881826415467968,0.691224765033628,113.0000000001,78.1083984376,0.691224765033628,113.0000000001,78.1083984376,0.809948070383342,1.43834792220601,1e-10,0.452091495500441,0.277602842636433,-0.0929807995355695,0.430768060306159,0.989659580429369,0.951314818381721,1.39147544478473,1.39218363048066,1.41981788827535,0.0855909536791769,-0.425812677985017,-0.0708514277959999,0.0897936783812835,0.0897936783812835,-0.580982223567529,-0.917539929835741,0.314522138307403,0.328907404422538,0.0376866533128597,0.504164022688845,0.384775472282688,0.354906710502042,0.628516801226544,20797.0000000001,0.247689464055638,0.0533245106002126,0.0119647719804483,0.587542376278815,0.587542376278815,0.274801682821481,0.668798347935081,18900.9198408569,2.91038304567337e-11,41,1,"SNETWORK (1 328 18900.9198408569 0.274801682821481 82000031 41)",82
137,82000032,0.774362996857881,46,-0.182434882136088,-0.493825587762665,-0.550040856219537,-0.551846948500872,-0.54975087933226,-0.0424818300834143,-0.059871977745907,-0.793902771510567,-0.43341874041424,-1.11033913478504,-0.0919566722647852,0.744554234701917,-1.11033913478504,-1.11033913478504,-4.40982513963805,0.212447929145151,0.0545885981322935,-0.691425449693659,0.171912078124926,0,0,0.455557254476404,0.364580677662562,0.774362996857881,1,-1.09737789516096,-1.41469643675733,-1.34504610115319,-0.411412395455075,-0.832942899487413,0.799226048464904,1.82266735865911,-0.433061193236212,-0.714953260985421,0.0779856575165341,447.0000000001,0.0644554442288462,0.0772445587319622,1810.0000000001,0.258513849987023,0.322969294115869,0.00357291652139964,-0.276149368981134,1.51504428724021,0.399004898659151,0.573097307286065,0.294548460008604,2.02022468668675,0.966118759029439,0.910453481257496,-0.478120950308429,-0.160401192690218,0.327008056740625,40.0000000001,13.080322265725,0.327008056740625,40.0000000001,13.080322265725,0.120855407639943,0.0916319063797901,1e-10,0.213124826666574,0.469637839227838,-0.149954494111922,0.475746615228066,-0.0103404195706311,-0.00463196135688298,-0.0742302608812134,-0.0736585140106536,-0.0796122646780487,-0.106678709964432,0.0245583680651502,1.22298100099881,-0.108472254063274,-0.108472254063274,0.0302871168268485,0.689922242064328,0.501628476730943,0.657469125156042,0.663411509301545,0.451744566296206,-0.397105537963987,-1.14529866804764,-0.0368820201826862,1810.0000000001,0.787430684018669,0.000713052042542614,0.00285986437885703,0.144703843634604,0.144703843634604,0.696977358806407,0.819655159101762,5419.65002052683,0.001953125,21,1,"SNETWORK (1 137 5419.65002052683 0.696977358806407 82000032 21)",82
319,82000033,-0.233295220515551,7,0.833299531937875,0.487253775027049,0.423921895297046,0.422083328008158,0.425620192291929,0.88277712375735,0.874429480775511,0.522125825911809,0.769004728189541,-0.0523775355173163,0.760863281571318,-0.0924065623807555,-0.0523775355173163,-0.0523775355173163,0.240848323851838,-0.681576580605852,-0.68011570522696,0.391210907469261,-0.840829731729951,-0.901078823296691,0.862021227679927,-0.569078322997003,-0.663467360499932,-0.233295220515551,8,0.457163931260332,0.516373755423099,0.521785975246464,-0.319103181751019,0.591405322437994,-0.254850875948611,-0.437095265938344,0.768991080982058,1.36568274773854,0.495182840518699,34643.0000000001,33.2116461447534,0.134149886438926,10922.0000000001,2.83662419464193,36.0482703392954,0.0968735268009242,-1.43633255196204,0.611191076548299,-0.497047082208231,-0.553452460631965,0.0431638568359657,-0.596640764841528,0.0308789488634254,-0.286073321421246,0.219348748045499,0.419309256974052,0.577211360441495,194.0000000001,111.97900390635,0.577211360441495,194.0000000001,111.97900390635,1.29476753948411,0.44810018782729,1e-10,-0.299976174842919,-0.305315147791463,-0.295777007021174,-0.665525887838913,0.866113532350044,1.0036273157337,1.24840440852401,1.25154650355616,1.27388105615353,-0.993817437966978,-0.0426278728870296,-0.727928982492498,-0.878220793840006,-0.878220793840006,0.189538923877416,-0.93474488378771,1.05220317601214,0.953791227947289,0.880971799377621,1.22755294026414,-0.459637630160457,0.407669341016713,-0.102935176772408,34643.0000000001,0.351201478843068,0.0892505870407192,0.00762293966020504,0.300924314059534,0.300924314059534,0.723832951380663,0.0914686260760216,17356.4467009779,1.16415321826935e-10,38,1,"SNETWORK (1 319 17356.4467009779 0.723832951380663 82000033 38)",82
328,82000034,0.855207858496471,69,0.817565117863912,0.621309110795204,0.679648502105189,0.676245639047415,0.674971766192546,0.873991215907395,1.02076105168878,0.179149430813318,0.0819159759865829,-0.251381043998887,0.521890855933977,-0.861200038458768,-0.251381043998887,-0.251381043998887,-3.2075935032942,-0.0652261759140823,0.0412312561675872,1.0167727296658,-0.324969420173864,-0.835356739207357,0.822043687881501,-0.598119868767174,-0.651784673660024,0.855207858496471,8,0.0470987474622124,-0.890001194377517,-0.864903802277999,-0.345951321635036,-0.617831205199707,0.851724985494455,-0.368434913781613,0.081999279844845,0.743738001794927,0.176065961480397,20797.0000000001,7.08900717406013,0.123010504397518,6679.0000000001,1.59060727336876,8.67961444732888,0.0652892826806609,-0.0377961377375228,1.30847028258364,-0.247199571360933,-0.445187360532846,-0.312280516259152,0.129328235726143,-0.550722424024589,0.222903258595387,-0.8590823973401,-0.881826415467968,0.691224765033628,113.0000000001,78.1083984376,0.691224765033628,113.0000000001,78.1083984376,0.809948070383342,1.43834792220601,1e-10,0.452091495500441,0.277602842636433,-0.0929807995355695,0.430768060306159,0.989659580429369,0.951314818381721,1.39147544478473,1.39218363048066,1.41981788827535,0.0855909536791769,-0.425812677985017,-0.0708514277959999,0.0897936783812835,0.0897936783812835,-0.580982223567529,-0.917539929835741,0.314522138307403,0.328907404422538,0.0376866533128597,0.504164022688845,0.384775472282688,0.354906710502042,0.628516801226544,20797.0000000001,0.247689464055638,0.0533245106002126,0.0119647719804483,0.587542376278815,0.587542376278815,0.274801682821481,0.668798347935081,18900.9198408569,2.91038304567337e-11,41,1,"SNETWORK (1 328 18900.9198408569 0.274801682821481 82000034 41)",82
137,82000035,0.613200242646473,41,-0.182434882136088,-0.493825587762665,-0.550040856219537,-0.551846948500872,-0.54975087933226,-0.0451065637703283,-0.0618136058943684,-0.727933950521052,-0.423869100570423,-0.85611860404957,-0.0409635102063473,0.578409836898921,-0.85611860404957,-0.85611860404957,-2.588348895733,0.189365502562632,0.0525316171587317,-0.697954061996093,0.150346035579543,0,0,0.455557254476404,0.364580677662562,0.613200242646473,1,-1.50402777439096,-1.80965101960814,-1.68662521258673,-0.270417702720975,-0.948470752909752,0.620113218305008,0.935141662738323,-0.419019273880561,-0.714388088168971,0.148425242555053,481.0000000001,0.132004941278637,0.104188308809249,771.0000000001,0.14852881325146,0.280533754430097,0.00415338596411409,0.532715941772166,0.171334142373332,1.59271179320063,1.2994178359243,-0.959587127886658,1.94416982062453,-3.56144240734837,0.898833439821001,3.14654310686302,1.32367166658605,0.248612837457955,22.0000000001,5.469482421975,0.248612837457955,22.0000000001,5.469482421975,0.386374914482365,0.311803124304573,1e-10,1.25183600929243,1.32864992152713,0.644999791317817,2.108760306476,-0.000199686348350318,0.00113060782917222,-0.00871574707178785,-0.0118289327354769,-0.034663814637434,-0.597334836574475,0.366275775263162,-0.758170451067432,-0.561532047113359,-0.561532047113359,-0.195205958063862,0.0909160222197369,-0.103269740530341,0.0635708899508376,-0.0371485848196983,-0.136240256525676,0.300846947206877,-0.577656558512701,2.86342057255883,771.0000000001,0.920517560173937,0.00195437250677304,0.00219901335734105,0.08097731778938,0.08097731778938,0.628617307121589,0.442424738367872,5300.91123856709,0.001953125,17,1,"SNETWORK (1 137 5300.91123856709 0.628617307121589 82000035 17)",82
56,82000036,-0.884042185535354,16,-0.016376969797183,-0.0406255841243769,-0.0539298651555209,-0.0526282971591558,-0.0497659234028937,-0.341765590276753,-0.0594356162935164,-0.497386659176004,-0.00775547650881859,5.35339364512057,-1.51331619727076,3.11596609442782,5.35339364512057,5.35339364512057,-0.0389523073616893,0.192895277682513,0.446578959395651,0.155709671152991,0.0403290608558459,0.591774111491733,-0.392108070777454,0.335861736600535,0.0625654665075635,-0.884042185535354,2,-0.654445164218412,-0.652842759563125,-0.639774887445589,-0.144178985209966,-0.490126185882594,-0.905139988733675,0.609327246017218,-0.00739336895980516,-0.362853522798527,0.64494084796772,11654.0000000001,12.0258250257705,0.17153249579656,8184.0000000001,2.24611511174714,14.2719401374177,0.0902146735645597,0.851634082922662,0.16636881789592,0.17963303326183,0.548376065630797,0.750658060198193,0.718712860454859,1.29250766403768,0.721426049828561,0.549909250977986,0.511104717994972,1.00489826453829,79.0000000001,79.386962890725,1.00489826453829,79.0000000001,79.386962890725,0.828249276718348,1.14216398333045,1e-10,0.420878761968538,0.427151794035024,0.196172574930989,0.885534320049959,-0.0335962116035362,-0.150006613538672,-0.108413545877239,-0.0987189060680103,-0.0931982096704437,0.433183918544097,-0.454185263927891,0.486291132728131,0.481347705759699,0.481347705759699,-0.835485595859178,0.42965741489637,-1.52988570410758,-1.57002458464413,-2.0340297088168,-1.32554862788699,-1.18315229410211,-0.996486456427227,0.52280164167181,11654.0000000001,0.499075785682255,0.076016706025555,0.0141979674390047,0.501814670298,0.501814670298,0.68402038718793,0.417487276368774,6102.38816658683,0.00048828125,6,1,"SNETWORK (1 56 6102.38816658683 0.68402038718793 82000036 6)",82
318,82000037,0.541509028854075,52,0.810229799286478,0.535514907654324,0.449959143780463,0.448153051499128,0.45024912066774,0.975550232717682,0.964065762752934,0.646517598944653,0.626291667708133,-0.196728229527987,0.758884379232536,-0.298434338314408,-0.196728229527987,-0.196728229527987,-0.401955095882437,-0.85272142257225,-0.96697656047877,-0.0483404823228468,-0.948742287715052,-0.899030565225809,0.85530679981631,-0.544442745523596,-0.64199081528918,0.541509028854075,8,-0.762219126512891,-0.458099652317802,-0.451750738148644,0.302069142014788,-0.367445693013196,0.538649613957102,0.572254767064702,0.626331040551274,-0.551897794074712,0.263218322963661,26137.0000000001,13.3192931338284,0.0796830271442393,6195.0000000001,0.955688711710035,14.2749818454385,0.0782341476904418,-0.00550597305906516,-0.140188232013589,0.368107425276425,0.869340996055774,1.03571982516598,0.548224324475039,1.52537527138682,1.19179712425319,1.71193522235116,2.96696790732667,0.00865365687521008,119.0000000001,1.02978515635,0.00865365687521008,119.0000000001,1.02978515635,0.293345238361647,0.572075972253525,1e-10,0.383380583688645,0.556073617975181,0.12737207504735,0.67726251121389,0.989659580429369,0.95131481838172,0.901451038911134,0.902831610545608,0.902712710019947,-0.0844103215685142,-0.0151050733985685,0.0692842360923183,-0.0861406497536264,-0.0861406497536264,-0.442679584877343,-0.150302411434656,0.0541039209132022,0.115978179211656,0.318842520111812,-0.0827811766516593,0.307601763421294,0.260348922835895,0.950937212740156,26137.0000000001,0.203327172003882,0.0729964882697727,0.00523765932066905,0.00564374545434656,0.00564374545434656,0.818684401583442,0.16481155809015,18480.1281628948,5.82076609134674e-11,34,1,"SNETWORK (1 318 18480.1281628948 0.818684401583442 82000037 34)",82
319,82000038,-0.184373293611712,10,0.833299531937875,0.487253775027049,0.449959143780463,0.448153051499128,0.45024912066774,0.88408975354817,0.876780641549407,0.527867317250081,0.766899722963086,-0.0532357373363358,0.763535435290374,-0.0919785217858275,-0.0532357373363358,-0.0532357373363358,0.262069285297267,-0.688944333191288,-0.691516322375024,0.377020434175685,-0.84610815278056,-0.901078823296691,0.862021227679927,-0.569078322997003,-0.663467360499932,-0.184373293611712,8,0.507258881662557,0.0121219669412171,0.0121112501802871,-0.900147496448347,0.0114849627650103,-0.207189694648983,-0.38758292253324,0.766968189815167,0.149348517155258,0.193046002990705,9770.0000000001,3.65144445883823,0.139172593791316,2596.0000000001,0.699467806883905,4.35091226562213,0.0169023999126377,0.0834898474673622,0.830027108803229,-0.501039153639243,-0.417424762769217,0.326386173251111,-0.369394263539035,0.348748390818595,0.149115054321418,0.567055440896537,1.08267855886549,0.261815564485776,58.0000000001,15.185302734475,0.261815564485776,58.0000000001,15.185302734475,0.0907249892667482,0.387761802766914,1e-10,-1.29354816639403,-1.5689600791952,-0.714477738973283,-1.11810611271901,0.989659580429369,0.863209722246263,1.07859074301012,1.08092336065565,1.09141429781658,-2.26867372906904,0.655972269195981,0.540451881689561,-1.65869589445686,-1.65869589445686,1.64811254021937,-1.44433633157075,0.798501718021039,0.831554289672117,1.16062029677976,0.652456162691961,0.887297590010224,1.21036722122837,-0.102935176772408,9770.0000000001,0.654343807863401,0.0141851111603206,0.00271728865231705,0.0589917797530089,0.0589917797530089,0.865388659607971,0.746828088536859,17435.1068429305,1.16415321826935e-10,39,1,"SNETWORK (1 319 17435.1068429305 0.865388659607971 82000038 39)",82
318,82000039,0.497541250713767,49,0.810229799286478,0.535514907654324,0.449959143780463,0.448153051499128,0.45024912066774,0.969172538883626,0.961211941808644,0.573900624711982,0.628964924364948,-0.173954561007748,0.744354229455362,-0.288509778668431,-0.173954561007748,-0.173954561007748,-0.351242120038098,-0.84464105170046,-0.953195199986004,-0.0361017793149467,-0.942516516273127,-0.899030565225809,0.85530679981631,-0.544442745523596,-0.64199081528918,0.497541250713767,8,-0.711593066804613,0.057087658342838,0.0571010724692456,1.03457204066265,0.0549891467947743,0.492414704965174,-0.199012051660927,0.629272623218617,-0.389325559067258,0.0973116589672201,15561.0000000001,2.93164716647856,0.141079612912974,16475.0000000001,4.49986001830997,7.43150718468853,0.0279360427800648,0.277212376278736,0.485425490434351,0.21139488045026,-0.229856096439906,-0.934764840421332,-0.256412571667963,-0.906179429754863,0.231720176732222,-1.01898131095479,-1.76282297128748,0.247635323760714,210.0000000001,52.00341796885,0.247635323760714,210.0000000001,52.00341796885,0.436284753870671,0.0838238639230548,1e-10,-0.120406276649551,0.187849856338661,0.00845906777951065,0.294691194045464,0.989659580429369,0.951314818381721,0.901451038911133,0.902831610545609,0.902712710019947,0.0843710429188472,-0.306175057323201,0.233450647910389,0.0884961390018932,0.0884961390018932,0.217338051699196,-0.207166533498336,0.401566059123102,0.456582436399896,0.419431220176936,0.427852955463899,0.00748521745418446,-0.250546041420152,-0.102935176772408,16475.0000000001,0.469500924314418,0.0110204590170732,0.0169155836629917,0.195487896035007,0.195487896035007,0.761379767044618,0.135571668000465,18412.2166390903,5.82076609134674e-11,32,1,"SNETWORK (1 318 18412.2166390903 0.761379767044618 82000039 32)",82
328,82000040,0.689728181192927,61,0.817565117863912,0.621309110795204,0.584902015722838,0.581791403280787,0.581496445193316,0.845414017938165,0.990762558535211,0.359094786261078,0.0960185111960037,-0.172780269804531,0.435055609141561,-0.732584121691513,-0.172780269804531,-0.172780269804531,0.798993095234424,-0.092719591973201,0.0134533077348032,0.935090482782096,-0.340831345297923,-0.835356739207357,0.822043687881501,-0.598119868767173,-0.651784673660024,0.689728181192927,8,2.91314326849238,1.46261342470891,1.50103374202711,-1.70920207600957,2.46334397395713,0.696644754831285,-0.447091839101976,0.0963469926967221,0.727694570001569,0.24655170332205,29302.0000000001,13.9866785136537,0.116656815744766,9644.0000000001,2.17809411058022,16.1647726241339,0.0217745724381189,0.0824520551529033,1.22442416971212,-0.527964028676386,-0.486631252746963,0.240146822249986,-0.845180870915475,0.0673949381996013,-1.59824275997132,-0.0744196008860084,0.0848355542824864,0.226976160295183,301.0000000001,68.31982421885,0.226976160295183,301.0000000001,68.31982421885,1.28600658392141,0.273618727244068,1e-10,0.662925471429125,0.256105227460515,2.14179745258831,0.0833102451364211,0.989659580429369,0.951314818381721,1.05261754952982,1.05248362461847,1.0646306489058,0.0324625919955536,-0.372030534913343,1.32892988679818,0.0337599870010974,0.0337599870010974,-0.0962353728480014,0.413128689076284,0.135685713970065,0.192282362616032,0.341851520562571,0.0374608874193534,-0.399706256532093,0.08245373388631,0.271540287899951,29302.0000000001,1.14232902043272,0.0188405955435819,0.00293397679453698,0.0920294389026486,0.0920294389026486,0.0247010088149245,0.0521670878515579,18713.5136814986,2.91038304567337e-11,40,1,"SNETWORK (1 328 18713.5136814986 0.0247010088149245 82000040 40)",82
137,82000041,0.613200242646473,41,-0.182434882136088,-0.493825587762665,-0.550040856219537,-0.551846948500872,-0.54975087933226,-0.0451065637703283,-0.0618136058943684,-0.727933950521052,-0.423869100570423,-0.85611860404957,-0.0409635102063473,0.578409836898921,-0.85611860404957,-0.85611860404957,-2.588348895733,0.189365502562632,0.0525316171587317,-0.697954061996093,0.150346035579543,0,0,0.455557254476404,0.364580677662562,0.613200242646473,1,-1.50402777439096,-1.80965101960814,-1.68662521258673,-0.270417702720975,-0.948470752909752,0.620113218305008,0.935141662738323,-0.419019273880561,-0.714388088168971,0.148425242555053,481.0000000001,0.132004941278637,0.104188308809249,771.0000000001,0.14852881325146,0.280533754430097,0.00415338596411409,0.532715941772166,0.171334142373332,1.59271179320063,1.2994178359243,-0.959587127886658,1.94416982062453,-3.56144240734837,0.898833439821001,3.14654310686302,1.32367166658605,0.248612837457955,22.0000000001,5.469482421975,0.248612837457955,22.0000000001,5.469482421975,0.386374914482365,0.311803124304573,1e-10,1.25183600929243,1.32864992152713,0.644999791317817,2.108760306476,-0.000199686348350318,0.00113060782917222,-0.00871574707178785,-0.0118289327354769,-0.034663814637434,-0.597334836574475,0.366275775263162,-0.758170451067432,-0.561532047113359,-0.561532047113359,-0.195205958063862,0.0909160222197369,-0.103269740530341,0.0635708899508376,-0.0371485848196983,-0.136240256525676,0.300846947206877,-0.577656558512701,2.86342057255883,771.0000000001,0.920517560173937,0.00195437250677304,0.00219901335734105,0.08097731778938,0.08097731778938,0.628617307121589,0.442424738367872,5300.91123856709,0.001953125,17,1,"SNETWORK (1 137 5300.91123856709 0.628617307121589 82000041 17)",82
56,82000042,-0.950871268887578,14,-0.016376969797183,-0.0406255841243769,-0.0539298651555209,-0.0526282971591558,-0.0497659234028937,-0.345485860301596,-0.0596936844875546,-0.483502251996056,-0.00540051932640816,5.36386964557349,-1.49131387152146,3.07992337035489,5.36386964557349,5.36386964557349,-0.0383913832514822,0.189274814069121,0.442606464573747,0.146642675122953,0.0380152195280149,0.591774111491733,-0.392108070777454,0.335861736600535,0.0625654665075635,-0.950871268887578,2,-0.295247057355339,-0.100980198865061,-0.100599402169693,0.0157650474174511,-0.0918435789522378,-0.980630430868992,0.502561203574699,-0.0049956923020953,-0.402311913481736,0.357327843362675,39413.0000000001,22.5333796584999,0.200595278834843,26531.0000000001,8.51518934427543,31.0485690026753,0.131019648555691,0.103092793241021,0.697268217088459,0.528793101957363,0.593890233900102,0.0437819054668832,0.257360911024839,0.0693255406985632,0.254834372729241,0.165059144124707,0.156421724076547,0.678669757253614,166.0000000001,112.6591796876,0.678669757253614,166.0000000001,112.6591796876,1.30450348770816,1.05091142897422,1e-10,0.25032904676977,0.199479802857142,0.025431063671806,0.0453944594667419,-0.0335962116035361,-0.150006613538673,-0.110679928747758,-0.0989200025307373,-0.0920977060681644,-0.528733974286208,0.575170848341662,-0.871599000264807,-0.502461290345489,-0.502461290345489,0.449270860301137,-0.19143017460039,-0.263972418895282,-0.18192213876424,-0.290661521018292,-0.253845048903052,0.376791616202711,0.152808105924069,1.59088270622751,39413.0000000001,0.144177449268207,0.0950870064613053,0.0359326419943853,0.475402461116273,0.475402461116273,0.623514409766052,0.347862578433336,6053.98891061186,0.00048828125,4,1,"SNETWORK (1 56 6053.98891061186 0.623514409766052 82000042 4)",82
318,82000043,0.637128861479731,58,0.810229799286478,0.535514907654324,0.449959143780463,0.448153051499128,0.45024912066774,0.972698511812583,0.962907589917203,0.635557421202612,0.613432991773303,-0.275755801267315,0.712568486293993,-0.328695992829541,-0.275755801267315,-0.275755801267315,-0.843777302795991,-0.823819898753063,-0.929492621253855,-0.00526339939987953,-0.926380332650242,-0.899030565225809,0.85530679981631,-0.544442745523596,-0.64199081528918,0.637128861479731,8,0.734117457773945,0.706387240127646,0.71639901957864,-0.469148289202755,0.87145472192889,0.641336584638795,-0.004281303266861,0.613500004445149,-0.384568779314053,0.131090600978347,23044.0000000001,5.84842254070851,0.108437150262281,10803.0000000001,2.26794121285407,8.11636375346258,0.0189852885865494,0.439869759872627,0.441292927867387,-0.24499902378933,-0.261061645331126,0.0594876157046453,-0.437139855566826,0.0323063574368598,-0.0779914597951029,0.915677883948058,1.56905899248035,0.473959712758898,236.0000000001,111.8544921876,0.473959712758898,236.0000000001,111.8544921876,1.29298529483434,0.312385687052085,1e-10,-1.6573624297017,-1.82175079667853,2.28317211804969,-1.00872575343074,0.989659580429369,0.951314818381721,0.901451038911134,0.902831610545608,0.902712710019947,0.0479241477941631,-0.664502310495984,0.852792079037176,0.0499670467864337,0.0499670467864337,-0.864315444173004,-0.0213661060592836,-0.0189658370989153,-0.140530588080587,-0.204416838775471,0.0974452266567375,-0.0150357885774942,-0.210141705313036,-0.102935176772408,23044.0000000001,0.661737523205361,0.0136802627997901,0.00530502568675931,0.2616430050731,0.2616430050731,0.935759243246857,0.354962159037408,18618.8731520309,5.82076609134674e-11,35,1,"SNETWORK (1 318 18618.8731520309 0.935759243246857 82000043 35)",82
