"stats.bias","stats.MSPE","stats.RMSPE","stats.RAV","cv_predict","se.fit","bootstrap_rep"
0.000102513991935679,0.000656296025042182,0.0256182752159895,0.000570014998832319,0.251166572950519,0.000467162647328114,1
0.000102513991935679,0.000656296025042182,0.0256182752159895,0.000570014998832319,0.437612699604504,0.000558444867540376,1
0.000102513991935679,0.000656296025042182,0.0256182752159895,0.000570014998832319,0.313695269192609,0.000506254488594892,1
0.000102513991935679,0.000656296025042182,0.0256182752159895,0.000570014998832319,0.101063673102634,0.000514183563003627,1
0.000102513991935679,0.000656296025042182,0.0256182752159895,0.000570014998832319,0.124069273007305,0.000491733798132062,1
0.000102513991935679,0.000656296025042182,0.0256182752159895,0.000570014998832319,0.186641214579663,0.000468871573795365,1
0.000102513991935679,0.000656296025042182,0.0256182752159895,0.000570014998832319,0.144757821418075,0.000539934537227531,1
0.000102513991935679,0.000656296025042182,0.0256182752159895,0.000570014998832319,0.303397318045332,0.0005184349223118,1
0.000102513991935679,0.000656296025042182,0.0256182752159895,0.000570014998832319,0.109714611634387,0.000489127011200147,1
0.000102513991935679,0.000656296025042182,0.0256182752159895,0.000570014998832319,0.251115154322307,0.000521409715889462,1
0.000102513991935679,0.000656296025042182,0.0256182752159895,0.000570014998832319,0.251166572950521,0.000467162647329253,1
0.000102513991935679,0.000656296025042182,0.0256182752159895,0.000570014998832319,0.129056997811474,0.000459362913751061,1
0.000102513991935679,0.000656296025042182,0.0256182752159895,0.000570014998832319,0.215829045073648,0.000483384455905273,1
0.000102513991935679,0.000656296025042182,0.0256182752159895,0.000570014998832319,0.129056997811474,0.00045936291375038,1
0.000102513991935679,0.000656296025042182,0.0256182752159895,0.000570014998832319,0.189783622733906,0.00094798967070125,1
0.000102513991935679,0.000656296025042182,0.0256182752159895,0.000570014998832319,0.113068767458388,0.000525546678734929,1
0.000102513991935679,0.000656296025042182,0.0256182752159895,0.000570014998832319,0.101063673102634,0.00051418356300343,1
0.000102513991935679,0.000656296025042182,0.0256182752159895,0.000570014998832319,0.215829045073647,0.000483384455905185,1
0.000102513991935679,0.000656296025042182,0.0256182752159895,0.000570014998832319,0.802026585159775,0.00111080897856607,1
0.000102513991935679,0.000656296025042182,0.0256182752159895,0.000570014998832319,0.251166572950521,0.000467162647328005,1
0.000102513991935679,0.000656296025042182,0.0256182752159895,0.000570014998832319,0.186641214579663,0.000468871573793947,1
0.000102513991935679,0.000656296025042182,0.0256182752159895,0.000570014998832319,0.0757687034721375,0.000584710715593261,1
0.000102513991935679,0.000656296025042182,0.0256182752159895,0.000570014998832319,0.424819628302209,0.000821017455574875,1
0.000102513991935679,0.000656296025042182,0.0256182752159895,0.000570014998832319,0.215829045073648,0.000483384455904244,1
0.000102513991935679,0.000656296025042182,0.0256182752159895,0.000570014998832319,0.123069374120172,0.000495575473469256,1
0.000102513991935679,0.000656296025042182,0.0256182752159895,0.000570014998832319,0.173406067052503,0.000518669847859366,1
0.000102513991935679,0.000656296025042182,0.0256182752159895,0.000570014998832319,0.186641214579663,0.000468871573794988,1
0.000102513991935679,0.000656296025042182,0.0256182752159895,0.000570014998832319,0.251166572950519,0.000467162647327625,1
0.000102513991935679,0.000656296025042182,0.0256182752159895,0.000570014998832319,0.437612699604505,0.000558444867540597,1
0.000102513991935679,0.000656296025042182,0.0256182752159895,0.000570014998832319,0.541455894657948,0.000821836888869165,1
0.000102513991935679,0.000656296025042182,0.0256182752159895,0.000570014998832319,0.186641214579663,0.000468871573794148,1
0.000102513991935679,0.000656296025042182,0.0256182752159895,0.000570014998832319,0.215829045073647,0.000483384455905289,1
0.000102513991935679,0.000656296025042182,0.0256182752159895,0.000570014998832319,0.109714611634386,0.000489127011200561,1
0.000102513991935679,0.000656296025042182,0.0256182752159895,0.000570014998832319,0.255456104187267,0.000908100387822413,1
0.000102513991935679,0.000656296025042182,0.0256182752159895,0.000570014998832319,0.281816466995016,0.00053369994935173,1
0.000102513991935679,0.000656296025042182,0.0256182752159895,0.000570014998832319,0.123069374120173,0.000495575473468974,1
0.000102513991935679,0.000656296025042182,0.0256182752159895,0.000570014998832319,0.0757687034721378,0.00058471071559328,1
0.000102513991935679,0.000656296025042182,0.0256182752159895,0.000570014998832319,0.129056997811474,0.000459362913750675,1
0.000102513991935679,0.000656296025042182,0.0256182752159895,0.000570014998832319,0.217093220283029,0.00048422245920444,1
0.000102513991935679,0.000656296025042182,0.0256182752159895,0.000570014998832319,0.115082100427344,0.000525260924602347,1
0.000102513991935679,0.000656296025042182,0.0256182752159895,0.000570014998832319,0.251166572950519,0.000467162647329159,1
-0.00300885570576548,0.00450364731171842,0.067109219275137,0.00130949895605382,0.421438361415543,0.00118958808485485,2
-0.00300885570576548,0.00450364731171842,0.067109219275137,0.00130949895605382,0.288687526398127,0.00127770983720289,2
-0.00300885570576548,0.00450364731171842,0.067109219275137,0.00130949895605382,0.188286244529318,0.00124697493840718,2
-0.00300885570576548,0.00450364731171842,0.067109219275137,0.00130949895605382,0.229738226533564,0.001243693083439,2
-0.00300885570576548,0.00450364731171842,0.067109219275137,0.00130949895605382,0.142174984764727,0.00144724896852297,2
-0.00300885570576548,0.00450364731171842,0.067109219275137,0.00130949895605382,0.220321561328778,0.00129046908482371,2
-0.00300885570576548,0.00450364731171842,0.067109219275137,0.00130949895605382,0.162978168227072,0.00113422140975298,2
-0.00300885570576548,0.00450364731171842,0.067109219275137,0.00130949895605382,0.457532896939472,0.00152447366232177,2
-0.00300885570576548,0.00450364731171842,0.067109219275137,0.00130949895605382,0.692725990437608,0.00115594320243441,2
-0.00300885570576548,0.00450364731171842,0.067109219275137,0.00130949895605382,0.194671121312094,0.00119340175667588,2
-0.00300885570576548,0.00450364731171842,0.067109219275137,0.00130949895605382,0.234261361047668,0.00126744911651751,2
-0.00300885570576548,0.00450364731171842,0.067109219275137,0.00130949895605382,0.0792989270392692,0.00144801760761888,2
-0.00300885570576548,0.00450364731171842,0.067109219275137,0.00130949895605382,0.472627160507974,0.00165705886250366,2
-0.00300885570576548,0.00450364731171842,0.067109219275137,0.00130949895605382,0.198890493505294,0.00115764976568694,2
-0.00300885570576548,0.00450364731171842,0.067109219275137,0.00130949895605382,0.162978168227072,0.00113422140975546,2
-0.00300885570576548,0.00450364731171842,0.067109219275137,0.00130949895605382,0.168178804958918,0.00154778715485063,2
-0.00300885570576548,0.00450364731171842,0.067109219275137,0.00130949895605382,0.809575236938703,0.00113281674874405,2
-0.00300885570576548,0.00450364731171842,0.067109219275137,0.00130949895605382,0.194671121312094,0.00119340175667625,2
-0.00300885570576548,0.00450364731171842,0.067109219275137,0.00130949895605382,0.295845219117225,0.00170565478949125,2
-0.00300885570576548,0.00450364731171842,0.067109219275137,0.00130949895605382,0.213664843040352,0.00153570772412229,2
-0.00300885570576548,0.00450364731171842,0.067109219275137,0.00130949895605382,0.421438361415543,0.00118958808485518,2
-0.00300885570576548,0.00450364731171842,0.067109219275137,0.00130949895605382,0.131862635661452,0.00158784567185196,2
-0.00300885570576548,0.00450364731171842,0.067109219275137,0.00130949895605382,0.198890493505295,0.00115764976568932,2
-0.00300885570576548,0.00450364731171842,0.067109219275137,0.00130949895605382,0.220321561328777,0.00129046908482835,2
-0.00300885570576548,0.00450364731171842,0.067109219275137,0.00130949895605382,0.809575236938705,0.00113281674874555,2
-0.00300885570576548,0.00450364731171842,0.067109219275137,0.00130949895605382,0.132703353807924,0.0013617087985852,2
-0.00300885570576548,0.00450364731171842,0.067109219275137,0.00130949895605382,0.148471136325566,0.00117445387075637,2
-0.00300885570576548,0.00450364731171842,0.067109219275137,0.00130949895605382,0.692725990437607,0.00115594320243275,2
-0.00300885570576548,0.00450364731171842,0.067109219275137,0.00130949895605382,0.234852486649949,0.001328763532929,2
-0.00300885570576548,0.00450364731171842,0.067109219275137,0.00130949895605382,0.234261361047668,0.00126744911651837,2
-0.00300885570576548,0.00450364731171842,0.067109219275137,0.00130949895605382,0.809575236938704,0.00113281674874387,2
-0.00300885570576548,0.00450364731171842,0.067109219275137,0.00130949895605382,0.28966199145665,0.00141221740257098,2
-0.00300885570576548,0.00450364731171842,0.067109219275137,0.00130949895605382,0.187889348853446,0.00140104116599899,2
-0.00300885570576548,0.00450364731171842,0.067109219275137,0.00130949895605382,0.16758889178156,0.00110055673872935,2
-0.00300885570576548,0.00450364731171842,0.067109219275137,0.00130949895605382,0.692725990437606,0.00115594320243429,2
-0.00300885570576548,0.00450364731171842,0.067109219275137,0.00130949895605382,0.421438361415542,0.00118958808485673,2
-0.00300885570576548,0.00450364731171842,0.067109219275137,0.00130949895605382,0.16758889178156,0.00110055673873051,2
-0.00300885570576548,0.00450364731171842,0.067109219275137,0.00130949895605382,0.111735079761266,0.00192885094931455,2
-0.00300885570576548,0.00450364731171842,0.067109219275137,0.00130949895605382,0.244104290474628,0.00116859877417423,2
-0.00300885570576548,0.00450364731171842,0.067109219275137,0.00130949895605382,0.244104290474629,0.00116859877417244,2
-0.00300885570576548,0.00450364731171842,0.067109219275137,0.00130949895605382,0.229738226533564,0.00124369308344008,2
-0.0050071434218702,0.00414810735340163,0.0644058021718667,0.00156526088343045,0.307961752360247,0.00144109347894469,3
-0.0050071434218702,0.00414810735340163,0.0644058021718667,0.00156526088343045,0.238412506226593,0.00213584577388446,3
-0.0050071434218702,0.00414810735340163,0.0644058021718667,0.00156526088343045,0.292288016265258,0.00140455978456557,3
-0.0050071434218702,0.00414810735340163,0.0644058021718667,0.00156526088343045,0.171971625318162,0.00185712588980594,3
-0.0050071434218702,0.00414810735340163,0.0644058021718667,0.00156526088343045,0.148011488015361,0.00146539462702339,3
-0.0050071434218702,0.00414810735340163,0.0644058021718667,0.00156526088343045,0.148011488014755,0.00146540537451755,3
-0.0050071434218702,0.00414810735340163,0.0644058021718667,0.00156526088343045,0.292288016303802,0.00140455344676781,3
-0.0050071434218702,0.00414810735340163,0.0644058021718667,0.00156526088343045,0.700845520387965,0.00137237979335198,3
-0.0050071434218702,0.00414810735340163,0.0644058021718667,0.00156526088343045,0.111999587744166,0.00144908429926351,3
-0.0050071434218702,0.00414810735340163,0.0644058021718667,0.00156526088343045,0.329304059060466,0.00141455603079151,3
-0.0050071434218702,0.00414810735340163,0.0644058021718667,0.00156526088343045,0.795409806708697,0.00136850897310176,3
-0.0050071434218702,0.00414810735340163,0.0644058021718667,0.00156526088343045,0.250569853695705,0.0015583660245026,3
-0.0050071434218702,0.00414810735340163,0.0644058021718667,0.00156526088343045,0.192987584345004,0.00209477360551797,3
-0.0050071434218702,0.00414810735340163,0.0644058021718667,0.00156526088343045,0.0679366296497075,0.00141848339762931,3
-0.0050071434218702,0.00414810735340163,0.0644058021718667,0.00156526088343045,0.175604340429378,0.00317439605335364,3
-0.0050071434218702,0.00414810735340163,0.0644058021718667,0.00156526088343045,0.395324958097229,0.00154506112679566,3
-0.0050071434218702,0.00414810735340163,0.0644058021718667,0.00156526088343045,0.333817026968198,0.00133501051027147,3
-0.0050071434218702,0.00414810735340163,0.0644058021718667,0.00156526088343045,0.329304058993328,0.00141455772496433,3
-0.0050071434218702,0.00414810735340163,0.0644058021718667,0.00156526088343045,0.198475543305589,0.00148936943326604,3
-0.0050071434218702,0.00414810735340163,0.0644058021718667,0.00156526088343045,0.162368283142208,0.00174838590956138,3
-0.0050071434218702,0.00414810735340163,0.0644058021718667,0.00156526088343045,0.153356545139669,0.00142085139586062,3
-0.0050071434218702,0.00414810735340163,0.0644058021718667,0.00156526088343045,0.528255028789691,0.00155041341970414,3
-0.0050071434218702,0.00414810735340163,0.0644058021718667,0.00156526088343045,0.16397375498038,0.00132987703397366,3
-0.0050071434218702,0.00414810735340163,0.0644058021718667,0.00156526088343045,0.168523730414042,0.00134790158839895,3
-0.0050071434218702,0.00414810735340163,0.0644058021718667,0.00156526088343045,0.333817026973415,0.00133500794587839,3
-0.0050071434218702,0.00414810735340163,0.0644058021718667,0.00156526088343045,0.153356545113953,0.00142084676482535,3
-0.0050071434218702,0.00414810735340163,0.0644058021718667,0.00156526088343045,0.11199958773567,0.00144909611318877,3
-0.0050071434218702,0.00414810735340163,0.0644058021718667,0.00156526088343045,0.0956269720678111,0.00144326467850504,3
-0.0050071434218702,0.00414810735340163,0.0644058021718667,0.00156526088343045,0.301748071062041,0.00135615212403902,3
-0.0050071434218702,0.00414810735340163,0.0644058021718667,0.00156526088343045,0.0956269720293819,0.00144326088289111,3
-0.0050071434218702,0.00414810735340163,0.0644058021718667,0.00156526088343045,0.64108184379501,0.00186914851799517,3
-0.0050071434218702,0.00414810735340163,0.0644058021718667,0.00156526088343045,0.301040563827652,0.00133847512836473,3
-0.0050071434218702,0.00414810735340163,0.0644058021718667,0.00156526088343045,0.0838294562947984,0.00159201037210609,3
-0.0050071434218702,0.00414810735340163,0.0644058021718667,0.00156526088343045,0.795409806675414,0.00136851297590106,3
-0.0050071434218702,0.00414810735340163,0.0644058021718667,0.00156526088343045,0.301040563809512,0.00133847615153917,3
-0.0050071434218702,0.00414810735340163,0.0644058021718667,0.00156526088343045,0.0679366296395889,0.00141848822487014,3
-0.0050071434218702,0.00414810735340163,0.0644058021718667,0.00156526088343045,0.700845520714235,0.00137238977215288,3
-0.0050071434218702,0.00414810735340163,0.0644058021718667,0.00156526088343045,0.700845520587196,0.00137238702796664,3
-0.0050071434218702,0.00414810735340163,0.0644058021718667,0.00156526088343045,0.0838294562887769,0.00159201617871044,3
-0.0050071434218702,0.00414810735340163,0.0644058021718667,0.00156526088343045,0.168523730461369,0.00134789904850539,3
-0.0050071434218702,0.00414810735340163,0.0644058021718667,0.00156526088343045,0.395324958188875,0.00154508028795561,3
-0.00269195051174041,0.00813681032385576,0.0902042699868236,0.00148765984820843,0.247280102832738,0.00134547822331649,4
-0.00269195051174041,0.00813681032385576,0.0902042699868236,0.00148765984820843,0.0693359801529639,0.00131356649880025,4
-0.00269195051174041,0.00813681032385576,0.0902042699868236,0.00148765984820843,0.144419437255756,0.00199861425989466,4
-0.00269195051174041,0.00813681032385576,0.0902042699868236,0.00148765984820843,0.247280102832737,0.00134547822331728,4
-0.00269195051174041,0.00813681032385576,0.0902042699868236,0.00148765984820843,0.402227703168846,0.00126222816351876,4
-0.00269195051174041,0.00813681032385576,0.0902042699868236,0.00148765984820843,0.0845364914829169,0.00160284473257025,4
-0.00269195051174041,0.00813681032385576,0.0902042699868236,0.00148765984820843,0.212305681888029,0.00132587944402827,4
-0.00269195051174041,0.00813681032385576,0.0902042699868236,0.00148765984820843,0.37929460727776,0.00128898643669153,4
-0.00269195051174041,0.00813681032385576,0.0902042699868236,0.00148765984820843,0.105865654165431,0.00142037404510294,4
-0.00269195051174041,0.00813681032385576,0.0902042699868236,0.00148765984820843,0.069335980152964,0.00131356649879999,4
-0.00269195051174041,0.00813681032385576,0.0902042699868236,0.00148765984820843,0.200442681410364,0.0013976730053481,4
-0.00269195051174041,0.00813681032385576,0.0902042699868236,0.00148765984820843,0.212305681843761,0.00132588151155249,4
-0.00269195051174041,0.00813681032385576,0.0902042699868236,0.00148765984820843,0.626728605064479,0.00157422852705557,4
-0.00269195051174041,0.00813681032385576,0.0902042699868236,0.00148765984820843,0.365892718308047,0.00133953341575158,4
-0.00269195051174041,0.00813681032385576,0.0902042699868236,0.00148765984820843,0.105865654167884,0.0014203683036316,4
-0.00269195051174041,0.00813681032385576,0.0902042699868236,0.00148765984820843,0.187658007419535,0.00156523090729166,4
-0.00269195051174041,0.00813681032385576,0.0902042699868236,0.00148765984820843,0.200442681410363,0.0013976730053474,4
-0.00269195051174041,0.00813681032385576,0.0902042699868236,0.00148765984820843,0.247280102783743,0.00134548321998341,4
-0.00269195051174041,0.00813681032385576,0.0902042699868236,0.00148765984820843,0.283660029971108,0.00135975550601943,4
-0.00269195051174041,0.00813681032385576,0.0902042699868236,0.00148765984820843,0.268210029150592,0.00138439652356695,4
-0.00269195051174041,0.00813681032385576,0.0902042699868236,0.00148765984820843,0.402227703168846,0.00126222816351974,4
-0.00269195051174041,0.00813681032385576,0.0902042699868236,0.00148765984820843,0.248864983831278,0.00135970329490037,4
-0.00269195051174041,0.00813681032385576,0.0902042699868236,0.00148765984820843,0.65466912013529,0.00150345784780646,4
-0.00269195051174041,0.00813681032385576,0.0902042699868236,0.00148765984820843,0.0693359801494554,0.00131357118244978,4
-0.00269195051174041,0.00813681032385576,0.0902042699868236,0.00148765984820843,0.0693359801504186,0.00131357332113072,4
-0.00269195051174041,0.00813681032385576,0.0902042699868236,0.00148765984820843,0.283660029973701,0.00135974490993568,4
-0.00269195051174041,0.00813681032385576,0.0902042699868236,0.00148765984820843,0.21230568188803,0.00132587944402857,4
-0.00269195051174041,0.00813681032385576,0.0902042699868236,0.00148765984820843,0.14989548999248,0.00169533951591081,4
-0.00269195051174041,0.00813681032385576,0.0902042699868236,0.00148765984820843,0.162630496352379,0.00147046657709549,4
-0.00269195051174041,0.00813681032385576,0.0902042699868236,0.00148765984820843,0.402227703215739,0.00126223605761415,4
-0.00269195051174041,0.00813681032385576,0.0902042699868236,0.00148765984820843,0.465914398686865,0.00172006559053418,4
-0.00269195051174041,0.00813681032385576,0.0902042699868236,0.00148765984820843,0.0845364914803554,0.00160284287687446,4
-0.00269195051174041,0.00813681032385576,0.0902042699868236,0.00148765984820843,0.248864983831278,0.0013597032949016,4
-0.00269195051174041,0.00813681032385576,0.0902042699868236,0.00148765984820843,0.353616350632118,0.00170990047869926,4
-0.00269195051174041,0.00813681032385576,0.0902042699868236,0.00148765984820843,0.379032576117248,0.00187311747593699,4
-0.00269195051174041,0.00813681032385576,0.0902042699868236,0.00148765984820843,0.4540395193672,0.00166426115897628,4
-0.00269195051174041,0.00813681032385576,0.0902042699868236,0.00148765984820843,0.236946091475398,0.00160570063959669,4
-0.00269195051174041,0.00813681032385576,0.0902042699868236,0.00148765984820843,0.417033002981718,0.00190098710688024,4
-0.00269195051174041,0.00813681032385576,0.0902042699868236,0.00148765984820843,0.229956113133884,0.00163705347843617,4
-0.00269195051174041,0.00813681032385576,0.0902042699868236,0.00148765984820843,0.119108306921339,0.00184474672658591,4
-0.00269195051174041,0.00813681032385576,0.0902042699868236,0.00148765984820843,0.283660029973702,0.00135974490993507,4
-0.00220528751088128,0.00361049597107161,0.0600874027652353,0.00119299672606851,0.201677396289258,0.00115753314397087,5
-0.00220528751088128,0.00361049597107161,0.0600874027652353,0.00119299672606851,0.0920027069583939,0.00101929288468482,5
-0.00220528751088128,0.00361049597107161,0.0600874027652353,0.00119299672606851,0.22111902077887,0.000987298251730795,5
-0.00220528751088128,0.00361049597107161,0.0600874027652353,0.00119299672606851,0.221119020778825,0.00098729800920548,5
-0.00220528751088128,0.00361049597107161,0.0600874027652353,0.00119299672606851,0.0766143650227555,0.00124044524390283,5
-0.00220528751088128,0.00361049597107161,0.0600874027652353,0.00119299672606851,0.283214408112987,0.000994355126962625,5
-0.00220528751088128,0.00361049597107161,0.0600874027652353,0.00119299672606851,0.235450810651884,0.00104144261531177,5
-0.00220528751088128,0.00361049597107161,0.0600874027652353,0.00119299672606851,0.564646153244811,0.00123170248051073,5
-0.00220528751088128,0.00361049597107161,0.0600874027652353,0.00119299672606851,0.283214408109663,0.000994355982339498,5
-0.00220528751088128,0.00361049597107161,0.0600874027652353,0.00119299672606851,0.182911980691008,0.00137984218114083,5
-0.00220528751088128,0.00361049597107161,0.0600874027652353,0.00119299672606851,0.113066482210967,0.00102458288735611,5
-0.00220528751088128,0.00361049597107161,0.0600874027652353,0.00119299672606851,0.153000725249396,0.00117520155824868,5
-0.00220528751088128,0.00361049597107161,0.0600874027652353,0.00119299672606851,0.2641560540763,0.000965753343622819,5
-0.00220528751088128,0.00361049597107161,0.0600874027652353,0.00119299672606851,0.113066482209996,0.00102458164514677,5
-0.00220528751088128,0.00361049597107161,0.0600874027652353,0.00119299672606851,0.235987244095612,0.00128438165967025,5
-0.00220528751088128,0.00361049597107161,0.0600874027652353,0.00119299672606851,0.113066482209996,0.0010245816451467,5
-0.00220528751088128,0.00361049597107161,0.0600874027652353,0.00119299672606851,0.204894067981133,0.00118568720848939,5
-0.00220528751088128,0.00361049597107161,0.0600874027652353,0.00119299672606851,0.511150315191293,0.00152045832088704,5
-0.00220528751088128,0.00361049597107161,0.0600874027652353,0.00119299672606851,0.288186203139443,0.000989786908188347,5
-0.00220528751088128,0.00361049597107161,0.0600874027652353,0.00119299672606851,0.143509395852147,0.000956480628930052,5
-0.00220528751088128,0.00361049597107161,0.0600874027652353,0.00119299672606851,0.283214408112988,0.000994355126965568,5
-0.00220528751088128,0.00361049597107161,0.0600874027652353,0.00119299672606851,0.264156054076301,0.000965753343621914,5
-0.00220528751088128,0.00361049597107161,0.0600874027652353,0.00119299672606851,0.319527964462807,0.00121832584121465,5
-0.00220528751088128,0.00361049597107161,0.0600874027652353,0.00119299672606851,0.289895458981825,0.0011777651030185,5
-0.00220528751088128,0.00361049597107161,0.0600874027652353,0.00119299672606851,0.234577984274147,0.00264010288412781,5
-0.00220528751088128,0.00361049597107161,0.0600874027652353,0.00119299672606851,0.306760117936895,0.00108492031494034,5
-0.00220528751088128,0.00361049597107161,0.0600874027652353,0.00119299672606851,0.334857375069969,0.00109737385614324,5
-0.00220528751088128,0.00361049597107161,0.0600874027652353,0.00119299672606851,0.306760117936894,0.00108492031494137,5
-0.00220528751088128,0.00361049597107161,0.0600874027652353,0.00119299672606851,0.120029200691519,0.00123617052477207,5
-0.00220528751088128,0.00361049597107161,0.0600874027652353,0.00119299672606851,0.0766143650225931,0.00124044560095922,5
-0.00220528751088128,0.00361049597107161,0.0600874027652353,0.00119299672606851,0.235450810651883,0.0010414426153101,5
-0.00220528751088128,0.00361049597107161,0.0600874027652353,0.00119299672606851,0.123444025350089,0.00201310407166449,5
-0.00220528751088128,0.00361049597107161,0.0600874027652353,0.00119299672606851,0.288186203139444,0.000989786908189113,5
-0.00220528751088128,0.00361049597107161,0.0600874027652353,0.00119299672606851,0.264156054076301,0.000965753343621851,5
-0.00220528751088128,0.00361049597107161,0.0600874027652353,0.00119299672606851,0.0920027069586999,0.00101929215838521,5
-0.00220528751088128,0.00361049597107161,0.0600874027652353,0.00119299672606851,0.574391578738285,0.0010662131016048,5
-0.00220528751088128,0.00361049597107161,0.0600874027652353,0.00119299672606851,0.238004967116545,0.00105613820651053,5
-0.00220528751088128,0.00361049597107161,0.0600874027652353,0.00119299672606851,0.221119020777944,0.000987297058079379,5
-0.00220528751088128,0.00361049597107161,0.0600874027652353,0.00119299672606851,0.283214408112987,0.000994355126965049,5
-0.00220528751088128,0.00361049597107161,0.0600874027652353,0.00119299672606851,0.700402478532914,0.00124354990495797,5
-0.00220528751088128,0.00361049597107161,0.0600874027652353,0.00119299672606851,0.0920027069586999,0.00101929215838643,5
-0.00174394783893234,0.00368699932508582,0.0607206663755086,0.00111493416313023,0.277714068714842,0.00108862874686078,6
-0.00174394783893234,0.00368699932508582,0.0607206663755086,0.00111493416313023,0.0764470986140486,0.00136874575503171,6
-0.00174394783893234,0.00368699932508582,0.0607206663755086,0.00111493416313023,0.142136938083647,0.000946445286034082,6
-0.00174394783893234,0.00368699932508582,0.0607206663755086,0.00111493416313023,0.216108879254431,0.00119157935195338,6
-0.00174394783893234,0.00368699932508582,0.0607206663755086,0.00111493416313023,0.239437596711465,0.00102648382098718,6
-0.00174394783893234,0.00368699932508582,0.0607206663755086,0.00111493416313023,0.178562054301992,0.0010709401755971,6
-0.00174394783893234,0.00368699932508582,0.0607206663755086,0.00111493416313023,0.210286283755625,0.00122008248078437,6
-0.00174394783893234,0.00368699932508582,0.0607206663755086,0.00111493416313023,0.450880954807155,0.00101350337063649,6
-0.00174394783893234,0.00368699932508582,0.0607206663755086,0.00111493416313023,0.142136938083647,0.000946445286031267,6
-0.00174394783893234,0.00368699932508582,0.0607206663755086,0.00111493416313023,0.15950221519852,0.00113668422002009,6
-0.00174394783893234,0.00368699932508582,0.0607206663755086,0.00111493416313023,0.205509937840685,0.00103472798921058,6
-0.00174394783893234,0.00368699932508582,0.0607206663755086,0.00111493416313023,0.239437596711465,0.00102648382098848,6
-0.00174394783893234,0.00368699932508582,0.0607206663755086,0.00111493416313023,0.142136938083646,0.000946445286030504,6
-0.00174394783893234,0.00368699932508582,0.0607206663755086,0.00111493416313023,0.295565116345604,0.00102212501620212,6
-0.00174394783893234,0.00368699932508582,0.0607206663755086,0.00111493416313023,0.0725009980379915,0.00111599642119814,6
-0.00174394783893234,0.00368699932508582,0.0607206663755086,0.00111493416313023,0.282310228342235,0.00112772255977918,6
-0.00174394783893234,0.00368699932508582,0.0607206663755086,0.00111493416313023,0.14788234538931,0.000978625292215831,6
-0.00174394783893234,0.00368699932508582,0.0607206663755086,0.00111493416313023,0.45661293928972,0.00112166345423256,6
-0.00174394783893234,0.00368699932508582,0.0607206663755086,0.00111493416313023,0.146394560519139,0.00104251295950343,6
-0.00174394783893234,0.00368699932508582,0.0607206663755086,0.00111493416313023,0.375621948852691,0.0011658384437416,6
-0.00174394783893234,0.00368699932508582,0.0607206663755086,0.00111493416313023,0.129366768710062,0.0010120342969205,6
-0.00174394783893234,0.00368699932508582,0.0607206663755086,0.00111493416313023,0.129366768710062,0.00101203429692267,6
-0.00174394783893234,0.00368699932508582,0.0607206663755086,0.00111493416313023,0.220560626866694,0.0011401384885242,6
-0.00174394783893234,0.00368699932508582,0.0607206663755086,0.00111493416313023,0.450880954807156,0.00101350337063888,6
-0.00174394783893234,0.00368699932508582,0.0607206663755086,0.00111493416313023,0.201633380824704,0.00137095218838998,6
-0.00174394783893234,0.00368699932508582,0.0607206663755086,0.00111493416313023,0.456612939289719,0.00112166345423163,6
-0.00174394783893234,0.00368699932508582,0.0607206663755086,0.00111493416313023,0.239437596711466,0.00102648382098544,6
-0.00174394783893234,0.00368699932508582,0.0607206663755086,0.00111493416313023,0.178562054301992,0.00107094017559643,6
-0.00174394783893234,0.00368699932508582,0.0607206663755086,0.00111493416313023,0.323563753772568,0.00111765815744218,6
-0.00174394783893234,0.00368699932508582,0.0607206663755086,0.00111493416313023,0.301172755994064,0.000977539198222883,6
-0.00174394783893234,0.00368699932508582,0.0607206663755086,0.00111493416313023,0.158160377072048,0.00106682492758214,6
-0.00174394783893234,0.00368699932508582,0.0607206663755086,0.00111493416313023,0.738183453129674,0.00117448432856669,6
-0.00174394783893234,0.00368699932508582,0.0607206663755086,0.00111493416313023,0.135357057611983,0.00203492283941494,6
-0.00174394783893234,0.00368699932508582,0.0607206663755086,0.00111493416313023,0.625017869806248,0.00104816034972127,6
-0.00174394783893234,0.00368699932508582,0.0607206663755086,0.00111493416313023,0.129366768710062,0.0010120342969197,6
-0.00174394783893234,0.00368699932508582,0.0607206663755086,0.00111493416313023,0.146394560519139,0.00104251295950266,6
-0.00174394783893234,0.00368699932508582,0.0607206663755086,0.00111493416313023,0.173174246677739,0.00101851432172875,6
-0.00174394783893234,0.00368699932508582,0.0607206663755086,0.00111493416313023,0.34558816442665,0.000971836101806983,6
-0.00174394783893234,0.00368699932508582,0.0607206663755086,0.00111493416313023,0.450880954807156,0.00101350337064057,6
-0.00174394783893234,0.00368699932508582,0.0607206663755086,0.00111493416313023,0.6635799566279,0.0011114970291487,6
-0.00174394783893234,0.00368699932508582,0.0607206663755086,0.00111493416313023,0.275749810593595,0.001188641517176,6
0.0120612997553046,0.00968058995289512,0.0983899890888048,0.181379561634064,0.108113123024062,0.00211776992391603,7
0.0120612997553046,0.00968058995289512,0.0983899890888048,0.181379561634064,0.123222175362826,0.00259369858200315,7
0.0120612997553046,0.00968058995289512,0.0983899890888048,0.181379561634064,0.279757398741369,0.00224621998879286,7
0.0120612997553046,0.00968058995289512,0.0983899890888048,0.181379561634064,0.0221033928506387,0.681916201052525,7
0.0120612997553046,0.00968058995289512,0.0983899890888048,0.181379561634064,0.108113123024177,0.00211776992760047,7
0.0120612997553046,0.00968058995289512,0.0983899890888048,0.181379561634064,0.108113123024091,0.00211776991670738,7
0.0120612997553046,0.00968058995289512,0.0983899890888048,0.181379561634064,0.105507156346993,0.00259369921218875,7
0.0120612997553046,0.00968058995289512,0.0983899890888048,0.181379561634064,0.222712792859716,0.288179371633274,7
0.0120612997553046,0.00968058995289512,0.0983899890888048,0.181379561634064,0.227422205943942,0.160501133282659,7
0.0120612997553046,0.00968058995289512,0.0983899890888048,0.181379561634064,0.284685221027203,0.227365685482312,7
0.0120612997553046,0.00968058995289512,0.0983899890888048,0.181379561634064,0.123222175362826,0.00259369858200315,7
0.0120612997553046,0.00968058995289512,0.0983899890888048,0.181379561634064,0.148423723080005,0.00224623515972394,7
0.0120612997553046,0.00968058995289512,0.0983899890888048,0.181379561634064,0.130652840922822,0.00259368384369265,7
0.0120612997553046,0.00968058995289512,0.0983899890888048,0.181379561634064,0.60772804178822,0.371094446010268,7
0.0120612997553046,0.00968058995289512,0.0983899890888048,0.181379561634064,0.105507156346954,0.00259369921202027,7
0.0120612997553046,0.00968058995289512,0.0983899890888048,0.181379561634064,0.380657290042816,0.264782900349196,7
0.0120612997553046,0.00968058995289512,0.0983899890888048,0.181379561634064,0.130652840922822,0.00259368384369131,7
0.0120612997553046,0.00968058995289512,0.0983899890888048,0.181379561634064,0.894350068698356,0.251095735911127,7
0.0120612997553046,0.00968058995289512,0.0983899890888048,0.181379561634064,0.0915875635510048,0.0022462305646907,7
0.0120612997553046,0.00968058995289512,0.0983899890888048,0.181379561634064,0.261304896189361,0.00259366408174254,7
0.0120612997553046,0.00968058995289512,0.0983899890888048,0.181379561634064,0.108113123023992,0.00211776992474191,7
0.0120612997553046,0.00968058995289512,0.0983899890888048,0.181379561634064,0.266734583031824,0.00259368631399995,7
0.0120612997553046,0.00968058995289512,0.0983899890888048,0.181379561634064,0.584497718302434,0.218566736192643,7
0.0120612997553046,0.00968058995289512,0.0983899890888048,0.181379561634064,0.317353213037376,0.207767031794457,7
0.0120612997553046,0.00968058995289512,0.0983899890888048,0.181379561634064,0.293336036855988,0.198668219553807,7
0.0120612997553046,0.00968058995289512,0.0983899890888048,0.181379561634064,0.148423723080592,0.00224623515981281,7
0.0120612997553046,0.00968058995289512,0.0983899890888048,0.181379561634064,0.266734583031824,0.00259368631399861,7
0.0120612997553046,0.00968058995289512,0.0983899890888048,0.181379561634064,0.246551376705636,0.00259370683142156,7
0.0120612997553046,0.00968058995289512,0.0983899890888048,0.181379561634064,0.148423723080944,0.00224623516023256,7
0.0120612997553046,0.00968058995289512,0.0983899890888048,0.181379561634064,0.411540284444448,0.268518195588739,7
0.0120612997553046,0.00968058995289512,0.0983899890888048,0.181379561634064,0.210082990994847,0.198326519303309,7
0.0120612997553046,0.00968058995289512,0.0983899890888048,0.181379561634064,0.261304896189361,0.00259366408174387,7
0.0120612997553046,0.00968058995289512,0.0983899890888048,0.181379561634064,0.115318088880964,0.270334887719848,7
0.0120612997553046,0.00968058995289512,0.0983899890888048,0.181379561634064,0.246551376705636,0.00259370683142156,7
0.0120612997553046,0.00968058995289512,0.0983899890888048,0.181379561634064,0.135405058420975,0.185074648669712,7
0.0120612997553046,0.00968058995289512,0.0983899890888048,0.181379561634064,0.091587563551076,0.00224623055787852,7
0.0120612997553046,0.00968058995289512,0.0983899890888048,0.181379561634064,0.203995674059131,0.239132016319121,7
0.0120612997553046,0.00968058995289512,0.0983899890888048,0.181379561634064,0.279757398739672,0.00224621999560468,7
0.0120612997553046,0.00968058995289512,0.0983899890888048,0.181379561634064,0.0915875635509582,0.0022462305566106,7
0.0120612997553046,0.00968058995289512,0.0983899890888048,0.181379561634064,0.241171422293342,0.214365510410939,7
0.0120612997553046,0.00968058995289512,0.0983899890888048,0.181379561634064,0.279757398739694,0.00224621999353968,7
-0.00111942835175974,0.00504097580543538,0.0709998296155377,0.00132789537630793,0.102724229243403,0.00106763702669114,8
-0.00111942835175974,0.00504097580543538,0.0709998296155377,0.00132789537630793,0.155451071092722,0.000982372307306183,8
-0.00111942835175974,0.00504097580543538,0.0709998296155377,0.00132789537630793,0.175378082476514,0.00115462860948289,8
-0.00111942835175974,0.00504097580543538,0.0709998296155377,0.00132789537630793,0.444376576797926,0.00121701649196666,8
-0.00111942835175974,0.00504097580543538,0.0709998296155377,0.00132789537630793,0.184022827632361,0.00103187061270575,8
-0.00111942835175974,0.00504097580543538,0.0709998296155377,0.00132789537630793,0.291071240041148,0.00111763808709825,8
-0.00111942835175974,0.00504097580543538,0.0709998296155377,0.00132789537630793,0.223617197960785,0.00141077564764889,8
-0.00111942835175974,0.00504097580543538,0.0709998296155377,0.00132789537630793,0.184022827632361,0.00103187061270357,8
-0.00111942835175974,0.00504097580543538,0.0709998296155377,0.00132789537630793,0.141049903377794,0.00125890890291346,8
-0.00111942835175974,0.00504097580543538,0.0709998296155377,0.00132789537630793,0.0751679841535023,0.00434479513731784,8
-0.00111942835175974,0.00504097580543538,0.0709998296155377,0.00132789537630793,0.175378082476514,0.00115462860948533,8
-0.00111942835175974,0.00504097580543538,0.0709998296155377,0.00132789537630793,0.323332964608024,0.00112706425412488,8
-0.00111942835175974,0.00504097580543538,0.0709998296155377,0.00132789537630793,0.215446370911639,0.00105583729472109,8
-0.00111942835175974,0.00504097580543538,0.0709998296155377,0.00132789537630793,0.258165968401997,0.00121379479231226,8
-0.00111942835175974,0.00504097580543538,0.0709998296155377,0.00132789537630793,0.16326346369659,0.00118620744534862,8
-0.00111942835175974,0.00504097580543538,0.0709998296155377,0.00132789537630793,0.21544637091164,0.00105583729472069,8
-0.00111942835175974,0.00504097580543538,0.0709998296155377,0.00132789537630793,0.244573056625907,0.00106083532110388,8
-0.00111942835175974,0.00504097580543538,0.0709998296155377,0.00132789537630793,0.127426345304143,0.00116520655334852,8
-0.00111942835175974,0.00504097580543538,0.0709998296155377,0.00132789537630793,0.258165968401996,0.00121379479231291,8
-0.00111942835175974,0.00504097580543538,0.0709998296155377,0.00132789537630793,0.457732634418899,0.00128276357791767,8
-0.00111942835175974,0.00504097580543538,0.0709998296155377,0.00132789537630793,0.102724229243403,0.00106763702669313,8
-0.00111942835175974,0.00504097580543538,0.0709998296155377,0.00132789537630793,0.194220918428133,0.00109451575106241,8
-0.00111942835175974,0.00504097580543538,0.0709998296155377,0.00132789537630793,0.102724229243402,0.00106763702669195,8
-0.00111942835175974,0.00504097580543538,0.0709998296155377,0.00132789537630793,0.325228053727818,0.00105156055572233,8
-0.00111942835175974,0.00504097580543538,0.0709998296155377,0.00132789537630793,0.223476134389907,0.00124409005285722,8
-0.00111942835175974,0.00504097580543538,0.0709998296155377,0.00132789537630793,0.325308597685386,0.0010651994804155,8
-0.00111942835175974,0.00504097580543538,0.0709998296155377,0.00132789537630793,0.163263463696591,0.00118620744534773,8
-0.00111942835175974,0.00504097580543538,0.0709998296155377,0.00132789537630793,0.651649905114917,0.00136529265786469,8
-0.00111942835175974,0.00504097580543538,0.0709998296155377,0.00132789537630793,0.247443833489391,0.00163749406702046,8
-0.00111942835175974,0.00504097580543538,0.0709998296155377,0.00132789537630793,0.291071240041148,0.00111763808709808,8
-0.00111942835175974,0.00504097580543538,0.0709998296155377,0.00132789537630793,0.321607409913584,0.00122662373742363,8
-0.00111942835175974,0.00504097580543538,0.0709998296155377,0.00132789537630793,0.17551922159164,0.00100961884374283,8
-0.00111942835175974,0.00504097580543538,0.0709998296155377,0.00132789537630793,0.244573056625907,0.00106083532110342,8
-0.00111942835175974,0.00504097580543538,0.0709998296155377,0.00132789537630793,0.215446370911638,0.00105583729471942,8
-0.00111942835175974,0.00504097580543538,0.0709998296155377,0.00132789537630793,0.244573056625908,0.00106083532110189,8
-0.00111942835175974,0.00504097580543538,0.0709998296155377,0.00132789537630793,0.178492222237658,0.00108816653235323,8
-0.00111942835175974,0.00504097580543538,0.0709998296155377,0.00132789537630793,0.444376576797926,0.00121701649196618,8
-0.00111942835175974,0.00504097580543538,0.0709998296155377,0.00132789537630793,0.342313500710526,0.00103276607486587,8
-0.00111942835175974,0.00504097580543538,0.0709998296155377,0.00132789537630793,0.618766340377247,0.00109061868070417,8
-0.00111942835175974,0.00504097580543538,0.0709998296155377,0.00132789537630793,0.194878141097896,0.00137303833300179,8
-0.00111942835175974,0.00504097580543538,0.0709998296155377,0.00132789537630793,0.342313500710526,0.0010327660748656,8
-0.000512565433099292,0.00278054376628932,0.0527308616114825,0.00109448122707109,0.0896496063586141,0.000945216963667295,9
-0.000512565433099292,0.00278054376628932,0.0527308616114825,0.00109448122707109,0.256946053180593,0.000883422086112685,9
-0.000512565433099292,0.00278054376628932,0.0527308616114825,0.00109448122707109,0.341645360418855,0.000944385731302504,9
-0.000512565433099292,0.00278054376628932,0.0527308616114825,0.00109448122707109,0.515276029834779,0.000923924329117988,9
-0.000512565433099292,0.00278054376628932,0.0527308616114825,0.00109448122707109,0.197695920283622,0.00101556010961787,9
-0.000512565433099292,0.00278054376628932,0.0527308616114825,0.00109448122707109,0.227285911782614,0.00101420880966704,9
-0.000512565433099292,0.00278054376628932,0.0527308616114825,0.00109448122707109,0.323081742458557,0.000893540321215861,9
-0.000512565433099292,0.00278054376628932,0.0527308616114825,0.00109448122707109,0.341645360421988,0.000944386018502302,9
-0.000512565433099292,0.00278054376628932,0.0527308616114825,0.00109448122707109,0.199977836280614,0.000883841512643205,9
-0.000512565433099292,0.00278054376628932,0.0527308616114825,0.00109448122707109,0.516966473037658,0.00107638918852956,9
-0.000512565433099292,0.00278054376628932,0.0527308616114825,0.00109448122707109,0.151925670156303,0.000875608993718511,9
-0.000512565433099292,0.00278054376628932,0.0527308616114825,0.00109448122707109,0.241916994913465,0.000964596220636138,9
-0.000512565433099292,0.00278054376628932,0.0527308616114825,0.00109448122707109,0.481471139753733,0.00182446510311894,9
-0.000512565433099292,0.00278054376628932,0.0527308616114825,0.00109448122707109,0.473689492460934,0.000914823276149279,9
-0.000512565433099292,0.00278054376628932,0.0527308616114825,0.00109448122707109,0.0896496063586141,0.000945216963671305,9
-0.000512565433099292,0.00278054376628932,0.0527308616114825,0.00109448122707109,0.15192567015685,0.000875609231578671,9
-0.000512565433099292,0.00278054376628932,0.0527308616114825,0.00109448122707109,0.152684213814505,0.000953529051413075,9
-0.000512565433099292,0.00278054376628932,0.0527308616114825,0.00109448122707109,0.187018049222772,0.000867138949565654,9
-0.000512565433099292,0.00278054376628932,0.0527308616114825,0.00109448122707109,0.245126989249889,0.000993496989333248,9
-0.000512565433099292,0.00278054376628932,0.0527308616114825,0.00109448122707109,0.147534536439973,0.000998250901163865,9
-0.000512565433099292,0.00278054376628932,0.0527308616114825,0.00109448122707109,0.199977836281766,0.000883841787312545,9
-0.000512565433099292,0.00278054376628932,0.0527308616114825,0.00109448122707109,0.199977836280272,0.000883841248114389,9
-0.000512565433099292,0.00278054376628932,0.0527308616114825,0.00109448122707109,0.165955359687644,0.00160046021524044,9
-0.000512565433099292,0.00278054376628932,0.0527308616114825,0.00109448122707109,0.137336096575411,0.00108455235787301,9
-0.000512565433099292,0.00278054376628932,0.0527308616114825,0.00109448122707109,0.0736765119786532,0.00126477632617744,9
-0.000512565433099292,0.00278054376628932,0.0527308616114825,0.00109448122707109,0.259162284464944,0.00107953101726796,9
-0.000512565433099292,0.00278054376628932,0.0527308616114825,0.00109448122707109,0.187018049224066,0.000867138795745208,9
-0.000512565433099292,0.00278054376628932,0.0527308616114825,0.00109448122707109,0.200042827635618,0.000896287231603534,9
-0.000512565433099292,0.00278054376628932,0.0527308616114825,0.00109448122707109,0.246261615555778,0.000945931921712785,9
-0.000512565433099292,0.00278054376628932,0.0527308616114825,0.00109448122707109,0.473689492457445,0.000914823686958155,9
-0.000512565433099292,0.00278054376628932,0.0527308616114825,0.00109448122707109,0.246261615555778,0.000945931921713329,9
-0.000512565433099292,0.00278054376628932,0.0527308616114825,0.00109448122707109,0.200042827634726,0.000896287120362001,9
-0.000512565433099292,0.00278054376628932,0.0527308616114825,0.00109448122707109,0.473689492458814,0.000914823054863314,9
-0.000512565433099292,0.00278054376628932,0.0527308616114825,0.00109448122707109,0.323081742458982,0.000893539299208628,9
-0.000512565433099292,0.00278054376628932,0.0527308616114825,0.00109448122707109,0.241916994915679,0.000964596741251686,9
-0.000512565433099292,0.00278054376628932,0.0527308616114825,0.00109448122707109,0.283664325802271,0.000886752105728432,9
-0.000512565433099292,0.00278054376628932,0.0527308616114825,0.00109448122707109,0.103510290700975,0.00104122172049652,9
-0.000512565433099292,0.00278054376628932,0.0527308616114825,0.00109448122707109,0.19769592028235,0.00101556002363981,9
-0.000512565433099292,0.00278054376628932,0.0527308616114825,0.00109448122707109,0.283664325802271,0.000886752105730137,9
-0.000512565433099292,0.00278054376628932,0.0527308616114825,0.00109448122707109,0.0796419540847223,0.00295449843337623,9
-0.000512565433099292,0.00278054376628932,0.0527308616114825,0.00109448122707109,0.200042827634211,0.00089628680232589,9
-0.000190819734282077,0.00307944282517456,0.0554927276782693,0.00105939503390669,0.360430909328157,0.000956612411843221,10
-0.000190819734282077,0.00307944282517456,0.0554927276782693,0.00105939503390669,0.240270817354489,0.000983069700391876,10
-0.000190819734282077,0.00307944282517456,0.0554927276782693,0.00105939503390669,0.246360190122157,0.000899787100586009,10
-0.000190819734282077,0.00307944282517456,0.0554927276782693,0.00105939503390669,0.249328833249533,0.000898588425122079,10
-0.000190819734282077,0.00307944282517456,0.0554927276782693,0.00105939503390669,0.287278116316049,0.000894055911325593,10
-0.000190819734282077,0.00307944282517456,0.0554927276782693,0.00105939503390669,0.205776351416421,0.000962379641333726,10
-0.000190819734282077,0.00307944282517456,0.0554927276782693,0.00105939503390669,0.469805277591977,0.00109290563115977,10
-0.000190819734282077,0.00307944282517456,0.0554927276782693,0.00105939503390669,0.108830135246705,0.000873046528520627,10
-0.000190819734282077,0.00307944282517456,0.0554927276782693,0.00105939503390669,0.310336997988551,0.000971520756591315,10
-0.000190819734282077,0.00307944282517456,0.0554927276782693,0.00105939503390669,0.217634926463551,0.000986368440067497,10
-0.000190819734282077,0.00307944282517456,0.0554927276782693,0.00105939503390669,0.16500514863656,0.000920950798291293,10
-0.000190819734282077,0.00307944282517456,0.0554927276782693,0.00105939503390669,0.25154831020998,0.00096397489495603,10
-0.000190819734282077,0.00307944282517456,0.0554927276782693,0.00105939503390669,0.287278116316049,0.00089405591132578,10
-0.000190819734282077,0.00307944282517456,0.0554927276782693,0.00105939503390669,0.246360190122157,0.000899787100589011,10
-0.000190819734282077,0.00307944282517456,0.0554927276782693,0.00105939503390669,0.360430909328157,0.000956612411845791,10
-0.000190819734282077,0.00307944282517456,0.0554927276782693,0.00105939503390669,0.285326412206172,0.00109751855913071,10
-0.000190819734282077,0.00307944282517456,0.0554927276782693,0.00105939503390669,0.20577635141642,0.000962379641333828,10
-0.000190819734282077,0.00307944282517456,0.0554927276782693,0.00105939503390669,0.16500514863656,0.000920950798287732,10
-0.000190819734282077,0.00307944282517456,0.0554927276782693,0.00105939503390669,0.108830135246705,0.000873046528519227,10
-0.000190819734282077,0.00307944282517456,0.0554927276782693,0.00105939503390669,0.165957627335778,0.000909345872224763,10
-0.000190819734282077,0.00307944282517456,0.0554927276782693,0.00105939503390669,0.246360190122158,0.000899787100587707,10
-0.000190819734282077,0.00307944282517456,0.0554927276782693,0.00105939503390669,0.143932634115025,0.00100445209167316,10
-0.000190819734282077,0.00307944282517456,0.0554927276782693,0.00105939503390669,0.117238383983324,0.000969411029446908,10
-0.000190819734282077,0.00307944282517456,0.0554927276782693,0.00105939503390669,0.154867905972883,0.000978204454500978,10
-0.000190819734282077,0.00307944282517456,0.0554927276782693,0.00105939503390669,0.155933295464815,0.000929935221819129,10
-0.000190819734282077,0.00307944282517456,0.0554927276782693,0.00105939503390669,0.20577635141642,0.000962379641336343,10
-0.000190819734282077,0.00307944282517456,0.0554927276782693,0.00105939503390669,0.240270817354489,0.000983069700393083,10
-0.000190819734282077,0.00307944282517456,0.0554927276782693,0.00105939503390669,0.447640005627693,0.00134509291154834,10
-0.000190819734282077,0.00307944282517456,0.0554927276782693,0.00105939503390669,0.126495709580471,0.000933945281583774,10
-0.000190819734282077,0.00307944282517456,0.0554927276782693,0.00105939503390669,0.178169351129411,0.000882116092522074,10
-0.000190819734282077,0.00307944282517456,0.0554927276782693,0.00105939503390669,0.189411344271447,0.000861608940261993,10
-0.000190819734282077,0.00307944282517456,0.0554927276782693,0.00105939503390669,0.117238383983324,0.000969411029445214,10
-0.000190819734282077,0.00307944282517456,0.0554927276782693,0.00105939503390669,0.0693364263245772,0.00178450930071196,10
-0.000190819734282077,0.00307944282517456,0.0554927276782693,0.00105939503390669,0.143932634115025,0.00100445209167466,10
-0.000190819734282077,0.00307944282517456,0.0554927276782693,0.00105939503390669,0.340054379890742,0.00147196943305091,10
-0.000190819734282077,0.00307944282517456,0.0554927276782693,0.00105939503390669,0.21763492646355,0.000986368440069479,10
-0.000190819734282077,0.00307944282517456,0.0554927276782693,0.00105939503390669,0.140012944226764,0.00220358248730734,10
-0.000190819734282077,0.00307944282517456,0.0554927276782693,0.00105939503390669,0.31033699798855,0.000971520756589367,10
-0.000190819734282077,0.00307944282517456,0.0554927276782693,0.00105939503390669,0.178169351129411,0.000882116092523238,10
-0.000190819734282077,0.00307944282517456,0.0554927276782693,0.00105939503390669,0.43901426947698,0.00128477938460308,10
-0.000190819734282077,0.00307944282517456,0.0554927276782693,0.00105939503390669,0.12649570958047,0.000933945281584263,10
