"rid","pid","elevation.min","WS_ID","ws_mi60_mean","ws_accum_precip_mean","ws_10.min.storm.accum_mean","ws_30.min.storm.accum_mean","ws_60.min.storm.accum_mean","ws_sbs_mean","ws_dnbr.BAER_mean","ws_dnbr.extended_mean","ws_flow.accum_max","ws_slope_mean","ws_aspect.northness_mean","ws_aspect.eastness_mean","ws_slope.northness_mean","ws_slope.eastness_mean","ws_bare.earth_mean","ws_ndvi.max_mean","ws_ndvi.mean_mean","ws_ndvi.min_mean","ws_ndvi.range_mean","ws_RV.Sand","ws_RV.Silt","ws_RV.Clay","ws_Kw","ch_elevation.min","ch_watershed","ch_valley_width","ch_area","ch_channel_width","ch_channel.width.over.valley.width","ch_ch_area","ch_elevation.mean","ch_slope.median","ch_flow.accumulation.max","ch_curvature.median","ch_sfm.erosion.mean","ch_sfm.resolution","ch_sfm.erosion.count","ch_sfm.erosion.sum","ch_sfm.deposition.mean","ch_sfm.deposition.count","ch_sfm.deposition.sum","ch_sfm.net.change","ch_sfm.net.change.norm","ch_distance.upstream","ch_distance.downstream","ch_slope.upstream","ch_slope.downstream","ch_central.slope.difference","ch_slope.over.width","ch_change.in.slope.over.width","ch_stream.power","ch_slope.over.width.central.diff","ch_stream.power.central.diff","ch_lidar.erosion.mean","ch_lidar.erosion.count","ch_lidar.erosion.sum","ch_lidar.deposition.mean","ch_lidar.deposition.count","ch_lidar.deposition.sum","ch_lidar.net.change","ch_lidar.net.change.norm","ch_lidar.resolution","hs_area","hs_hillslope.length","hs_flow.accumulation.max","hs_elevation.range","hs_mi60.mean","hs_accum.precip.mean","hs_storm.accum.10.min","hs_storm.accum.30.min","hs_storm.accum.60.min","hs_slope.median","hs_northness.median","hs_eastness.median","hs_curvature.median","hs_bare.earth.mean","hs_ndvi.max","hs_ndvi.mean","hs_ndvi.min","hs_ndvi.range","hs_dnbr.BAER.median","hs_extended.dnbr.median","hs_drainage_density","ch_sfm.net.change.count","ch_lidar.net.change.count","ch_sfm.erosion.norm","ch_sfm.deposition.norm","ch_lidar.erosion.norm","ch_lidar.deposition.norm","ratio","snapdist","upDist","afv_flow_accum","locID","netID","netgeom","X","Y"
34,1,1.19960129139731,125,2.82352881778097,11.2500305175781,-5.60147094726562,-5.32283528645831,-5.23087565104169,1.47390166816876,1.19726492771466,0.829002394868835,-1.67517584804157,-1.82366041697524,-0.273743121866786,19.9520935139848,-1.82366041697524,-1.82366041697524,-3.93382526255422,-1.16340987138096,-0.929563028586921,-0.393445750825351,-0.662903598468761,-2.25555555555556,1.42207792207792,0.686086956521738,-4.13744075829385,1.19960129139731,0,-0.705659352195579,-0.787921729187648,-0.775425617191466,1.18534821819165,-0.718139858656346,1.20554703792749,2.30544270357422,-1.6746862348551,-0.927448928327221,0.0742739654822892,0.0799702643258065,873.0000000001,0.414675060426752,0.0419057672584253,932.0000000001,0.249773736084614,0.664448796411366,0.0177132527611908,-1.10699481168961,-1.05970871394953,2.24588108463688,0.601267993306231,-1.44529580518622,1.7819888620476,-1.80069501343048,-1.03194598954498,-1.5269030281048,-0.206563698302837,0.000589093457271095,557.0000000001,0.0131250000999953,0.000589093457271095,557.0000000001,0.0131250000999953,0.598023991582955,0.765978248303621,1e-10,-1.10541479748578,-1.36514491380651,-0.178075043420063,-0.66395179282408,1,1,-60467065980829,-60579813759339,-62124025958808,0.496503145695401,0.103289990190612,0.239747066014271,5.85184921312711,0.40776843878399,-1.04796682252909,-0.909298120827109,-0.619062929740135,-1.17174879903753,2.38963428213728,1.14600321044724,-0.211618241369851,932.0000000001,0.354575163498693,0.0110546428206941,0.00665860984049668,0.00034989369003101,0.00034989369003101,0.0533999917376111,0.522572768884139,5708.93180556229,0.00781248349848019,1,2,"SNETWORK (2 34 5708.93180556229 0.0533999917376111 1 1)",452249.891874114,4500235.89187411
34,2,1.23711159415188,126,2.82352881778097,11.2500305175781,-5.60147094726562,-5.32283528645831,-5.23087565104169,1.47390166816876,1.19726492771466,0.829002394868835,-1.67560377524547,-1.86733301652884,-0.274364918907198,19.9488668190572,-1.86733301652884,-1.86733301652884,-3.97810590993608,-1.15578871030115,-0.926688967187863,-0.394506029734369,-0.656987612489451,-2.25555555555556,1.42207792207792,0.686086956521738,-4.13744075829385,1.23711159415188,0,-0.621281433244283,-0.572188013357209,-0.564819344960459,1.00320590984962,-0.530144039024737,1.24607525407363,2.28974279120047,-1.6749640963948,-0.0337553639199488,0.0460179641161319,0.0799702643258065,833.0000000001,0.245148626099444,0.0363209400562564,1742.0000000001,0.404633925114322,0.649782551113765,0.0167383238636036,-1.16220161961644,-1.04038346059292,0.77632454762558,2.5372822603413,1.29522097993126,1.70334840658524,1.55361801972578,-1.07380985251573,1.76137448112337,0.376054430666404,0.0090663244006993,715.0000000001,0.259296875099908,0.0090663244006993,715.0000000001,0.259296875099908,0.461273894952477,0.578565557628414,1e-10,-0.335101200214753,-0.328456222268727,-0.178616200313216,-0.376630947249869,1,1,-40101558947829,-40176332903086,-41200451766243,-0.950313657901444,0.00331913708608093,0.196211850553449,0.955069601359394,0.40776843878399,-1.27188161259648,-1.14331897317352,-0.65360398429646,-1.45268324622547,1.8141388669661,0.85785317326342,0.306447920926002,1742.0000000001,0.870915032779739,0.00631500040402645,0.0104233233595772,0.00667945767067415,0.00667945767067415,0.0774929249531399,0.291852558031678,5719.01352717255,0.00781248349848019,2,2,"SNETWORK (2 34 5719.01352717255 0.0774929249531399 2 2)",452241.629326326,4500231.5
35,3,0.634476164614572,102,2.82352881778097,11.2500305175781,0,0,0,1.34418502449389,1.2593076360337,1.27660651690871,-1.12750280761352,2.36141797649346,2.1276493994887,5.86315956129987,2.36141797649346,2.36141797649346,-0.19399742301793,1.37980803379774,1.06509957322045,-0.606796580054667,1.24476591652386,-1.97777777777778,1.76871657754011,2.04260869565217,-1.63151658767773,0.634476164614572,0,0.579052790394773,-0.110655521707846,-0.109920792397412,-0.489993707357011,-0.106223165137118,0.633347665451891,-0.0455384328130908,-0.869350872290521,-0.262523321802528,0.306355985850755,0.0799702643258065,225.0000000001,0.440824730163255,0.266157678505606,2028.0000000001,3.45194615092078,3.89277088098403,0.0931931469914909,-0.231969024494111,-0.193316502460205,-0.241769872344343,-1.02972570483743,-0.622094411181058,0.166054201000042,-0.691472463503166,-0.330484019367537,-0.723349109630795,-0.159112752816414,0.107277262186237,287.0000000001,1.23154296884956,0.107277262186237,287.0000000001,1.23154296884956,0.0788152087201169,0.0966328917391281,1e-10,-0.432665763374687,-0.350276646422101,-1.02588679471418,-0.644207856290036,1,1,0,0,0,-2.12702824503553,0.035613156736953,-0.178714967595502,1.20884027707089,0.169617710054241,1.13837055261718,1.13548424875467,0.434739050502575,1.27695516852426,-1.93960574092073,-0.318382688342919,-0.211618241369851,2028.0000000001,0.527777777877778,0.010553368045349,0.0826397788461419,0.0294832057425884,0.0294832057425884,0.021491058926834,0.95868839987088,5443.64306705957,0.0156249669969604,3,2,"SNETWORK (2 35 5443.64306705957 0.021491058926834 3 3)",452279.5,4500441.5784302
35,4,0.753294286921632,108,2.82352881778097,11.2500305175781,0,0,0,1.40788591297228,1.32862161632137,1.29850749560687,-1.14434796173319,2.47867899591236,2.18181059068529,6.21153144947313,2.47867899591236,2.47867899591236,-0.308364286748994,0.739983751769847,0.391563779430364,-0.787170720345823,0.877013248081175,-2.25555555555556,1.42207792207792,0.686086956521738,-4.13744075829385,0.753294286921632,0,-0.0139040800681861,-0.23766278670029,-0.235681176944057,0.00104300799104372,-0.225918570590798,0.747524071611508,-0.579650850327814,-1.14353074658975,0.725526602172531,0.152250675655271,0.0799702643258065,395.0000000001,0.384603636243606,0.0876088020802175,1984.0000000001,1.11159470993366,1.49619834607727,0.0365480984480857,0.32918719609556,-0.403779443118768,-0.476372176731827,-0.0949813662376357,0.266677355505239,-0.272050840462753,0.305301912068432,-0.933213792210874,0.367851591425433,0.241482496414296,0.0600624000512806,449.0000000001,1.07872070322462,0.0600624000512806,449.0000000001,1.07872070322462,0.00607856576464806,0.00386869270816137,1e-10,0.058171308271737,0.188078691898858,-0.000465141990067294,-0.324407607591738,1,1.00000000000009,1,1,0,-1.21154585827809,0.210808237144156,-0.523997018328923,-0.108290826190668,0.00871036798925304,0.850739757250752,0.808738147601721,0.753411819614245,0.766925700303182,0.636098868050604,0.445863607753953,0.441470173104267,1984.0000000001,0.00163398702810458,0.0093948316121327,0.027153266735953,0.0263502432374121,0.0263502432374121,0.298818108176436,0.833550421590304,5512.49761070232,0.0156249669969604,4,2,"SNETWORK (2 35 5512.49761070232 0.298818108176436 4 4)",452293.383318856,4500382.61668114
35,5,0.793424262194264,110,2.82352881778097,11.2500305175781,0,0,0,1.39395987758787,1.30586839808968,1.19176273539436,-1.16606263231093,2.67119111279513,2.1856244381419,7.26240848404654,2.67119111279513,2.67119111279513,-0.477489767353125,0.250547589245687,-0.122178834006976,-1.01380079163609,0.638190203065461,-2.25555555555556,1.42207792207792,0.686086956521738,-4.13744075829385,0.793424262194264,0,-0.054335416363039,-0.461211098392226,-0.455971398341389,0.0237100605782618,-0.430961098338567,0.78728339278613,-0.66728178055375,-1.14881432586738,0.295292710299005,0.0587970835720289,0.0799702643258065,271.0000000001,0.101901866145064,0.096673677949151,2139.0000000001,1.32244033731039,1.42434220335546,0.0360497406896683,0.183087126024381,-0.125191784022476,-0.999903850829945,-0.375906024209748,0.471207569945023,-0.301503416749095,0.555280465569851,-0.959847939567877,0.35337490367671,0.253499213565721,0.0752545258112873,536.0000000001,1.61345703134943,0.0752545258112873,536.0000000001,1.61345703134943,0.290970983832174,0.432784504727623,1e-10,-0.370654733104669,-1.04143950555159,-0.109694054465295,-0.580081347132291,1,1.00000000000003,1,0,0,0.426743598289456,-0.199298609459872,0.786595564547979,-0.00915288918983344,-1.32656392549406,0.538072385351329,0.593556339710693,0.271535924264256,0.552796480225093,-0.308677633093577,-0.226913410714105,-0.211618241369851,2139.0000000001,0.285947712518301,0.00257911043296442,0.0334706301567039,0.0408361890114453,0.0408361890114453,0.396231023355593,0.364408065855969,5536.6832133607,0.0156249669969604,5,2,"SNETWORK (2 35 5536.6832133607 0.396231023355593 5 5)",452295.5,4500363.20733146
35,6,0.96527903900929,117,2.82352881778097,11.2500305175781,-5.60147094726562,-5.32283528645831,-5.23087565104169,1.46173101267787,1.50582319365575,1.02574668091287,-1.39566981937994,1.27813636612566,2.06283832976557,2.95205306437146,1.27813636612566,1.27813636612566,-2.90774522106242,-0.150383540822187,-0.405247383590493,-1.22252123500746,0.453618743466029,-2.25555555555556,1.42207792207792,0.686086956521738,-4.13744075829385,0.96527903900929,0,-0.235625401250509,-0.556542738253642,-0.549494974484543,0.256827421206414,-0.516264476303416,0.963685496642405,0.771434096665697,-1.39524172638322,-0.538909016654144,0.132457932972762,0.0799702643258065,547.0000000001,0.463364077113192,0.0943259409117007,1967.0000000001,1.1865678239203,1.64993190093349,0.0423965379056663,-1.23736168300729,0.312376788900081,0.342363064463378,0.41292484536369,-0.00537199925899297,0.882075770940592,-0.00821324216472751,-0.673028652939205,0.00570866307169376,0.0626116920219746,0.0586895338850295,339.0000000001,0.795830078224717,0.0586895338850295,339.0000000001,0.795830078224717,0.163226169667841,0.170844174027473,1e-10,-0.900619419651849,-0.913473142836773,-0.0603632851252404,-0.570067359917299,0.999999999999991,0.999999999999972,-1,0,0,0.922104891931229,-0.0759711707599484,0.603687701989478,1.93596185835512,-1.62874893995721,0.81812737598012,0.729793998700073,0.266833082058963,0.923849373623269,0.758298929054864,0.0607591406479334,1.52341990190295,1967.0000000001,0.357843137354902,0.0119065717796919,0.0304899660259744,0.0204495955118247,0.0204495955118247,0.735134665600201,0.250144366993351,5620.8259455203,0.0156249669969604,6,2,"SNETWORK (2 35 5620.8259455203 0.735134665600201 6 6)",452294.786533621,4500293.78653362
35,7,0.995462777973505,118,2.82352881778097,11.2500305175781,-5.60147094726562,-5.32283528645831,-5.23087565104169,1.46173101267787,1.50582319365575,1.02574668091287,-1.39626638784645,1.25168297621727,2.06930376829185,2.90448629608737,1.25168297621727,1.25168297621727,-2.89470677809867,-0.200576652284261,-0.454243133460737,-1.23581038029451,0.424345405990338,-2.25555555555556,1.42207792207792,0.686086956521738,-4.13744075829385,0.995462777973505,0,-0.554524838255912,-0.63395874492331,-0.625256118314726,0.833808082130896,-0.584615993849472,0.992003104326954,0.441493892295775,-1.39595111531412,-0.534470844094663,0.0705635134466333,0.0799702643258065,157.0000000001,0.0708495197976986,0.0996270223889724,1569.0000000001,0.999671142687338,1.07052066238504,0.0278485060953817,-0.923536835614078,-1.1523554395411,0.103006759026792,0.85657371481638,0.538485826336866,0.684639275014543,0.650481178402711,-0.78496999460169,0.710656082969906,0.319532851016651,0.0985727418818849,443.0000000001,1.74670898447438,0.0985727418818849,443.0000000001,1.74670898447438,0.364993320730098,0.569065369129,1e-10,-0.461231046542994,0.0665282654804496,-0.0605848452131436,-0.0305737070083048,1.00000000000001,1.00000000000003,1,0,0,-0.419934618621273,0.0752897203561851,-0.0215843247072185,0.866465066976819,-2.487875916496,0.349375312664544,0.302857388038244,0.328386894128137,0.280732633013479,1.26115086126081,0.423120191349773,0.339306921514789,1569.0000000001,0.0179738563091503,0.00184307818016307,0.0260054278152186,0.0454388573123918,0.0454388573123918,0.782609954050822,0.441204878427108,5632.61307313522,0.0156249669969604,7,2,"SNETWORK (2 35 5632.61307313522 0.782609954050822 7 7)",452291.891369997,4500284.10863
35,8,1.0617639206461,121,2.82352881778097,11.2500305175781,-5.60147094726562,-5.32283528645831,-5.23087565104169,1.44902454216536,1.45899046678495,0.825319746605636,-1.41063673143721,1.09933815788372,2.05459587693153,3.96474222824791,1.09933815788372,1.09933815788372,-2.993361069153,-0.60442193541189,-0.872856914193105,-1.40238029307683,0.217498009878236,-2.25555555555556,1.42207792207792,0.686086956521738,-4.13744075829385,1.0617639206461,0,-0.500453545490728,-0.416929526959403,-0.412444027534557,0.752772310791206,-0.390907177628683,1.05803572665462,1.07865509755133,-1.4099052376374,-1.53288444248704,0.0912762815241657,0.0799702643258065,324.0000000001,0.189129820791406,0.0972966637104615,3265.0000000001,2.03159996049466,2.22072978118606,0.055812250872484,-0.967063387103417,-0.388460138946596,2.80693822063153,1.34341268991477,-1.3038752919685,1.02718603379658,-1.52809510547081,-0.624237599407969,-1.56629782950849,-0.503045499085073,0.0584253947940104,480.0000000001,1.1217675782246,0.0584253947940104,480.0000000001,1.1217675782246,0.017834256791237,0.058422243660263,1e-10,0.760129676702712,0.959656687102643,-0.169744485434289,1.02408542274582,1.00000000000001,1,-90260975922060,-90429277862236,-92734369036977,-0.231824862496229,0.480669602057505,-0.532445036895455,0.203485749887633,-1.13031463034036,-0.482681585802185,-0.448709801057102,-0.240472605061599,-0.582229029591812,1.70449045622493,0.556103185842517,2.20127834346455,3265.0000000001,0.102941176570588,0.00475328474039796,0.0510589660320861,0.0281927021972539,0.0281927021972539,0.915392234076,0.797285706736147,5665.58015413117,0.0156249669969604,8,2,"SNETWORK (2 35 5665.58015413117 0.915392234076 8 8)",452280.950000995,4500258.5
35,9,1.08095781392479,122,2.82352881778097,11.2500305175781,-5.60147094726562,-5.32283528645831,-5.23087565104169,1.39910273849391,1.41101033684072,0.696356103551327,-1.41916787130985,1.00327952554848,2.05591919443697,4.78021124391384,1.00327952554848,1.00327952554848,-2.85544828017959,-0.683226228925178,-0.983228125638202,-1.47222317341609,0.195035740172141,-2.25555555555556,1.42207792207792,0.686086956521738,-4.13744075829385,1.08095781392479,0,-0.395850919198077,-0.441830523738077,-0.436927572678819,0.541179587158256,-0.413464629092603,1.08920749028796,2.83450949308344,-1.41882627707111,-1.30024721113887,0.0723498237920152,0.0799702643258065,490.0000000001,0.226720410508089,0.0528574685598985,1820.0000000001,0.615226181927226,0.841946592335315,0.021243968833269,-1.55398045229734,-0.92019649614724,2.16187826475621,1.19317479986101,-0.918058335424934,1.89626741163721,-1.0805412056749,-0.185311053242376,-1.38307431266535,-0.43938302088746,0.065511582872943,474.0000000001,1.24209960947456,0.065511582872943,474.0000000001,1.24209960947456,0.0846794920610224,0.151629152111283,1e-10,2.84536230749396,1.89111193818609,-0.172161486114503,3.32196521196328,1,1,-53557705310207,-54260827247957,-63900702386859,-0.383581031755093,0.713731020778012,-0.102702875206654,-0.0239718202632392,-0.667568933196151,-0.747635379374133,-0.787551660772305,-0.76418571894659,-0.716280963428517,1.08968972493308,-0.00548312678808666,3.00027337082211,1820.0000000001,0.0833333334333333,0.00572060194117066,0.0155233667920984,0.0313406165052615,0.0313406165052615,0.957301840606411,0.882805818527571,5675.98543857676,0.0156249669969604,9,2,"SNETWORK (2 35 5675.98543857676 0.957301840606411 9 9)",452273.460551564,4500251.46055156
36,10,0.333857029184069,85,0,0,0,0,0,0.706047780517769,0.723880736276123,1.0357676305812,-0.787281708378151,0.154407162888403,0.694023136128691,-5.5023249227111,0.154407162888403,0.154407162888403,-1.80571216623985,0.333371271168893,0.159231431108605,-0.840480433871133,0.613915890686503,-0.255555555555557,0.512223071046601,0.915652173913042,0,0.333857029184069,0,0.0417773776700447,-0.183172401569904,-0.181778870627663,-0.0565866546282426,-0.174853498500594,0.325086771489334,-1.06838703910163,-0.186579813885394,0.345575095892975,0.084687116611712,0.0799702643258065,464.0000000001,0.251299942125374,0.114249178418679,1250.0000000001,0.913314095372006,1.16461403739738,0.0282034915192354,-0.543478503906756,0.0551944791599253,-0.604185607248831,-0.580437908842291,0.00537199925899297,-0.819069767387635,0.00821324216472752,-0.4399362520998,0.551955880391453,1.28286106821998,0.0835405355240544,423.0000000001,1.4135058594745,0.0835405355240544,423.0000000001,1.4135058594745,0.179896791968122,0.237208193122163,1e-10,-0.978546542686746,-1.21693454470221,-0.0475169058228717,-0.534364456950919,0,0,0,0,0,0.0869055337091868,-0.548114119819556,-1.012195214515,-3.06354244027811,-1.17668711593856,0.186779852221293,0.232630263917295,-0.140169861959244,0.258931140328076,-1.22647385149211,-1.2462492647667,-0.211618241369851,1250.0000000001,0.0833333334333333,0.00608573787674277,0.0221177535424926,0.034230911786381,0.034230911786381,0.00513579631049443,0.00311934509891412,5247.81045642127,0.0156249669969604,10,2,"SNETWORK (2 36 5247.81045642127 0.00513579631049443 10 10)",452199.195371257,4500591.80462874
36,11,0.344152555161561,86,0,0,0,0,0,0.706047780517769,0.723880736276123,1.0357676305812,-0.787838224544787,0.149074532524699,0.698326039634218,-5.46314704020826,0.149074532524699,0.149074532524699,-1.80443485954296,0.315810770868464,0.140817861851524,-0.846259619503663,0.604221860074246,-0.255555555555557,0.512223071046601,0.915652173913042,0,0.344152555161561,0,0.0971961592163557,1.09034366148594,1.09982549364811,0.0227532108967729,1.15003424498756,0.341695941875304,-0.477571502258421,-0.788343708409574,0.262121540666925,0.0872979263280215,0.0799702643258065,671.0000000001,0.374613573532418,0.137828506006345,3540.0000000001,3.1203217064315,3.49493527986392,0.0691848331155831,-1.12061615229233,-0.556379852051492,-0.49646865258632,-1.15919274907147,-0.532119535383861,-0.516650487376331,-0.477230003469696,-0.68722163536527,-0.577504239165598,0.0276093432205799,0.134060157837151,788.0000000001,4.2255761719735,0.134060157837151,788.0000000001,4.2255761719735,1.74202035692076,1.70041584479787,1e-10,-0.200074819267409,-0.265229853705674,-0.0476126669843922,-0.0224555076103991,0.109371874158489,0.109372395687212,0,0,1,0.355639082430498,-0.567850386412203,-0.88303703732494,-0.138266885482909,0.0777639466859236,-0.430971750913402,-0.403227400231391,-0.69841005484887,-0.325933566192581,-0.576940668827044,-0.819213013629686,-0.211618241369851,3540.0000000001,1.10947712428301,0.00741575321104185,0.0617690798045412,0.0836484107555327,0.0836484107555327,0.069697487375346,0.584388848103117,5260.17274392335,0.0156249669969604,11,2,"SNETWORK (2 36 5260.17274392335 0.069697487375346 11 11)",452203.5,4500582.63959041
36,12,0.484256049131645,93,0,0,0,0,0,0.74226952126411,0.772426856585539,0.906942813292681,-0.828472336772385,0.157592788286926,0.836561307000259,-4.70667370889465,0.157592788286926,0.157592788286926,-0.663216931739079,0.0655005751834882,-0.216091812907926,-1.03309022717849,0.516063778364716,-0.255555555555557,0.512223071046601,0.915652173913042,0,0.484256049131645,0,-0.0478045280974446,0.318786571624181,0.318464166705664,0.108843484371076,0.316389934513415,0.481403805099329,0.196298467027336,-0.820215690020192,0.0762873975672712,0.16287592954811,0.0799702643258065,1199.0000000001,1.24891577747171,0.103841420102985,2385.0000000001,1.58385734761759,2.8327731249893,0.0633547934715562,1.41410966211907,1.38095199459681,0.199392218450914,-0.38741076130198,-0.454363110633721,0.229175407618014,-0.466710222077072,-0.242947107172087,-0.813108606588777,-0.633028118794622,0.0760363257949844,643.0000000001,1.95565429697431,0.0760363257949844,643.0000000001,1.95565429697431,0.481063816902175,0.518707054844659,1e-10,-0.102630006146751,-0.00111322385101542,-0.987679256960117,-0.0378794259131736,0.576306685508926,0.57630870582837,0,0,0,-0.632285875302417,-0.843832936930102,-0.733815815299153,-0.00136644786519848,-0.470265051613409,-0.242787613597102,-0.106662443744583,0.131089678995853,-0.418696345536282,-0.0785632801570477,-0.130702496982908,-0.211618241369851,2385.0000000001,0.63562091513268,0.0279319230751856,0.0354228702963706,0.0437380857634017,0.0437380857634017,0.484475512727247,0.373773887922953,5339.59453592376,0.0156249669969604,12,2,"SNETWORK (2 36 5339.59453592376 0.484475512727247 12 12)",452231.276711125,4500518.72328888
36,13,0.575331200527904,98,1,-0.749979654947936,0,0,0,0.793310565548668,0.821890002099748,0.943142285156105,-0.858146874945653,-0.00418619294754572,1.17243280198785,-3.02130486503301,-0.00418619294754572,-0.00418619294754572,-0.909721727607858,0.0872865807494037,-0.234144035086897,-0.981499725581988,0.506812970319805,-0.255555555555557,0.512223071046601,0.915652173913042,0,0.575331200527904,0,0.66481709305788,-0.167314939208365,-0.166077521169724,-0.540289539672874,-0.159911704137873,0.57050684926158,-0.625594072414386,-0.858716353361993,0.49026783616902,0.215859528444132,0.0799702643258065,513.0000000001,0.708183250458182,0.158760763081388,1702.0000000001,1.72806388956664,2.43624713992482,0.0588504318393201,-0.249359065734675,-0.337543274666057,-0.953983062896778,-0.393348250611256,0.427173732640414,-0.335811797785156,0.483407080416511,-0.635545917150009,0.466895937442574,0.38330053187935,0.123825433786024,381.0000000001,1.88709960947433,0.123825433786024,381.0000000001,1.88709960947433,0.4429812368345,0.573396179270392,1e-10,0.283860690682,0.677807812036424,-0.885720998731263,0.532197842302821,1,0.999999999999972,0,0,-1,-0.895451488275287,0.0638239203978702,-0.275203876338248,-0.306423759276808,-1.99367938980347,-0.0325814402315205,-0.00588139159496725,-0.133890507340013,-0.0327732616072701,0.748862633592398,0.471986867173019,-0.211618241333198,1702.0000000001,0.220588235394118,0.0171070041921653,0.0417434275471548,0.0455851235005523,0.0455851235005523,0.793059020517209,0.588035382819029,5398.68217719805,0.0156249669969604,13,2,"SNETWORK (2 36 5398.68217719805 0.793059020517209 13 13)",452259.087420206,4500476.91257979
36,14,0.615980850674038,100,1,-0.749979654947936,0,0,0,0.783420993049196,0.797569093809022,0.859259657653221,-0.862824561967495,0.0161931943190895,1.18703308936869,-2.94228892350066,0.0161931943190895,0.0161931943190895,-0.739571270525963,-0.0255128678494973,-0.356342893745856,-1.01974900767297,0.445072658106234,-0.255555555555557,0.512223071046601,0.915652173913042,0,0.615980850674038,0,0.833129719591268,-0.218502250664436,-0.21673656190331,-0.620909800100874,-0.208011594020916,0.605471851222397,-0.949357816055536,-0.863479994758521,0.571897465177033,0.273374495506946,0.0799702643258065,81.0000000001,0.141612006229093,0.346761415154018,2854.0000000001,6.3290976628748,6.47070966900389,0.157582196255982,-0.149476690366347,-0.262638764412958,-1.09096843745719,-0.883997948960675,0.166459612201261,-0.669585844158417,0.19078775842551,-0.868133444385104,0.199035022489915,0.166704150319149,0.108097330829167,570.0000000001,2.46461914072412,0.108097330829167,570.0000000001,2.46461914072412,0.763797137125409,1.00083695218578,1e-10,0.394374238086551,0.757624883274537,-0.0580362635117526,0.898811499571466,1,1.00000000000003,0,0,-1,-0.476854373350843,-0.120072569256226,-0.361816034690093,-0.30890246865163,0.28045686565672,-0.260560752807365,-0.224069517421894,-0.373206023989579,-0.23493511703849,-0.085924268266535,0.0693774148158804,-0.0327439829248486,2854.0000000001,0.397058823629412,0.00344869914889212,0.15413349700709,0.0600212521872284,0.0600212521872284,0.909534178967895,0.0987641837735507,5420.98486741371,0.0156249669969604,14,2,"SNETWORK (2 36 5420.98486741371 0.909534178967895 14 14)",452268.786735884,4500459.21326412
37,15,-0.889904186303169,11,0,0,0.784954833984386,0.879711914062511,0.945654296874977,-0.286586020232658,-0.254088535017696,-0.0191790926950718,0.243987016730794,0.518604196542243,-0.179578799223394,-0.357856084258465,0.518604196542243,0.518604196542243,0.901688242230371,0.719361234872746,1.20936841348331,0.369076541785218,0.308188079052075,0,0,0,-0.469194312796209,-0.889904186303169,0,0.481979907157077,0.0507358598154828,0.0505070184176094,-0.418946811486217,0.0493139171861833,-0.886042441242453,-0.666656573968842,0.241813214947477,0.738961146062725,0.179393085855816,0.0799702643258065,2010.0000000001,2.30599743353317,1.02903544593491,28.0000000001,0.1842660932084,2.49026352664157,0.0581108083424435,0.473927059684589,-0.331456949050753,-1.30219609901657,0.420008207514155,1.30112767988525,-0.432784332799903,1.42006042987898,0.0699074758732256,1.35323861921169,2.11747294750302,0.144177112050549,91.0000000001,0.524804687599814,0.144177112050549,91.0000000001,0.524804687599814,0.896847473128229,0.413732678470134,1e-10,-1.43409898064158,-1.64411592984892,0.155571147360791,-0.748918756904846,0,-2.84199748128015e-14,57013006499840,58380416712704,55650964996096,0.945772460538842,0.790765684765648,-0.862572919171884,0.370877329135841,0.40776843878399,0.368962923921582,0.443323615599787,-0.160303876024096,0.507324224349121,0.140112900758761,0.389377550610087,-0.211618241369851,2010.0000000001,1.16830065369477,0.0538109213075546,0.00429988693488892,0.0122464246193216,0.0122464246193216,0.120154405601031,0.467861200682819,4353.68093613125,0.0312499339939208,15,2,"SNETWORK (2 37 4353.68093613125 0.120154405601031 15 15)",452568.926203993,4501153.5
37,16,-0.869318091876091,12,0,0,0.784954833984386,0.879711914062511,0.945654296874977,-0.286586020232658,-0.254088535017696,-0.0191790926950718,0.243567521590034,0.517484334339793,-0.179889548330212,-0.350062184149629,0.517484334339793,0.517484334339793,0.898743883973217,0.71362597748876,1.20287985279752,0.368230314801271,0.304522265164592,0,0,0,-0.469194312796209,-0.869318091876091,0,0.327695252048681,-0.175266353153194,-0.173951500365531,-0.324178181533019,-0.167408561879692,-0.87116225126406,-1.15531508501476,0.241451152941201,0.363517436270913,0.17692430688488,0.0799702643258065,1172.0000000001,1.32608748457759,0.697294706814825,71.0000000001,0.316615213574271,1.64270269805186,0.039731513478813,1.11554233680813,0.31746879674057,-0.0694625781119199,-0.719044093643067,-0.503291933172431,-0.929271704743403,-0.565311648076312,-0.28381169849366,-0.562682664591244,-0.9640105080226,0.0569960651275735,68.0000000001,0.155029296974945,0.0569960651275735,68.0000000001,0.155029296974945,0.69143481012787,0.665314733797234,1e-10,-0.162863912021173,-0.288050397061046,0.155561172289228,-0.222134148456039,0,-5.6839949625603e-14,55397782690185,56726453084383,54074328905307,0.431803158222571,0.763880161103368,-0.743990674089401,0.275874417973591,0.40776843878399,0.194321931368275,0.146232310600095,-0.191921966580384,0.290133583674863,0.270818457667494,0.208785038542091,0.214512983986724,1172.0000000001,1.24346405238758,0.03207364466905,0.00765786870976292,0.00374964294547919,0.00374964294547919,0.131189130431393,0.629680889076553,4364.88247159979,0.0312499339939208,16,2,"SNETWORK (2 37 4364.88247159979 0.131189130431393 16 16)",452564.5,4501144.96730921
37,17,-0.848207016098708,14,0,0,0.784954833984386,0.879711914062511,0.945654296874977,-0.307469605929758,-0.268357830132604,-0.0577774039895445,0.212556501410526,0.291318532100203,-0.274618124129932,0.0409783093945658,0.291318532100203,0.291318532100203,0.705445722063946,0.571896942506639,1.06599146969992,0.37280580904409,0.201719239598717,0,0,0,-0.469194312796209,-0.848207016098708,0,0.317069511148902,0.721681336837959,0.724656867525663,-0.23876872042059,0.739269120937774,-0.844370159203997,-0.216573255143761,0.238379940922848,-0.935419264171058,0.437788786972,0.0799702643258065,2366.0000000001,6.62424575257841,7.84217270516222,184.0000000001,9.22807864929042,15.8523244017688,0.332636878948666,3.29375349293527,2.34809505039204,-0.13018987419308,0.0569724698767792,0.0996200886504719,-0.200516932610621,0.108190087283808,0.220587616007633,0.15927369647968,0.232970353911539,0.0487845285598214,168.0000000001,0.327832031349884,0.0487845285598214,168.0000000001,0.327832031349884,0.787427866295607,0.57265563758023,1e-10,-0.349665386438895,-0.508997425106931,0.15333632316834,-0.395555797758413,8.8817926673388e-15,0,46004910216495,47108300266135,44905852283265,0.0874742508409837,-0.926183433529989,0.579011120898849,1.35264337052536,-0.510612925118657,0.940009808993113,0.815278516409217,0.61689990222009,0.940670580516996,1.00349309907877,0.505851350500851,0.697054858206871,2366.0000000001,0.916666666766667,0.138999706036736,0.19363717281193,0.00687905577115869,0.00687905577115869,0.156367938721678,0.33166214171797,4390.44190497534,0.0312499339939208,17,2,"SNETWORK (2 37 4390.44190497534 0.156367938721678 17 17)",452545.55001146,4501134.5
37,18,-0.806505586264135,16,0,0,0.784954833984386,0.879711914062511,0.945654296874977,-0.297913021728152,-0.264409993322429,-0.0812884347953117,0.209961533982005,0.277247468953878,-0.26028054461773,-0.0130249782728575,0.277247468953878,0.277247468953878,0.695281597195659,0.519682267800978,1.01636823288673,0.354810825893966,0.173268711092406,0,0,0,-0.469194312796209,-0.806505586264135,0,-0.246292956071842,-0.25113919615733,-0.2489997719812,0.315315082771354,-0.238481501548874,-0.800593294740346,0.202992809313253,0.208194073655411,-0.635646807127617,0.128564896028838,0.0799702643258065,1007.0000000001,0.827959197848854,0.144975074018186,290.0000000001,0.268873746569792,1.09683294431865,0.0268500339103452,-0.251607849655544,0.00410095147273388,1.08745249618466,-0.00763043102975473,-0.91238557619878,0.398363549317325,-1.0398666349587,0.57153869341727,-1.12298976131928,-1.83180248595979,0.0763080304485577,52.0000000001,0.158720703224944,0.0763080304485577,52.0000000001,0.158720703224944,0.693485410593053,0.661294508603171,1e-10,-0.544722097019922,-0.996939179706002,0.0483821311941134,-0.519746413608718,0,-5.6839949625603e-14,50647811058766,51862557278141,49437834161021,0.821685017783401,-1.27586591408019,0.631999819626018,1.64149003387389,-2.43556937688984,0.736144979928108,0.72676328969959,0.782895237394262,0.603773132881057,1.36938716509867,0.932851953544032,-0.211618241369851,1007.0000000001,1.29575163408693,0.0202681115390635,0.00658192227128162,0.00388541962362589,0.00388541962362589,0.18080324503077,0.015506403810395,4415.24659693764,0.0312499339939208,18,2,"SNETWORK (2 37 4415.24659693764 0.18080324503077 18 18)",452525.188185706,4501127.18818571
37,19,-0.775452533808445,18,0,0,0.784954833984386,0.879711914062511,0.945654296874977,-0.301804429454771,-0.267217241828958,-0.0895066755246005,0.207670120826195,0.25960577968056,-0.245187392200335,-0.0545732537637459,0.25960577968056,0.25960577968056,0.741003645217773,0.474424450739496,0.970563581333264,0.338413165978427,0.148997755396242,0,0,0,-0.469194312796209,-0.775452533808445,0,0.93119029232086,0.18635779172533,0.18584889454837,-0.642505715175202,0.183056700353687,-0.765745519357891,-0.151731276153154,0.205800675392993,-0.511725350874252,0.369909039000916,0.0799702643258065,1226.0000000001,2.90029701580269,3.37394275804393,146.0000000001,3.15026891463607,6.05056593033876,0.138189040613266,0.8230711103113,0.244217592544,-0.569150186117322,1.28772165064335,1.33904649464887,-0.00282894607354837,1.43165493638346,0.328841427645337,1.65654175017835,2.56073448247312,0.0678274264211382,123.0000000001,0.333710937599881,0.0678274264211382,123.0000000001,0.333710937599881,0.790693637406824,0.550668588051674,1e-10,-0.10052463136575,-1.02573655693267,0.152998802200029,-0.635548003230105,0,-2.84199748128015e-14,57001007659421,58368130089937,55639252808138,-0.101194483222583,-1.50331391497105,0.39817504766718,1.95861385211421,-0.264860646226508,0.342257474297886,0.356282404909347,0.684164466238292,0.125182086507953,0.270979371290478,0.727642832122911,-0.0596703913356342,1226.0000000001,1.06372549029608,0.0662399627447126,0.0719490777685531,0.0076216332147415,0.0076216332147415,0.204025792968572,0.490718331187963,4438.82019740291,0.0312499339939208,19,2,"SNETWORK (2 37 4438.82019740291 0.204025792968572 19 19)",452509.79913603,4501114.5
37,20,-0.722935903122879,20,0,0,0.784954833984386,0.879711914062511,0.945654296874977,-0.290364780495632,-0.261134170712618,-0.108718714912744,0.198597220897393,0.210132034499543,-0.240119881848473,-0.0467802614560374,0.210132034499543,0.210132034499543,0.679393733070395,0.426600284935667,0.912028191120192,0.313148055978728,0.127166099184015,0,0,0,-0.469194312796209,-0.722935903122879,0,0.844071434467801,-0.127578954417782,-0.126703081299664,-0.621356887196325,-0.122308614707322,-0.722747856427439,-0.838643894656745,0.197854256359898,0.613587801220528,0.122771982339905,0.0799702643258065,1667.0000000001,1.30885618516287,0.0919043164378393,403.0000000001,0.236863431637708,1.54571961670058,0.0371040738632055,1.01377775848574,0.839522080226526,-0.52434337355883,-0.474605109026997,0.0228690690397731,-0.56770652537547,0.0283063302697531,-0.0442163100374544,-0.00570866307169378,-0.055230708458802,0.065615234475,225.0000000001,0.59053710947479,0.065615234475,225.0000000001,0.59053710947479,0.933362266067763,0.35661479898446,1e-10,0.16525662757059,-0.69125596554695,-1.05425199034212,-0.60740843493468,0,-2.84199748128015e-14,57013006499840,58380416712704,55650964996095,-1.24710853371327,-1.06444247033695,0.335165975645795,1.08102584981198,0.40776843878399,0.242473241925557,0.302966140680418,1.04325759329752,-0.153867595671195,0.039628580740315,0.194616816284927,-0.211618241369851,1667.0000000001,0.730392156962745,0.0314183089316059,0.00568576483159952,0.014175489675379,0.014175489675379,0.231747413058197,0.712432119748437,4466.96088196487,0.0312499339939208,20,2,"SNETWORK (2 37 4466.96088196487 0.231747413058197 20 20)",452495.712547171,4501098.71254717
37,21,-0.694145063204853,22,0,0,0,0,0,-0.270278206543463,-0.248108983636021,-0.123659765307584,0.193107947799205,0.198683809596241,-0.231105890519048,-0.0645786124734563,0.198683809596241,0.198683809596241,0.643078343040778,0.372431234430113,0.849303088055166,0.28153165181132,0.103870075139346,0,0,0,-0.469194312796209,-0.694145063204853,0,0.839942410851503,0.0235948584207878,0.0234798833743981,-0.612767029857361,0.022884715535536,-0.693574983971468,-0.34613303689638,0.191665522066574,-0.616202612149668,0.0907047589439225,0.0799702643258065,1709.0000000001,0.991354991629988,0.134270108387636,970.0000000001,0.832929292015364,1.82428428354535,0.0427535928022396,0.366655898835244,-0.219303153667572,-0.340489083728108,-0.426938733962556,-0.0883315916945569,-0.124111660536238,-0.0922940114553026,0.245644349322081,0.117222530768043,0.130037027590527,0.00247163328452381,315.0000000001,0.0311425782249889,0.00247163328452381,315.0000000001,0.0311425782249889,0.622614922558279,0.754728031850414,1e-10,0.516452179325756,0.358450560999268,0.151744531430512,0.671534944092425,0,0,1,-1,1,1.24153732226499,1.1161712115558,-0.275584270090387,-0.886394778310342,-0.435771970291569,-0.213899452307381,-0.0683070663008259,-0.369046607584213,-0.175142948748307,-0.398059501207572,-0.80828557399418,0.191209924820563,1709.0000000001,0.436274509903922,0.0232332142067017,0.0195203784955378,0.000729851763201542,0.000729851763201542,0.254407240834496,0.300250613130629,4489.9632556941,0.0312499339939208,21,2,"SNETWORK (2 37 4489.9632556941 0.254407240834496 21 21)",452480.526135424,4501085.5
37,22,-0.683678803074036,23,0,0,0,0,0,-0.26376987363944,-0.240704294929821,-0.130911387603457,0.189300871295623,0.121869408440775,-0.252429180789502,0.00605114782355957,0.121869408440775,0.121869408440775,0.638687779774441,0.334330943248044,0.800240697798739,0.276469311398502,0.0792405442405261,0,0,0,-0.469194312796209,-0.683678803074036,0,-0.0948382201126745,0.560864412432187,0.56203711241886,0.202607237380605,0.567304319099774,-0.679687381292503,-0.221531473177033,0.18831644850852,-0.232634767692757,0.102823799135054,0.0799702643258065,1094.0000000001,0.719396018164615,0.101893017635767,873.0000000001,0.568873534400272,1.28826955246489,0.0277288827325815,4.46488948417645,0.225333701045136,1.4348999584591,-0.367868327501042,-1.31459390280926,-0.161782909627239,-1.30992594657978,0.220003738537891,-1.02150419287719,-1.64865702157431,0.0283907159430233,215.0000000001,0.244160156349913,0.0283907159430233,215.0000000001,0.244160156349913,0.740947589084803,0.620732542000067,1e-10,0.34512580565115,0.383423363215465,0.151224686277363,0.685063074578113,0,-5.6839949625603e-14,0,0,-1,0.411772785574562,0.493401403604432,-0.393326612997661,-0.0688009608316979,-0.371123661387361,-0.00610716024616072,0.061513172549184,-0.28901934386707,0.0658542204188021,-0.354388796690379,-0.559804046244931,0.328757854155916,1094.0000000001,0.763071895524837,0.0154843741471972,0.0122445084853843,0.00525533519268412,0.00525533519268412,0.266389774215725,0.758060226216912,4502.12692762396,0.0312499339939208,22,2,"SNETWORK (2 37 4502.12692762396 0.266389774215725 22 22)",452470.433531306,4501082.5
37,23,-0.570620049625501,28,0,0,0,0,0,-0.251952638068958,-0.230556630951055,-0.141695877560803,0.172820403906364,0.0672707708269375,-0.209905338305114,-0.154857359264948,0.0672707708269375,0.0672707708269375,0.575351281420849,0.190735648061001,0.648158052250322,0.208259203221964,0.00999424483379455,0,0,0,-0.469194312796209,-0.570620049625501,0,-0.202786398660406,-0.732200402951094,-0.721154836733325,0.185458221459669,-0.67018300490323,-0.567154111456029,0.148535855931064,0.171528980484963,-0.272436660542302,0.0976625957501978,0.0799702643258065,561.0000000001,0.350387162384811,0.392327087075894,1004.0000000001,2.51906322817919,2.869450390464,0.0758206707412573,-0.471877352103725,-0.581113540958602,0.574798671433785,0.248236675365368,-0.319987620679771,0.498502249410911,-0.397913717129474,0.610994041975351,-0.26417644647555,-0.457353770411286,0.0213166611054348,230.0000000001,0.19611328134993,0.0213166611054348,230.0000000001,0.19611328134993,0.496372797094622,0.622904461585229,1e-10,-0.687688451026017,-0.807464316944603,-1.25003594103793,-0.458876431955584,0,-2.84199748128015e-14,-1,-1,0,0.522461121999965,-0.57387635056939,0.714880254353525,-0.277470908887584,-0.887232764198204,0.533932019473283,0.506199050655043,0.562945873985383,0.427615467613679,0.0195627625632985,0.104747011380033,-0.211618241369851,1004.0000000001,0.714052287681699,0.00925842444174523,0.0665622461995121,0.00518198208129362,0.00518198208129362,0.32565035748638,0.414567946526492,4562.28334616609,0.0312499339939208,23,2,"SNETWORK (2 37 4562.28334616609 0.32565035748638 23 23)",452427.129191488,4501061.12919149
37,24,-0.516880556149275,31,0,0,0,0,0,-0.245361459508592,-0.22608448654844,-0.131512536151053,0.16879409376138,0.0246247460061574,-0.205594561082287,-0.127539047233217,0.0246247460061574,0.0246247460061574,0.61136893488337,0.151414737137425,0.605453693680196,0.202534438724353,-0.0151732342213626,0,0,0,-0.469194312796209,-0.516880556149275,0,-0.473740515275899,-0.279317762037976,-0.27683244893589,0.720009857560621,-0.264665432567775,-0.520210455017676,-0.733074816087616,0.167316852144507,-0.624965218510772,0.0641053121295207,0.0799702643258065,135.0000000001,0.0553458229703101,0.176484338936519,2558.0000000001,2.88711294736021,2.94245877023052,0.0723530487893352,0.169253431874257,-0.278222678324519,0.265944335199023,-0.368718796969766,-0.52748355768207,-0.416803811555325,-0.603562325430073,0.042736143525905,-0.496069833003865,-0.8193018668355,0.0882951641831135,379.0000000001,1.33855468759952,0.0882951641831135,379.0000000001,1.33855468759952,0.138260922734588,0.198219892601718,1e-10,0.76665385381404,0.162527447806434,0.150218570251162,0.408555485647004,0,-2.84199748128015e-14,1,0,-1,1.19746470358476,0.506676775952642,-1.05635111145645,-0.108077373817869,-0.0840765887768961,-0.690140533865417,-0.602356059150545,-1.095000737333,-0.504588303329858,-0.766103628079732,-0.570006373975933,0.195869301608528,2558.0000000001,0.227124183106536,0.00136091593110385,0.0709921327582313,0.0329141442731907,0.0329141442731907,0.358721766723948,0.119315686522889,4595.8546920097,0.0312499339939208,24,2,"SNETWORK (2 37 4595.8546920097 0.358721766723948 24 24)",452410.290160125,4501036.29016013
37,25,-0.473785878319615,34,0,0,0,0,0,-0.216595746637917,-0.201993189878301,-0.115064880395984,0.149621690217595,-0.0797259045229989,-0.171118284034578,0.0158477500832161,-0.0797259045229989,-0.0797259045229989,0.504447296665471,0.0973744831118305,0.549696812246637,0.193069183856308,-0.0490060440507882,0.744444444444443,-0.487776928953399,-0.313913043478262,0.530805687203791,-0.473785878319615,0,-0.925582734874554,0.182704949065946,0.182197319479373,2.15264254776111,0.17941753120907,-0.467210140800704,0.740013365615548,0.148658028751302,-1.04027531246497,0.169915849012816,0.0799702643258065,1507.0000000001,1.63758632818508,0.0769285214837559,1806.0000000001,0.888509740088185,2.52609606817327,0.0577269763579113,-0.62321736819733,0.643569318461449,-0.414902601633199,1.33991721498203,1.2823087768977,0.63714512420578,1.37199458840699,0.67857013454213,1.66136911669122,2.52212965591945,0.0286999470770189,582.0000000001,0.668134765724763,0.0286999470770189,582.0000000001,0.668134765724763,0.976468274788239,0.324255241041985,1e-10,0.338654445781661,0.196648160858128,0.148603017083618,0.125270620408123,0,-2.84199748128015e-14,1,0,0,-0.395560054499419,-0.0610882664694533,0.507978842753334,0.890915205266462,0.117151777094998,-0.31789961670173,-0.392081810438414,0.00664681488161915,-0.46656942900443,1.15203727782209,0.298887842609421,-0.0183201421125094,1806.0000000001,0.436274509903922,0.0374225304715948,0.0203044457863165,0.0152683820064389,0.0152683820064389,0.392685462678985,0.128035126641588,4630.3318131642,0.0312499339939208,25,2,"SNETWORK (2 37 4630.3318131642 0.392685462678985 25 25)",452390.396435335,4501012.39643534
37,26,-0.433655903046983,36,0,0,0,0,0,-0.218353524978216,-0.194756992024038,-0.122902692777111,0.143221754301274,-0.106556757914998,-0.157815155846455,-0.12275475871183,-0.106556757914998,-0.106556757914998,0.462293389331572,0.046040530919389,0.505354970463639,0.168036573844726,-0.0734382027959095,0.744444444444443,-0.487776928953399,-0.313913043478262,0.530805687203791,-0.433655903046983,0,-0.214491156817259,0.671955337329477,0.674305245829157,0.397019518237665,0.685637890700404,-0.435261568844319,0.170815846833218,0.142856616604227,-1.39180198390214,0.121660548197376,0.0799702643258065,192.0000000001,0.149385367415893,0.100194638676999,3314.0000000001,2.1235087214862,2.27289408880209,0.0480697890744922,1.23903397875566,1.15765478148959,-0.157311364794777,-0.31051347217588,-0.136559266362467,0.111062888916174,-0.124361865851238,0.366377767818539,-0.0879118360008276,-0.184604568192178,0.0202876535822866,621.0000000001,0.503945312599821,0.0202876535822866,621.0000000001,0.503945312599821,0.325370077879059,0.460763985066984,1e-10,0.728367126235522,0.655648218240868,0.148317860081321,0.957785693407514,0,-2.84199748128015e-14,0,0,0,-0.383294130158688,0.239053745242407,0.26179985646675,0.444449373812473,0.3721726200692,-0.422770422775168,-0.420115097964792,-0.223324121239775,-0.51030957101981,0.359474492741641,-0.0899923258694248,0.610371118638876,3314.0000000001,0.563725490296078,0.00315937426140808,0.0449104147130842,0.0106580174355524,0.0106580174355524,0.415979010918178,0.0526330215046921,4653.97748723407,0.0312499339939208,26,2,"SNETWORK (2 37 4653.97748723407 0.415979010918178 26 26)",452388.838299771,4500992.16170023
37,27,-0.425106825414866,37,0,0,0,0,0,-0.226294673241639,-0.204422028073429,-0.155972363669239,0.135167025995524,-0.135718133132042,-0.155253453063119,-0.242624220547447,-0.135718133132042,-0.135718133132042,0.387651825869561,0.0179874661289287,0.477079895731863,0.154628464447269,-0.0869354154886181,0.744444444444443,-0.487776928953399,-0.313913043478262,0.530805687203791,-0.425106825414866,0,-0.407005653321756,0.66825759132472,0.670563405650407,0.743257775511282,0.681666219196749,-0.421974940311789,-0.0436723650759494,0.139090750736623,-0.996943309377236,0.0541538810407122,0.0799702643258065,245.0000000001,0.0848501730895997,0.101080687649243,2749.0000000001,1.77705139767812,1.86190157066772,0.0394006828050904,0.0143156492851369,0.974618385201307,0.0563966854893826,0.198517286354719,0.0624925659104968,-0.0485586664800242,0.0719139249736482,0.265923813681626,0.0260160033873953,0.000300573462672406,0.0296099227051402,535.0000000001,0.633652343849775,0.0296099227051402,535.0000000001,0.633652343849775,0.253316968411984,0.379308329085677,1e-10,0.0976787860216019,0.24174724994919,0.147642010574876,0.64474950995206,0,-2.84199748128015e-14,0,0,1,1.00876700979284,0.218121492712087,-0.0038420798178534,-0.869573577998202,0.40776843878399,0.451776707222228,0.382089932580521,0.0312406789349202,0.537780915493757,-0.964717959864394,0.0894158055757535,-0.0347439089028879,2749.0000000001,0.282679738662092,0.00179555933368479,0.0376051233714056,0.0134090519800191,0.0134090519800191,0.428233099477078,0.857196133525576,4666.4168194093,0.0312499339939208,27,2,"SNETWORK (2 37 4666.4168194093 0.428233099477078 27 27)",452389.5,4500981.65330751
37,28,-0.335773862733871,42,0,0,0,0,0,-0.206521473007272,-0.16830915380192,-0.160499566799904,0.119708946260881,-0.280305829172105,-0.116595545048525,-0.0202774131297804,-0.280305829172105,-0.280305829172105,0.315536601244154,-0.129889875613093,0.340162582072231,0.149051265816088,-0.189234595192068,0.744444444444443,-0.487776928953399,-0.313913043478262,0.530805687203791,-0.335773862733871,0,-0.314798392336972,-0.0843761334596248,-0.0838454207125708,0.451581954004461,-0.0811613043737823,-0.333924100569188,-0.434473519824762,0.11996882477725,-0.582864221906986,0.0598479783963551,0.0799702643258065,103.0000000001,0.0394224646076067,0.18212076545489,2801.0000000001,3.26234312785858,3.30176559236619,0.078715689811862,0.0265065008505194,-0.101882391009707,0.568707677195681,0.422719955183991,-0.176639402973948,-0.17482241814528,-0.193190119721092,0.176079529573764,-0.265533392659961,-0.431087567640175,0.163689907746501,593.0000000001,3.88272460947362,0.163689907746501,593.0000000001,3.88272460947362,1.55156405763074,1.96445863577315,1e-10,0.785858964941883,0.640896781223871,0.146354937028751,0.855512234271814,0,-2.84199748128015e-14,0,0,0,-0.632495297811213,-0.00121600914105716,-0.093701797446201,-0.549351574519025,0.125168332189162,-0.155148051123842,-0.313544853316302,-0.490301521551992,-0.0478907724976591,0.40314527830562,0.00292780707117678,1.38396178726814,2801.0000000001,0.472222222322222,0.000939850633590187,0.0777758390782718,0.0925660338529036,0.0925660338529036,0.483614208933442,0.608514808816835,4722.63511858751,0.0312499339939208,28,2,"SNETWORK (2 37 4722.63511858751 0.483614208933442 28 28)",452383.5,4500932.89085246
37,29,-0.275406035856543,46,0,0,0,0,0,-0.184108154932857,-0.15080107396397,-0.199764519364585,0.105492487822256,-0.332529939311973,-0.0735767711390536,-0.0531831958130493,-0.332529939311973,-0.332529939311973,0.246697082853728,-0.310731030952388,0.185199314716931,0.116283073788668,-0.301904134559614,0.744444444444443,-0.487776928953399,-0.313913043478262,0.530805687203791,-0.275406035856543,0,-0.0691253064151636,0.701381170420373,0.704093961721258,0.185489724364079,0.717324772551238,-0.275307049163122,0.378560694781318,0.104987456761745,-0.115107010476451,0.254355249995541,0.0799702643258065,904.0000000001,1.47050395976191,0.0773359088910889,2026.0000000001,1.00202301407598,2.47252697373789,0.0520490481980941,2.34391490598263,0.600504257281123,-0.0944762116187548,1.0851768275998,0.795013411425399,0.24867869174964,0.79082447129305,0.429356473589163,0.768381348055922,1.11117047292313,0.0117046650639423,572.0000000001,0.267802734474905,0.0117046650639423,572.0000000001,0.267802734474905,0.456548834092229,0.609416907238015,1e-10,1.37079037575234,0.967881501049766,0.145376084088844,1.01028646542912,-8.8817926673388e-15,-5.6839949625603e-14,-1,0,-1,-0.851518165729266,-0.799871804605839,0.238020376892271,0.0985355486452681,0.333883984703085,0.23155743212021,0.129851623898748,0.248068343974133,0.158443640030985,-0.97145183029194,-0.586811822238622,0.918800611266698,2026.0000000001,0.40359477134183,0.0309555091373858,0.0210935389607082,0.00563750266464108,0.00563750266464108,0.531086419437541,0.280182002897553,4770.82496091765,0.0312499339939208,29,2,"SNETWORK (2 37 4770.82496091765 0.531086419437541 29 29)",452379.5,4500892.5
37,30,-0.260229322721119,47,0,0,0,0,0,-0.138034814475542,-0.107105781028566,-0.188505581663366,0.0825340879327164,-0.343428172989781,0.0590333462450631,-0.291609544244454,-0.343428172989781,-0.343428172989781,0.0421907912501807,-0.582789051063894,-0.0615402905656635,0.0126587417978627,-0.445364122952395,0.744444444444443,-0.487776928953399,-0.313913043478262,0.530805687203791,-0.260229322721119,0,-0.122523701659253,0.772789818153292,0.776471486197335,0.270354059707586,0.794823574069026,-0.256400253922483,0.0173383537295943,0.0997628178107142,0.244319269363982,0.247549475558658,0.0799702643258065,1106.0000000001,1.7509518333901,0.0808112795510605,2209.0000000001,1.14162839095362,2.89258022424371,0.0602078202228963,3.59498792848687,1.92359953872015,0.799587449526326,0.426129139158338,-0.31138295173975,-0.0303795336274746,-0.290999186895868,0.256431013744047,-0.232620428215359,-0.356246959527282,0.0385357336283251,609.0000000001,0.938730468849667,0.0385357336283251,609.0000000001,0.938730468849667,1.12678596867645,0.197797998548292,1e-10,0.647407179501135,0.130744500441869,0.143819166931284,0.0587132753037306,0,-5.6839949625603e-14,-1,-1,0,0.259930396016161,0.431254249655336,-0.799074526762732,0.275087773103583,-1.21367199948439,-0.701365826586495,-0.706219544828949,-1.18608253623318,-0.48196295775356,0.471431451436438,-0.496313366927402,0.243832895573688,2209.0000000001,0.524509804021569,0.0364453134757199,0.0237625066471765,0.0195392731840629,0.0195392731840629,0.544000936493733,0.209962188351641,4783.93470521013,0.0312499339939208,30,2,"SNETWORK (2 37 4783.93470521013 0.544000936493733 30 30)",452379.82024162,4500881.17975838
37,31,-0.175258221273452,52,0,0,0,0,0,-0.0882493462888258,-0.083944712006552,-0.113415520140834,0.0557538554291156,-0.51276349818188,0.00836342309031098,0.31325990593419,-0.51276349818188,-0.51276349818188,0.0330505756378711,-0.629064232978761,-0.114847072197004,0.0659462443174068,-0.503769201659757,0.744444444444443,-0.487776928953399,-0.313913043478262,0.530805687203791,-0.175258221273452,0,-0.494428810590377,-0.811424588222217,-0.798290089500482,0.674058762089378,-0.738243933552794,-0.174199793681261,0.3325999907003,0.0615884312768948,-0.189732364516243,0.119863045581161,0.0799702643258065,693.0000000001,0.531221452101547,0.0775246321994819,1172.0000000001,0.581064559481607,1.11228601148315,0.0297629898429016,-0.809822126901132,-1.10984011569758,-0.877182057154185,0.466728738892693,1.04522962608787,0.660268182549413,1.29938641151382,0.645233711254113,1.20374291094178,1.73679307444688,0.0652609087113344,311.0000000001,0.811845703224712,0.0652609087113344,311.0000000001,0.811845703224712,0.154329384580806,0.13311941444162,1e-10,0.203005671590029,0.510582893893528,0.141764890499118,0.608769174622205,0,-2.84199748128015e-14,-1,-1,-1,0.425965923001527,0.954119768084618,-0.383122886781015,0.12769462659803,-0.934087108561049,-0.58912812974523,-0.577456231060934,-0.584817142450921,-0.581056710505231,0.00687761598141051,-0.382173040940591,1.13244322027316,1172.0000000001,0.449346405328758,0.0142146340647315,0.0155483556781701,0.021723688950176,0.021723688950176,0.606909748699584,0.98125666530134,4847.79450253544,0.0312499339939208,31,2,"SNETWORK (2 37 4847.79450253544 0.606909748699584 31 31)",452351.823052519,4500837.82305252
37,32,-0.141585496299699,54,0,0,0,0,0,-0.0593252352772296,-0.0676268106309583,-0.0849022332069138,0.0412717870018693,-0.599541244541628,-0.0335737800994166,0.505962797161461,-0.599541244541628,-0.599541244541628,0.0407097114907135,-0.646286474488119,-0.126359818916591,0.084758337116649,-0.525009421596535,1.675,-1.09749809014515,-0.706304347826087,1.78080568720379,-0.141585496299699,0,0.0602958757282306,0.878411400759855,0.883753658831454,0.0417877872471713,0.9110363700331,-0.141787886377014,0.0794799953717771,0.0498193110612574,-0.17494868699806,0.0643413501607158,0.0799702643258065,412.0000000001,0.169529174608108,0.115024027275624,2077.0000000001,1.52785495621697,1.69738413072508,0.0347452730474556,-0.210891247783407,0.0205775085136597,-1.00890929717927,-0.802295517209394,0.161659755462291,-0.0128355316305397,0.166376564457208,0.240290253759831,0.702531987176712,0.988798495647966,0.05329908677822,559.0000000001,1.19176757822458,0.05329908677822,559.0000000001,1.19176757822458,0.0567197174643275,0.0540137645102523,1e-10,0.561504995119036,0.430760210165128,-0.850594086351634,0.594421958111016,0,0,-1,0,1,0.851698647317248,1.18957277168961,-0.277175122217344,0.0898665840772835,0.0966570772663025,-0.660089021587752,-0.64367786044127,-0.706228346487818,-0.624703784434992,0.234655466059811,-0.599800456429728,1.05460374704147,2077.0000000001,0.361111111211111,0.00347024420375126,0.0312750287437043,0.0243953557976399,0.0243953557976399,0.630601789277007,0.721140987840559,4871.84469290537,0.0312499339939208,32,2,"SNETWORK (2 37 4871.84469290537 0.630601789277007 32 32)",452335.888067631,4500825.88806763
37,33,-0.102328396250856,56,0,0,0,0,0,-0.0563078194188192,-0.0606774610093759,-0.0676427735141001,0.0320154896999714,-0.699058674174735,-0.0705251476608054,0.614538237346666,-0.699058674174735,-0.699058674174735,-0.000413545457794319,-0.677366850608158,-0.160688413590068,0.0904474970459221,-0.549802342176386,1.675,-1.09749809014515,-0.706304347826087,1.78080568720379,-0.102328396250856,0,0.252845679015974,0.86226790692636,0.867338880742886,-0.166701697215795,0.893150762062627,-0.108150408288154,-1.25245306625171,0.0327960817312879,0.338366132221537,0.0669741299912502,0.0799702643258065,41.0000000001,0.0175609497903909,0.150426579271164,1683.0000000001,1.61907049040666,1.63663144009705,0.0335872713958572,0.0695329886833807,0.80656011630959,-1.14989414310486,-0.942429565375447,0.166265428855693,-1.27235649449098,0.171038687794769,-0.668691173397315,-0.13667530539854,-0.241226669046236,0.131926780623256,215.0000000001,1.1345703125996,0.131926780623256,215.0000000001,1.1345703125996,0.0249462599919097,0.0869237279383842,1e-10,-0.627807096667087,-0.151428990674072,-1.18113649753289,-0.22375250390965,0,-2.84199748128015e-14,0,0,0,-1.08471012481606,-1.03024157052785,0.375397220751346,0.111549967579888,0.269872136239875,0.519215737759131,0.408784330144027,0.600363136271066,0.392846709585742,-1.90474301161662,-0.70440530042784,-0.211618241369851,1683.0000000001,0.763071895524837,0.000360389252613357,0.0332268820432439,0.023283874401324,0.023283874401324,0.656318197056755,0.139446721002103,4897.94985259867,0.0312499339939208,33,2,"SNETWORK (2 37 4897.94985259867 0.656318197056755 33 33)",452317.5,4500817.5
37,34,-0.0906406691249705,58,0,0,0,0,0,-0.0492047947760767,-0.0490287955545437,-0.0360265247363637,0.0234801337957617,-0.785656278937141,-0.0843421331859864,0.701808756092888,-0.785656278937141,-0.785656278937141,0.06013738137062,-0.758081647304567,-0.246959969404808,0.0706637721095907,-0.597606802810223,1.675,-1.09749809014515,-0.706304347826087,1.78080568720379,-0.0906406691249705,0,0.692408680235246,1.49561770352299,1.51593974390172,-0.455657968604619,1.62949990650044,-0.0859693549258093,-0.0721326915819331,0.026506306878073,-0.066058505631063,0.166123335174136,0.0799702643258065,907.0000000001,0.963596004122805,0.1760681469909,1765.0000000001,1.9873875505601,2.95098355458291,0.0547964849281901,0.35418748845021,2.26166845269115,-0.263745154954225,-1.09241203814159,-0.60343208603192,-0.290595317153548,-0.50527462409101,0.0506638816988836,-0.381417076442692,-0.591482799622433,0.0521801908592025,489.0000000001,1.02064453134964,0.0521801908592025,489.0000000001,1.02064453134964,0.0383402614430618,0.215179683023976,1e-10,-0.642362922377752,-0.523422160577688,0.139232428374596,-0.363089605699253,0,-2.84199748128015e-14,-1,0,-1,0.214757279611815,-1.42691003029758,0.518553524113881,0.00136644786519847,0.40776843878399,0.854538717589506,0.667802909478824,1.00938928459814,0.666765719754643,-1.87962193161201,-0.610070317974929,-0.211618241369851,1765.0000000001,0.132352941276471,0.0178929068360032,0.0369035779921869,0.0189522345818006,0.0189522345818006,0.681859765914573,0.436874057852629,4923.87753035061,0.0312499339939208,34,2,"SNETWORK (2 37 4923.87753035061 0.681859765914573 34 34)",452297.944537834,4500812.05546217
37,35,-0.0667356249438842,59,0,0,0,0,0,-0.0454736872437167,-0.0427656929889587,-0.0392568853825413,0.0221099235369975,-0.787342407672672,-0.0764886985700027,0.683017156920857,-0.787342407672672,-0.787342407672672,0.0640099234933242,-0.787327508726119,-0.275133128261851,0.0582551595217138,-0.612418352525612,1.675,-1.09749809014515,-0.706304347826087,1.78080568720379,-0.0667356249438842,0,0.78084242623608,0.958522756274908,0.965303918752628,-0.537814860189346,1.000457569994,-0.0713907904199462,-0.147015823547922,0.0207259448476419,-0.346823142660135,0.134280255568158,0.0799702643258065,286.0000000001,0.245603897310718,0.190787966890595,2048.0000000001,2.49883738059277,2.74444127780349,0.0554716096503697,2.05255189423077,0.214624595495244,-0.245402194948196,-0.0676648476947306,0.101332908469926,-0.207350889216839,0.108269359458928,0.101349652153985,0.202575285830944,0.251464540832277,0.157602516238498,426.0000000001,2.68554687509905,0.157602516238498,426.0000000001,2.68554687509905,0.886523947505896,0.830879625875034,1e-10,0.983156639455813,0.59512824322805,0.0336014526732191,0.932902652616699,0,0,0,0,1,1.0775390488518,0.80604178652372,-0.564124238070613,-0.280144609009527,0.32006071328569,-0.394854738164872,-0.376634918107045,-0.756551150910683,-0.254443252188646,-0.266777697733311,-0.69959644124302,0.357465901713158,2048.0000000001,0.0735294118647059,0.00496423210101347,0.0505073774493562,0.0542812152292871,0.0542812152292871,0.694439929603192,0.917414540424943,4936.64786689497,0.0312499339939208,35,2,"SNETWORK (2 37 4936.64786689497 0.694439929603192 35 35)",452287.429402702,4500811.5
37,36,-0.0590597714844549,60,0,0,0,0,0,-0.0270097540439814,-0.0243486722073625,-0.00881587966287693,0.00740229742100079,-0.937110228719581,-0.107500530657784,1.00200746645,-0.937110228719581,-0.937110228719581,0.135682056223543,-0.905535622826911,-0.398127914764651,0.0522048795969539,-0.693433344362258,1.675,-1.09749809014515,-0.706304347826087,1.78080568720379,-0.0590597714844549,0,0.894896918871337,1.8549230947932,1.8879542601727,-0.546626762319581,2.08049735733317,-0.0530433999251004,-0.129205455968263,0.0191745512509821,0.507132378633502,0.0518773619553366,0.0799702643258065,175.0000000001,0.0580594602268674,0.212612604165375,1925.0000000001,2.61744040635816,2.67549986648503,0.0469443988981512,-1.32413448050131,1.67334813137714,0.117072380278506,-0.149709185154184,-0.240753139151026,-0.425649345723944,-0.177093646935889,-0.042736143525903,-0.129413881505838,-0.213006534421486,0.106752905615161,404.0000000001,1.72512695322439,0.106752905615161,404.0000000001,1.72512695322439,0.353004360338423,0.119903339361381,1e-10,-0.279982221616699,-0.46092582748407,-1.12002560393123,-0.285441571588284,0,-2.84199748128015e-14,0,1,0,0.360536905597782,-1.72154627385465,0.46267715453155,0.675987301473632,-0.802478142761,0.706174909867902,0.577330562950401,0.801654779989502,0.556565025131032,-1.44251513953177,-0.982933938900797,-0.211618241369851,1925.0000000001,0.145424836701307,0.00101871298311206,0.0459256858150392,0.0302691279048101,0.0302691279048101,0.706706205460182,0.197827936850764,4949.09957060224,0.0312499339939208,36,2,"SNETWORK (2 37 4949.09957060224 0.706706205460182 36 36)",452276.88803673,4500808.11196327
37,37,-0.0337618282571792,61,0,0,0,0,0,-0.0270097540439814,-0.0243486722073625,-0.00298345896562867,0.00573064090530846,-0.947008972111141,-0.0917587734604055,0.970694555140591,-0.947008972111141,-0.947008972111141,0.163621058867223,-0.942205588529837,-0.432785049571307,0.0355285891447437,-0.711472110458116,1.675,-1.09749809014515,-0.706304347826087,1.78080568720379,-0.0337618282571792,0,1.02222890740128,1.16669555139238,1.17792912495437,-0.636350923173147,1.23807754788248,-0.0369612341841617,0.222744579410248,0.00426475363206606,-0.409407894170397,1.3155700084749,0.0799702643258065,102.0000000001,0.858165790097527,0.496649464378614,2648.0000000001,8.41056194914092,9.26872773913845,0.181281954907076,2.06361610251689,-1.22688451089234,0.558095258954959,-0.130195580826761,-0.571015362855608,0.0109742265709764,-0.506181345312115,0.229768036976643,-0.996254777989379,-1.4526566546649,0.103210772256085,378.0000000001,1.56054687509945,0.103210772256085,378.0000000001,1.56054687509945,0.261579043831225,0.127387076624263,1e-10,-0.259187465628708,-0.550486833542294,-1.11697901711372,-0.32738009720041,0,-2.84199748128015e-14,0,0,-1,0.483669287509235,-1.61600683789048,0.555058316470715,0.45983643485808,0.40776843878399,0.55503808056871,0.419250967797938,0.349874533374379,0.542973346541904,-1.04560207545891,-0.243264749485288,-0.211618241369851,2648.0000000001,0.230392156962745,0.0167843933212186,0.164497561485858,0.0305218791654055,0.0305218791654055,0.717221081622753,0.448876741342247,4959.77339891178,0.0312499339939208,37,2,"SNETWORK (2 37 4959.77339891178 0.717221081622753 37 37)",452268.031792746,4500804.5
37,38,-0.0203269548881225,62,0,0,0,0,0,-0.0232326306840404,-0.0208452777107639,-0.00317973623169522,0.00370483773812015,-0.95830040850029,-0.0750423815877464,0.932674577054535,-0.95830040850029,-0.95830040850029,0.160477931729726,-0.984015583871793,-0.473332067741767,0.0217787458544873,-0.734564806159233,1.675,-1.09749809014515,-0.706304347826087,1.78080568720379,-0.0203269548881225,0,1.31682762909881,0.169819802356293,0.169319406835537,-0.759764045034196,0.166597046392407,-0.0166667455931428,0.650962248624239,0.00221868229427326,-0.110106713875437,0.135740541240995,0.0799702643258065,637.0000000001,0.55297572987871,0.115485881205391,961.0000000001,0.70975643999673,1.26273216977544,0.0289152408550286,0.36257307658293,1.68285116911034,-0.513877220850931,0.255412054876508,0.533378693720902,0.58426317000104,0.57509120022512,0.569079922092166,0.410883163756265,0.544924562133267,0.042892136933159,239.0000000001,0.410048828224854,0.042892136933159,239.0000000001,0.410048828224854,0.37753019288628,0.498318089778335,1e-10,0.0875877871607792,-0.656860419230283,-1.17122216102345,-0.367693661826463,0,-2.84199748128015e-14,0,0,0,0.320245491143198,-1.70226931229727,0.382646457662407,-0.927715955841936,0.241612373072853,0.533957957927587,0.308067583931061,0.206323709381592,0.574166278923845,-1.43749092353085,-0.533702116190974,-0.211618241369851,961.0000000001,0.684640522975817,0.0126625635603699,0.0162526771946587,0.00938968759273396,0.00938968759273396,0.729636263338193,0.732166027802217,4972.37625946987,0.0312499339939208,38,2,"SNETWORK (2 37 4972.37625946987 0.729636263338193 38 38)",452258.5,4500798.5
37,39,0.070053876800097,67,0,0,0,0,0,0.0725924444181828,0.0784381339899248,-0.0394638253149392,-0.0621327111876087,-0.942697297986479,0.14981214687085,-0.195417271253841,-0.942697297986479,-0.942697297986479,-0.346897320182228,-1.71494348707524,-1.14781344055111,-0.34025231933186,-1.07993321933098,1.675,-1.09749809014515,-0.706304347826087,1.78080568720379,0.070053876800097,0,1.40453532776653,1.73182670797865,1.76018360139332,-0.738879269374201,1.9231530051283,0.0674899891093353,-1.08833129136429,-0.0180778401738319,0.114583996964469,0.0440201187264555,0.0799702643258065,120.0000000001,0.0337823236076114,0.209481904378244,7568.0000000001,10.1387566313941,10.1725389549017,0.181985045467552,3.03293033385692,0.593748991573231,-0.37899719756724,0.099868949309344,0.31390478321223,-1.25624973568503,0.280762806589111,-0.683560841455827,0.409071109379773,0.590206248304365,0.12844572497674,1293.0000000001,6.64321289072264,0.12844572497674,1293.0000000001,6.64321289072264,3.08503346476037,2.74258429110907,1e-10,-0.113356349837581,-0.321436863526165,-1.00469946770313,0.0562758338246198,0,-2.84199748128015e-14,0,0,0,0.580556070325913,0.437112129661507,-0.882859436055754,-0.47774797741249,-1.40242943959527,-0.846962769667674,-0.784775997938837,-1.01724494100299,-0.743229845934365,-0.171388491298423,-1.00794738286001,-0.211618241369851,7568.0000000001,2.75980392166863,0.000604360199894049,0.181380685167658,0.118845983746821,0.118845983746821,0.79056474586738,0.256230244354811,5034.22579070757,0.0312499339939208,39,2,"SNETWORK (2 37 5034.22579070757 0.79056474586738 39 39)",452224.5,4500760.59159426
37,40,0.120999052923723,70,0,0,0,0,0,0.100863566146696,0.105180315014781,0.00553440283415252,-0.0691713758860913,-1.01441553737462,0.146545850413581,0.059634601349161,-1.01441553737462,-1.01441553737462,-0.318102532934679,-1.78801388216297,-1.2290375751628,-0.349806731437373,-1.12721956879926,1.675,-1.09749809014515,-0.706304347826087,1.78080568720379,0.120999052923723,0,1.32514008482684,-1.63874421070692,-1.59280538187325,-0.802315785379706,-1.40124756284343,0.112011202552728,-1.26333542756813,-0.068459189349483,0.562294033756724,0.0421477010487503,0.0799702643258065,17.0000000001,0.00458226163568516,0.120778287557659,1987.0000000001,1.53477174894547,1.53935401048115,0.0469942486523633,0.501648013935794,0.333677757412047,-0.547906602403878,-1.27542736115486,-0.544803013839309,-0.73919568592027,-0.790040653063025,-0.310485748212926,-0.33859457547767,-0.505177444192655,0.114751390786637,507.0000000001,2.32715820322417,0.114751390786637,507.0000000001,2.32715820322417,0.68743668170766,1.3272333781533,1e-10,-1.55087242666217,-1.3685628741484,-1.3358331945421,-0.855518839804278,0,-5.6839949625603e-14,66030483505073,62092829529539,58969683140103,-1.57352084458059,-0.12676829946691,0.331677339752089,-0.423191750314568,0.40776843878399,1.59894259577895,1.51821168251498,1.30128403000727,1.5279870713936,-2.68343683401786,0.424333396179882,-0.211618241369851,1987.0000000001,0.191176470688235,0.000139889808379168,0.0468543587439842,0.0710447696116437,0.0710447696116437,0.827545100034117,0.555682892837294,5071.76517254136,0.0312499339939208,40,2,"SNETWORK (2 37 5071.76517254136 0.827545100034117 40 40)",452215.405191777,4500729.40519178
37,41,0.225509077689039,78,0,0,0,0,0,0.225077518626236,0.21254200560257,0.0716827124350001,-0.103504628939157,-1.10625414639034,0.19118163436874,0.541769645245431,-1.10625414639034,-1.10625414639034,-0.244572692776912,-2.12190846635929,-1.58058028196552,-0.431566420079655,-1.32506117390938,1.675,-1.09749809014515,-0.706304347826087,1.78080568720379,0.225509077689039,0,0.298669400203115,0.982727983029114,0.989974116300917,-0.198225947147108,1.02769472614108,0.219023618117166,-0.383728876974699,-0.103753919926409,-0.118830620316224,0.0474957945197976,0.0799702643258065,579.0000000001,0.17586960250245,0.0819085963690202,2577.0000000001,1.34989803029219,1.52576763269464,0.0307216171450868,0.370704266936319,-0.976980292104285,0.543613671892257,-0.909024795173749,-1.16740546753894,-0.408180036020916,-1.08293543623585,-0.101831630392116,-1.07139330089363,-1.47758272058494,0.0248763714430851,846.0000000001,0.841816406349701,0.0248763714430851,846.0000000001,0.841816406349701,0.137680461756348,0.274460167360498,1e-10,0.683550186670194,0.902476495310595,0.12878986578768,1.25568199645613,-8.8817926673388e-15,-5.6839949625603e-14,60593771480745,56980329741438,54114331969246,0.423744845228405,-0.217328223066355,-0.473917841613513,0.0743494102640869,0.366693406126338,0.00610716024616072,-0.0172585153109083,-0.169314950065917,0.0327732616072701,-0.389190234358942,-0.62814326734016,0.0824016256041155,2577.0000000001,1.29901960794314,0.00354116738319565,0.0271804496618912,0.0169501310046112,0.0169501310046112,0.921079811080984,0.451372814073693,5166.71383682052,0.0312499339939208,41,2,"SNETWORK (2 37 5166.71383682052 0.921079811080984 41 41)",452182.5,4500660.67209064
37,42,0.232660996644856,79,0,0,0,0,0,0.25070932481751,0.227106364244037,0.0892287528233037,-0.111059757504404,-1.18376448577937,0.215857312314281,0.721905570537814,-1.18376448577937,-1.18376448577937,-0.321469716223966,-2.20395184665074,-1.66146572753356,-0.448487817760807,-1.37519266473827,1.675,-1.09749809014515,-0.706304347826087,1.78080568720379,0.232660996644856,0,-0.157799610542727,1.00899814256897,1.01676470496363,0.356289012575608,1.0573712560653,0.230415947423142,0.636901138059816,-0.108283905028189,-1.51266563318889,0.54336639040764,0.0799702643258065,616.0000000001,2.14057547786469,0.0873562940429431,2615.0000000001,1.46090829873475,3.60148377649944,0.0722161640466646,0.526835775405533,0.22881084046872,0.463745823172395,-0.409059523828917,-0.699664664583592,0.329407323177079,-0.640895394450775,0.357015858357172,-0.460140442310815,-0.647336749278256,0.00930466518249641,697.0000000001,0.259414062599908,0.00930466518249641,697.0000000001,0.259414062599908,0.749421234393309,0.622320218166111,1e-10,1.73757035464608,1.59851227501292,0.128384699009947,1.95238071646908,5.49117464842159,2.99503588650897,170032207801369,159892527407133,151850249845412,-0.431096125782842,-0.0846081853580529,0.516722250889727,0.231635309130365,-0.933295172340201,-0.796156124698358,-0.657132661399698,0.330531509277691,-1.22998972188789,0.138144558172004,0.205962173224352,1.8745470812072,2615.0000000001,0.812091503367974,0.0429223506865299,0.0292938132601347,0.00520171396865009,0.00520171396865009,0.93241003580128,0.801748455909546,5178.2153392161,0.0312499339939208,42,2,"SNETWORK (2 37 5178.2153392161 0.93241003580128 42 42)",452183.5,4500650.41322893
37,43,0.261277540677242,81,0,0,0,0,0,0.253109016417784,0.237504275826908,0.0161007554488793,-0.154120195897907,-1.29193725700462,0.301521817058762,-0.296588659015986,-1.29193725700462,-1.29193725700462,-0.187949318451399,-2.26094568167556,-1.79882043181355,-0.723024610411179,-1.28406969816708,1.675,-1.09749809014515,-0.706304347826087,1.78080568720379,0.261277540677242,0,-0.254033588520591,1.50011095642675,1.52057422085887,0.59012058269986,1.63498622414535,0.260761463933739,1.16737315551442,-0.155084629362702,-1.34483711561538,0.353367156003707,0.0799702643258065,414.0000000001,0.935585719269916,0.0993844731107681,2071.0000000001,1.31630248149321,2.25188820066312,0.0417854286587398,0.385173595557404,0.410514527755018,0.166310778618949,0.624210132898443,0.288286802865969,0.49564150857147,0.266578129312092,0.425834151369066,0.326139050772537,0.456362018344596,0.0924951036101541,357.0000000001,1.32083007822453,0.0924951036101541,357.0000000001,1.32083007822453,0.128414785580338,0.0506498749614662,1e-10,1.09925258948578,1.28619254729494,-0.772802709085905,2.07440471767129,0.436354393556579,0.436356474268344,148627949309713,139764687912723,132734800827009,-0.192655914420643,-0.0620264146068722,0.384748455272262,-0.0555199267263055,0.254460789157136,-0.360777019058634,-0.273180053247048,0.456904252656576,-0.70806778890905,0.311096345656052,-0.0778174663357803,1.57523702136611,2071.0000000001,0.299019607943137,0.0173604756307066,0.0244249529280332,0.0245089657887571,0.0245089657887571,0.954757071160029,0.225034494767897,5200.90019208157,0.0312499339939208,43,2,"SNETWORK (2 37 5200.90019208157 0.954757071160029 43 43)",452184.5,4500629.79944388
