"rid","pid","elevation.min","WS_ID","ws_mi60_mean","ws_accum_precip_mean","ws_10.min.storm.accum_mean","ws_30.min.storm.accum_mean","ws_60.min.storm.accum_mean","ws_sbs_mean","ws_dnbr.BAER_mean","ws_dnbr.extended_mean","ws_flow.accum_max","ws_slope_mean","ws_aspect.northness_mean","ws_aspect.eastness_mean","ws_slope.northness_mean","ws_slope.eastness_mean","ws_bare.earth_mean","ws_ndvi.max_mean","ws_ndvi.mean_mean","ws_ndvi.min_mean","ws_ndvi.range_mean","ws_RV.Sand","ws_RV.Silt","ws_RV.Clay","ws_Kw","ch_elevation.min","ch_watershed","ch_valley_width","ch_area","ch_channel_width","ch_channel.width.over.valley.width","ch_ch_area","ch_elevation.mean","ch_slope.median","ch_flow.accumulation.max","ch_curvature.median","ch_sfm.erosion.mean","ch_sfm.resolution","ch_sfm.erosion.count","ch_sfm.erosion.sum","ch_sfm.deposition.mean","ch_sfm.deposition.count","ch_sfm.deposition.sum","ch_sfm.net.change","ch_sfm.net.change.norm","ch_distance.upstream","ch_distance.downstream","ch_slope.upstream","ch_slope.downstream","ch_central.slope.difference","ch_slope.over.width","ch_change.in.slope.over.width","ch_stream.power","ch_slope.over.width.central.diff","ch_stream.power.central.diff","ch_lidar.erosion.mean","ch_lidar.erosion.count","ch_lidar.erosion.sum","ch_lidar.deposition.mean","ch_lidar.deposition.count","ch_lidar.deposition.sum","ch_lidar.net.change","ch_lidar.net.change.norm","ch_lidar.resolution","hs_area","hs_hillslope.length","hs_flow.accumulation.max","hs_elevation.range","hs_mi60.mean","hs_accum.precip.mean","hs_storm.accum.10.min","hs_storm.accum.30.min","hs_storm.accum.60.min","hs_slope.median","hs_northness.median","hs_eastness.median","hs_curvature.median","hs_bare.earth.mean","hs_ndvi.max","hs_ndvi.mean","hs_ndvi.min","hs_ndvi.range","hs_dnbr.BAER.median","hs_extended.dnbr.median","hs_drainage_density","ch_sfm.net.change.count","ch_sfm.erosion.norm","ch_sfm.deposition.norm","ratio","snapdist","upDist","afv_flow_accum","locID","netID","netgeom","X","Y"
28,1,0.277470972286868,42,0,0,0,0,0,0.791891631106128,0.658825285241036,0.774489072370765,-0.528545720545913,-0.534434405943499,3.61846625488635,0.00319008766439312,-0.534434405943499,-0.534434405943499,0.19481884011024,-0.333316171356712,-0.232017515637845,0.600332630800122,-0.339636500899657,0,0,0,0,0.277470972286868,0,0.441912831174202,-2.05325063745597,-1.89116692314915,-0.645296224938389,-1.37323603382698,0.288683359387684,0.339747003742515,-0.743572460948357,0.549547345657382,5.14118339758784,0.0399850261056294,9255.0000000001,76.073655427335,0.113039063867714,4622.0000000001,0.835320728725157,76.9089761559602,1.67630686516822,-0.473505350883444,0.221430291924439,0.12985426981868,0.546269432982066,0.657195192850576,1.14889233751956,1.27401473408358,0.987648794859987,0.269969378970362,0.660381596523652,0.00384254465566406,640.0000000001,0.0983691407250241,0.00384254465566406,640.0000000001,0.0983691407250241,0.21783071657717,0.130422641688675,1e-10,-0.381820863348397,0.0472041396637255,-0.0243098468984951,0.0295644861777793,0,-5.58259679756808e-15,0,3.49107413476081e-14,0,-0.119495768356397,0.340130054017728,0.0143255665082288,-0.204638799526313,-1.77458187270986,0.494432327691047,0.664652194505294,0.366893820110941,0.474317510130793,0.51254259044708,0.843746828872324,-0.33305031690333,9255.0000000001,1.65810022727485,0.018206637793363,0.0214139381054678,1.46218169759959,1633.15570130755,0.125,1,2,"SNETWORK (2 28 1633.15570130755 0.0214139381054678 1 1)",454472.813561613,4499938.5
28,2,0.335180456140792,43,0,0,0,0,0,0.819843231431434,0.664170970187926,0.752750585367338,-0.532738974249782,-0.540941092367953,3.5569622993404,0.0197357521085685,-0.540941092367953,-0.540941092367953,0.236162420778855,-0.370583211297233,-0.275684935934805,0.588729578807834,-0.369304152161452,0,0,0,0,0.335180456140792,0,-0.175143079605542,-1.18333264894368,-1.12356693459082,-0.0732426879528097,-0.894932386254792,0.339933324952284,0.0881481250361834,-0.751483545500028,0.676958727144854,1.37347852421275,0.0399850261056294,10355.0000000001,22.7387581213413,0.163995509446892,8783.0000000001,2.30287096636435,25.0416290876056,0.415366044121005,-0.20246660447593,-0.648061828007202,0.0238393889423883,0.455039011053193,0.702258982178644,0.537127806825044,1.05937899260068,0.140063890562629,2.01516618169456,1.22457186571613,0.0458136665496528,936.0000000001,1.71526367197542,0.0458136665496528,936.0000000001,1.71526367197542,0.0638055210804326,0.0296570742798769,1e-10,-0.359939161209973,-0.0240569133231905,-0.0258168679379206,0.126302512175467,0,0,0,0,1.68537717768233e-14,0.418009486244365,0.565112806796337,-0.0221399625121318,-0.931134315542266,0,0.23628889832079,0.397642975372233,0.610048936312815,0.128385039628932,0.521665758999822,0.736091076496274,-0.534122727897918,10355.0000000001,0.377168273428464,0.0381977705925413,0.0524352487703358,1.23115622692138,1657.7829714198,0.125,2,2,"SNETWORK (2 28 1657.7829714198 0.0524352487703358 2 2)",454458.5,4499923.5
28,3,0.377819430641692,44,0,0,0,0,0,0.796433294640764,0.648932934892812,0.714696011445522,-0.537097073308103,-0.555653474990928,3.48132951521373,0.0368884456763482,-0.555653474990928,-0.555653474990928,0.230002790678164,-0.401747854882603,-0.311150728609097,0.568765407956073,-0.392380210837566,0,0,0,0,0.377819430641692,0,-0.303244415820383,-0.475569879492315,-0.461594096745203,0.290992320029079,-0.399236797316318,0.380037765061456,0.00199326668310288,-0.754686891989549,-0.0877786409344732,0.501829391433638,0.0399850261056294,9834.0000000001,7.89007376034692,0.0923829365570111,13393.0000000001,1.97817357878235,9.86824733902928,0.131191644841164,-0.023644289539634,-0.392329727236012,-0.0927399624746825,0.110521760025407,0.40960303090032,0.184107716813713,0.495246858175052,-0.384761171305413,0.858788551355883,0.466516127328288,0.030768511633347,1222.0000000001,1.50396484385037,0.030768511633347,1222.0000000001,1.50396484385037,0.370468875977479,0.213517935501311,1e-10,-0.0274089308726981,0.35043317860083,0.157448861685945,0.404716022564031,0,-5.58259679756808e-15,1.78071447618183e-14,1.74553706738041e-14,0,0.543172934137606,0.659972797047037,-0.139379074326653,0.0275630655504908,0.0528135985200035,-0.19700714459614,0,0.0744693624469884,-0.219767000613101,0.0386169467570702,-0.137599635880073,-0.534122727897918,13393.0000000001,0.10489317081185,0.0262984739293138,0.0788734696981737,0.781533486047736,1678.77180761409,0.125,3,2,"SNETWORK (2 28 1678.77180761409 0.0788734696981737 3 3)",454447.901292285,4499906.90129228
28,4,0.418653214748468,45,0,0,0,0,0,0.798764413977125,0.640986032007583,0.714696011445522,-0.544360571738638,-0.585728858550884,3.33208617884531,0.0834076775733998,-0.585728858550884,-0.585728858550884,0.207545319809692,-0.434206572472927,-0.348342417453593,0.559995977072604,-0.418447993352911,0,0,0,0,0.418653214748468,0,-0.291757295001061,-0.286669741333065,-0.27977307399635,0.321639033461404,-0.247621050256562,0.416913383443616,-0.0927469945444875,-0.757890238479071,0,0.219180904122635,0.0399850261056294,8176.0000000001,2.8650906165003,0.0841769663151117,22366.0000000001,3.01006833886435,5.87515895526465,0.0736353034787835,0.0623436128805942,-0.223606226003944,1.24191179916995,-0.00745108275954211,-1.71347177342575,0,-2.05563456454113,-0.677640326868298,-1.34994148781263,-0.890847906584412,0.111077175110629,1470.0000000001,6.5313378907266,0.111077175110629,1470.0000000001,6.5313378907266,0.394973180347713,0.127029575560948,1e-10,0.679452656337167,0.70516004753912,0.153365878472807,1.83525454609159,1,0.999999999999994,0,1.74553706738041e-14,0,0.587348907303206,-0.488771620056055,1.08617290934599,-0.470087954173608,0.224602730889049,-0.656974333627749,-0.49062828337785,0.419645016051446,-0.814458303807197,0.440036451329547,-1.08102388922128,1.5438955581385,22366.0000000001,0.0359091249030605,0.037726178475723,0.106721447484493,0.623204074098745,1700.87982485529,0.125,4,2,"SNETWORK (2 28 1700.87982485529 0.106721447484493 4 4)",454438.339631187,4499889.33963119
28,5,0.522737851131546,47,0,0,0,0,0,0.781518598189906,0.618008082970435,0.786811345619692,-0.574465454595408,-0.747530095963052,3.22908977717345,-0.0147905099756055,-0.747530095963052,-0.747530095963052,0.0973337003485964,-0.447117421009104,-0.354518954493423,0.521721914346667,-0.422937531666994,0,0,0,0,0.522737851131546,0,-0.530414326719407,1.02188486574227,1.0314855076767,1.34066064275583,1.08391644354162,0.538303975503002,1.06021688949039,-0.786775946411696,-0.36595129473683,0.128356038545559,0.0399850261056294,26251.0000000001,5.38712338076609,0.0507074973236022,19437.0000000001,1.57578214729535,6.96290552796144,0.0580737820436162,-0.340073194943607,0.896082563780687,1.60957273761537,1.34801395917305,-0.451569056968383,0.556093027011062,-0.342025710293475,0.102827580479428,0.286089686081131,0.107495497901018,0.0779202998830928,1628.0000000001,5.07416992197625,0.0779202998830928,1628.0000000001,5.07416992197625,0.256163519655255,0.0474255241313872,1e-10,-0.212266239249253,0.288773534267501,-0.0376864035871409,1.0080375600014,0.957927376063805,0.957927376063802,0,1.74553706738041e-14,0,0.818659627320985,-0.745551386652671,1.23562814107556,0.626983772855736,0.251897569004302,-0.491455425888225,-0.313857651320899,0.273001966880581,-0.594932778003205,0.440810623153675,-0.0976479917089027,-0.301226238179338,26251.0000000001,0.044931045992268,0.0131427359513482,0.164599870341686,0.440287738107145,1746.82848153115,0.125,5,2,"SNETWORK (2 28 1746.82848153115 0.164599870341686 5 5)",454414.608818821,4499855.5
28,6,0.630426578440869,49,0,0,0,0,0,0.773573386061879,0.622152122073639,0.876223831950114,-0.594569719282098,-0.869069197949667,3.32417519278153,-0.136492886098902,-0.869069197949667,-0.869069197949667,0.0135163826000283,-0.461496622372284,-0.363576854642717,0.536597218222011,-0.4376545949888,0,0,0,0,0.630426578440869,0,-0.317613024211623,0.596499936147801,0.596006081681905,0.63714388561489,0.59097157393776,0.636890581683265,1.03072837376888,-0.802205514481072,-0.376319179933726,0.660776610394759,0.0399850261056294,22917.0000000001,24.2106914036776,0.100017104137972,10320.0000000001,1.65024618898572,25.8609375925633,0.246181065888271,1.60416008760828,0.100360715240534,0.991003848404535,1.75714525971189,0.951476998327469,0.692738885623714,0.866900128370826,0.265660655438153,0.76225336518166,0.427299359740328,0.0781524899499016,1270.0000000001,3.97014648447597,0.0781524899499016,1270.0000000001,3.97014648447597,0.150994368231101,0.0479829732243081,1e-10,0.750781404497092,0.608271765443828,0.138000192876792,1.85820398724642,0.810664902362653,0.810664902362644,-1.78071447618183e-14,0,0,0.539799905578544,-0.579800978388861,0.687474043706798,-0.166218414102341,0.239613625935086,-0.610178798124733,-0.419656391504262,-0.256519858452621,-0.59602505775012,0,-0.0472601625110332,0.465877272337476,22917.0000000001,0.23047168308935,0.0157093826989211,0.219042592437304,0.988108776276931,1790.04959611201,0.125,6,2,"SNETWORK (2 28 1790.04959611201 0.219042592437304 6 6)",454399.5,4499820.01512124
28,7,0.685431421634609,50,0,0,0,0,0,0.752310131702242,0.646371102759906,0.933350946557114,-0.618863803394441,-1.02477246683764,3.5642729821351,-0.324608899989675,-1.02477246683764,-1.02477246683764,-0.0931574369628545,-0.478754881385316,-0.374659331608016,0.589259455016328,-0.461203585004344,0,0,0,0,0.685431421634609,0,-0.511487976604812,0.820214407263143,0.824007745303578,1.20452550250184,0.842157073934529,0.705473198939043,0.787976482627361,-0.834058313413753,0.117355895560922,0.951243167562285,0.0399850261056294,28437.0000000001,43.2484048652598,0.0971490609071381,8480.0000000001,1.31713176693172,44.5655366320915,0.395733642110369,-0.88575950502762,1.31226950589855,0.303874201415224,1.40120778309593,1.50815270443014,0.452881810635151,1.28340164017401,-0.134935564721024,1.28747325882225,0.723998329964802,0.0443448519451891,1216.0000000001,2.15693359385053,0.0443448519451891,1216.0000000001,2.15693359385053,0.0217320928221071,0.0331834498056716,1e-10,0.4607314882716,0.800632191712534,0.129993173892802,2.23479205353702,1.02017670989266,1.02017670989265,1.78071447618183e-14,1.74553706738041e-14,0,0.320082145925546,0.367864310189197,-0.060397418563548,-0.10802001359297,0.215611968517304,-0.583873153151072,-0.368225470800906,-0.415867638083875,-0.527620136276979,0.297482692751611,0.224066057620418,0.219481594811549,28437.0000000001,0.384037757914996,0.0116958840953729,0.249015910353644,0.618733209712945,1813.84488330863,0.125,7,2,"SNETWORK (2 28 1813.84488330863 0.249015910353644 7 7)",454392.937931721,4499798.93793172
28,8,0.7632370145799,51,0,0,0,0,0,0.872812897790481,0.693613668302966,0.909854848311499,-0.634101695846584,-1.09332692623904,3.32980103855165,-0.231046648066123,-1.09332692623904,-1.09332692623904,-0.159907960969357,-0.49389540626404,-0.389463203410472,0.649307907301906,-0.484199664774014,0,0,0,0,0.7632370145799,0,-0.482216976144072,1.26615229510836,1.28513411900762,1.2955689903789,1.39758484481255,0.770220219615035,0.229568484455424,-0.84452999054978,0.318743114741253,0.117122949804983,0.0399850261056294,25507.0000000001,4.77635006410691,0.154909903724293,13178.0000000001,3.26379935754688,8.04014942155379,0.062159870209704,-0.992695143092433,-1.03703433576972,0.177123990495101,1.0688048143391,1.33519206578894,-0.134794623373715,1.00060134864661,-1.06057251429944,0.595615827880536,0.28463406729099,0.0864683252174544,1756.0000000001,6.07353515635149,0.0864683252174544,1756.0000000001,6.07353515635149,0.351362942142171,0.0679478877035915,1e-10,-0.378779128773422,0.305944915644792,0.12807070561969,0.682547913527907,0.585875290739665,0.585875290739656,-1.78071447618183e-14,1.74553706738041e-14,-3.37075435536466e-14,0.493410742923847,-0.130551983726645,0.39102492394453,-1.1558101974147,0.251897569004302,-0.244142874452336,-0.0969126282708412,-0.0756355582175849,-0.235013679291335,0.649048246942731,0.907407220681871,0.0399667363485443,25507.0000000001,0.0369268385466724,0.0252330315630316,0.275359535131981,1.87513744965465,1834.7586212922,0.125,8,2,"SNETWORK (2 28 1834.7586212922 0.275359535131981 8 8)",454380.099433241,4499785.09943324
28,9,0.816697696652535,52,0,0,0,0,0,0.872812897790481,0.693613668302966,0.887142159621588,-0.63804081296234,-1.11541079538025,3.32275839920545,-0.239653048390795,-1.11541079538025,-1.11541079538025,-0.178649613295349,-0.510186205065326,-0.406448969836953,0.650215924214017,-0.498178888291493,0,0,0,0,0.816697696652535,0,-0.585524845218179,0.189817323451334,0.187694608483959,1.17779188415437,0.17641580376193,0.808223096362487,0.126562695289005,-0.857332953471566,-0.571227596411846,0.0895773564658792,0.0399850261056294,16720.0000000001,2.39457960930439,0.165070435390491,16272.0000000001,4.29442475603347,6.68900436523786,0.0722661766754527,2.9769680322037,-1.13793088924074,1.47177691681651,0.304170291835227,-1.56368072684134,0.106284635068975,-1.60738293656406,-0.699323417256566,-1.63319403455341,-0.959410848647844,0.0942085885712838,1628.0000000001,6.13486328135151,0.0942085885712838,1628.0000000001,6.13486328135151,0.35720505259527,0.0865309513327258,1e-10,2.0514407475843,1.73714483020633,0.126078754971913,4.90069023510038,1.44487253905337,1.84715994169946,1.66138994863033,1.56482227327529,1.36097479084675,-0.0514168540743381,0.249836117377637,0.194737018467509,0,-0.411150896807803,-0.707097766126468,-0.474471528739552,0,-0.766610506997352,0.251706161442044,0.209432599622234,0.528932869226996,16720.0000000001,0.0258703842031618,0.0463957923722909,0.301910900156109,1.31105817365075,1855.83728058426,0.125,9,2,"SNETWORK (2 28 1855.83728058426 0.301910900156109 9 9)",454369.144317785,4499769.14431779
28,10,0.853150591876014,53,0,0,0,0,0,0.854761230607049,0.721700940976878,0.857134656654387,-0.835322925180815,-1.82490207998769,-0.550914423757827,-0.245627577801105,-1.82490207998769,-1.82490207998769,-0.306860154930121,-0.543297737417488,-0.423578274994023,0.719294647296375,-0.537955020315011,0,0,0,0,0.853150591876014,0,-0.957595149613162,0.218808534474984,0.216527322760001,2.78455912070842,0.204279904419661,0.87446433875868,1.17868517622429,-0.879978737005948,-0.401473521748279,0.187803967460435,0.0399850261056294,36972.0000000001,11.1012650666176,0.0484571688605304,4878.0000000001,0.37791540672356,11.4791804732411,0.122903417956374,1.17550683666608,2.60754947704674,1.48785851094654,0.163123274829307,-1.67816171408135,0.924315206865283,-1.70863305942305,0.428334464678688,-1.57279480910984,-0.572700640259671,0.031621576765522,1456.0000000001,1.84164062510045,0.031621576765522,1456.0000000001,1.84164062510045,0.402635833819396,0.215566000651854,1e-10,0.968487143243496,1.01525400494863,0.0518046263921668,2.87744648050173,1.01758816235227,1.01758816235226,0,3.49107413476081e-14,0,0.657419062130244,0.679808782128816,0.769802238612224,-0.596421767465834,0.251897569004302,-0.393218317054102,-0.265974728492013,0.637925220179458,-0.57598843093558,0.190942098887636,0.502619322892084,0.706562095922941,36972.0000000001,0.1188572147983,0.00404620305807487,0.333252781741395,0.322539458550009,1880.71904628287,0.125,10,2,"SNETWORK (2 28 1880.71904628287 0.333252781741395 10 10)",454350.5,4499755.5
28,11,0.937010176996717,54,1.26666641235352,9.66665649414062,0,0,0,0.776549704693112,0.74813683931539,0.771233671283773,-0.869665707358285,-2.21015523501459,-1.87692329443485,-0.733281723199247,-2.21015523501459,-2.21015523501459,-0.54269113422163,-0.660188896618157,-0.515985927192534,0.491906246554741,-0.598738801034393,0,0,0,0,0.937010176996717,0,-0.666759770559068,-0.0950702150295375,-0.093284478365635,1.32287101620675,-0.0845555005029958,0.956073503246374,1.19175416666141,-1.05793123575518,-0.880019277920532,0.234273973910094,0.0399850261056294,33905.0000000001,12.6993811665883,0.053277160709793,5271.0000000001,0.448981920329151,13.1483630868175,0.155235735426433,2.64362982341438,0.907824024140633,1.25411746972551,1.60380674186273,0.373867086265976,1.05230430907601,0.408579460931571,0.181617993371476,-0.152017373545405,0.252355235542587,0.0293103067848706,1236.0000000001,1.44910156260036,0.0293103067848706,1236.0000000001,1.44910156260036,0.365242605830106,0.2100170322058,1e-10,-0.938085256075839,-1.06239727173046,0.0359262197670416,-0.859353211169896,2.03293190255775,2.03293190255774,1.78071447618183e-14,0,-1.68537717768233e-14,0.724298000468773,0.0870807843472605,0.978680887129226,2.02168962721973,0.251897569004302,0.469163866317482,0.425792056671574,0.600962141098526,0.388653565454912,0.830667752721352,1.59547446575203,0.606093382296908,33905.0000000001,0.14993484440371,0.00530089092272294,0.362061008533933,0.470532529987395,1903.5893882339,0.125,11,2,"SNETWORK (2 28 1903.5893882339 0.362061008533933 11 11)",454331.771793673,4499745.5
28,12,1.02705269646384,55,1.26666641235352,9.66665649414062,0,0,0,0.740898667530622,0.702728609083273,0.731086210516816,-0.871382846467158,-2.23293081478885,-1.89584071046978,-0.764043083453274,-2.23293081478885,-2.23293081478885,-0.55584275012811,-0.683747589419748,-0.538250542875812,0.481404447265461,-0.616959926302163,0,0,0,0,1.02705269646384,0,-0.498680142689055,-0.308860112761002,-0.301238284186971,0.757491543701025,-0.265892307202048,1.04632995374461,1.00180039666945,-1.09341125132025,-0.477150615293038,0.0835083028253543,0.0399850261056294,25116.0000000001,3.35331921046655,0.0410143219075667,8805.0000000001,0.577377240689111,3.93069645105566,0.0496069139179547,-0.17537870357451,2.29303621453028,1.7798834577549,1.62170226143839,-0.326660749897724,1.01485607839185,-0.40830562344736,0.0341522634253591,-0.185472173160373,0.0630999043172019,0.0465385922822742,1196.0000000001,2.22640625010055,0.0465385922822742,1196.0000000001,2.22640625010055,0.0151141352164794,0.0279166501625196,1e-10,1.3306629475262,0.807503038868288,-0.150444876628243,2.20493325391542,2.03293190255775,2.03293190255775,1.78071447618183e-14,1.74553706738041e-14,0,0.28315214043431,0.42019902161114,0.653245199629489,-0.420232241141491,0.227358033933993,-0.529527144982904,-0.397228806562764,0.548307996025349,-0.704942451917727,0.149837321295796,0.206374752001532,0.784833617242406,25116.0000000001,0.0423201890932844,0.00728672472467033,0.393994832071221,0.109514788729084,1928.94108618329,0.125,12,2,"SNETWORK (2 28 1928.94108618329 0.393994832071221 12 12)",454309.372431332,4499746.62756867
28,13,1.11490634395481,56,1.26666641235352,9.66665649414062,0,0,0,0.59518964460282,0.690022911404306,0.632106209191721,-0.933045311866805,-2.7898235244292,-3.84419414558625,-1.5060912150452,-2.7898235244292,-2.7898235244292,-1.04440475784226,-0.848450682473272,-0.636937040089499,0.0448669945084391,-0.682979448888357,0,0,0,0,1.11490634395481,0,-0.560255678921619,0.0141954215121777,0.0139706485272932,1.03681111927723,0.012839259100327,1.13014214204824,1.42907337807663,-1.15584871310245,-0.358798290070745,0.0953566711419272,0.0399850261056294,21588.0000000001,3.29123017575047,0.0545448861815623,13628.0000000001,1.18845004003098,4.47968021568145,0.0511185374917476,-0.179228380831775,-0.366771588797065,1.50355306309991,1.36159636988401,-0.290872013504798,1.14587909320354,-0.322842979126614,0.0200029679078731,-0.0814527230737628,0.0339386039798102,0.111305084183055,1049.0000000001,4.67036132822615,0.111305084183055,1049.0000000001,4.67036132822615,0.21769675735659,0.127576746710164,1e-10,-0.724074192645197,-0.809444851574061,-0.153979817203255,-0.426228933814512,2.03293190255775,2.03293190255774,0,3.49107413476081e-14,0,0.973047510706467,-1.12495494351782,1.04360829510928,0.92327387032979,0.251897569004302,0.0494274591922654,-0.00495775600741294,0.416928168060775,-0.0310829450278647,0.10966709922722,0.69657652037822,-0.18332820334172,21588.0000000001,0.0375568935062922,0.0135616438854554,0.4203502812364,0.502615977078676,1949.86421133852,0.125,13,2,"SNETWORK (2 28 1949.86421133852 0.4203502812364 13 13)",454289.639106192,4499749.5
28,14,1.20159951190671,57,1.26666641235352,9.66665649414062,0,0,0,0.596103950999453,0.719681430006281,0.583741534102675,-0.935401226724179,-2.83623566306756,-3.79717714350098,-1.56674156456207,-2.83623566306756,-2.83623566306756,-1.06667770715108,-0.869910925562834,-0.653843083671429,0.035227479480626,-0.699563892944192,0,0,0,0,1.20159951190671,0,-0.570205083063279,-0.110199151337309,-0.108083873672401,1.01886041944025,-0.097784248611502,1.22058628687152,1.20450862062591,-1.15723845127578,-0.107440479795541,0.0923156802851591,0.0399850261056294,24003.0000000001,3.54271131736168,0.103664848536487,4626.0000000001,0.76671138319404,4.30942270045572,0.0511195712077242,2.04795405906979,-0.370403859331593,0.872405487189976,1.94666619908887,1.36019931413123,1.06580833437181,1.52128879756178,-0.0900317317500113,1.30515176313551,0.399790166089443,0.0295191837172614,1163.0000000001,1.37323242197534,0.0295191837172614,1163.0000000001,1.37323242197534,0.0963873803972034,0.0687773725741668,1e-10,-0.523215378507451,-0.36901541938585,-0.181718161646817,0.0970183245156091,2.03293190255775,2.03293190255774,-1.78071447618183e-14,1.74553706738041e-14,-1.68537717768233e-14,0.896101042575794,-0.769918273388528,0.997053984357452,1.40104994205021,0.251897569004302,0.206890590298779,0.0472460451891401,0.800158161507997,0.0489750841403961,0.346568978985738,0.616013865244068,0.401058227664387,24003.0000000001,0.0420246273548308,0.00909494375289343,0.446214476088401,0.52197536546737,1970.39733837939,0.125,14,2,"SNETWORK (2 28 1970.39733837939 0.446214476088401 14 14)",454269.934406276,4499751.5
28,15,1.30890455763401,58,1.26666641235352,9.66665649414062,0,0,0,0.554254065141673,0.704629519306854,0.575646979926055,-0.93864661963995,-2.89208415991434,-3.76103248278595,-1.64594943868391,-2.89208415991434,-2.89208415991434,-1.09745415794839,-0.910236792318934,-0.682560517262701,-0.00418820219941596,-0.727129406616267,0,0,0,0,1.30890455763401,0,-0.621449364896959,0.310391278037634,0.307891809567141,1.33776166599276,0.293954871421703,1.31166258594058,0.691595437561895,-1.16027155483907,-0.353617992096953,0.0946760270440847,0.0399850261056294,35518.0000000001,5.37629750627389,0.0642382064129751,6972.0000000001,0.716053628823315,6.09235113499721,0.0633950849308761,-0.0948510261215064,1.73100065093123,1.56023323007479,1.63916708258865,0,0.565930798358705,0,-0.782824977573836,0.329385242800158,0.066918873820544,0.0436505923286786,1366.0000000001,2.38506835947559,0.0436505923286786,1366.0000000001,2.38506835947559,1e-10,0.0348502497631137,1e-10,0.06138316443475,-0.268561991958662,0,0.286170771872044,2.03293190255775,2.03293190255775,1.78071447618183e-14,3.49107413476081e-14,1.68537717768233e-14,1.03931938712443,0,1.29510941987277,-0.676042664610497,0.251897569004302,0.0262810094792642,-0.091190237738968,0.944544205950318,-0.186715448568734,0.27678444274975,-0.0221826748449382,-0.00739838179783133,35518.0000000001,0.0559440565609606,0.00745102826991556,0.476560611638688,1.71655216870762,1994.48859890457,0.125,15,2,"SNETWORK (2 28 1994.48859890457 0.476560611638688 15 15)",454247.5,4499753.5
28,16,1.37382851320242,59,1.26666641235352,9.66665649414062,0,0,0,0.489901979350306,0.693273307766563,0.54130685478194,-0.946655356443736,-3.05196790409985,-3.89757375523561,-1.90169275601784,-3.05196790409985,-3.05196790409985,-1.17409567284186,-0.99235085725209,-0.737403348833556,-0.11289397504755,-0.778451275376683,0,0,0,0,1.37382851320242,0,-0.533678316600082,0.266013278129012,0.263566269453628,1.05577343130985,0.250185319798628,1.39066457762214,1.25057075564682,-1.1697113513814,0.0059395590454385,0.0780811822811721,0.0399850261056294,30026.0000000001,3.74833696650508,0.0497851276381294,10884.0000000001,0.866329140318262,4.61466610672334,0.0486867290545691,0.213345712897525,-0.290791632432012,1.77568405230819,0.936829135958206,-1.24750594098844,0.948621773849201,-1.25105292342828,-0.286526196152339,-1.12285071522477,-0.45166019751191,0.0623461897280954,1373.0000000001,3.42405273447584,0.0623461897280954,1373.0000000001,3.42405273447584,0.0989735375723012,0.0100347188386604,1e-10,-0.835618840293232,-0.929903210423543,-0.00247869841548425,-0.390925335482289,2.03293190255775,2.03293190255774,-1.78071447618183e-14,0,0,1.19382220004505,-0.523567616630813,0.970399429887701,-0.35249207457818,0.251897569004302,-0.553002259586388,-0.516159219866835,0.0339399928192744,-0.604231499102664,-0.726944069003714,-0.0240842971280214,-0.0362566861154877,30026.0000000001,0.0395465807703455,0.00914014818422357,0.5062329554633,2.48496488695354,2018.04494809068,0.125,16,2,"SNETWORK (2 28 2018.04494809068 0.5062329554633 16 16)",454232.5,4499768.5
28,17,1.48035990590366,60,1.26666641235352,9.66665649414062,0,0,0,0.511240537484523,0.719590307119847,0.592103185596156,-0.94861632930607,-3.10101506148889,-3.88458810509017,-1.95753795943158,-3.10101506148889,-3.10101506148889,-1.19417865033249,-0.997382806026301,-0.736424672565683,-0.114076820246424,-0.782522135034051,0,0,0,0,1.48035990590366,0,-0.452874243030729,0.138185906654918,0.136453189024692,0.7969104977313,0.127403795125485,1.49131919771527,1.42566065734876,-1.17062162988493,-0.446295437347991,0.0904780588569739,0.0399850261056294,34414.0000000001,4.97820978438423,0.0571273464422174,10134.0000000001,0.925592264637558,5.90380204892179,0.0648169384928378,0.903958143531317,0,0.715549091836184,1.70224049617249,1.29233645096139,1.09586911226744,1.34310946058269,-0.0935175901284855,0.96963254224704,0.272592594605602,0.0624665041443777,1414.0000000001,3.53310546885087,0.0624665041443777,1414.0000000001,3.53310546885087,0.109361889073854,0.0103235734100192,1e-10,-0.232376635523055,-0.232649482471155,-0.187951919511114,0.0155075155040118,2.03293190255775,2.03293190255774,-1.78071447618183e-14,0,0,0.311506450182595,-1.14593852249751,0.324033210929864,0.947411314408885,0.251897569004302,-0.755770515565444,-0.706874145989871,-0.199346469260914,-0.771428866979024,-0.508908030709448,-0.602040010765453,-0.534122727897918,34414.0000000001,0.0546550026959268,0.0101619356969109,0.533581032527151,0.646210580271711,2039.75610298604,0.125,17,2,"SNETWORK (2 28 2039.75610298604 0.533581032527151 17 17)",454212.754496864,4499773.24550314
28,18,1.69574050545331,63,1.26666641235352,9.66665649414062,0,0,0,0.430264100338244,0.630355355937651,1.27070264355404,-1.02799280175286,-3.76922195492075,-1.2016216413927,-3.1204226485628,-3.76922195492075,-3.76922195492075,-1.91943343871731,-1.2032145819476,-0.923423626643255,-0.661662990194578,-0.864684635153767,0,0,0,0,1.69574050545331,0,-0.616484508256291,-0.456144392613055,-0.442992183041219,1.02454737673398,-0.384049303937729,1.71204997390527,1.06216658277224,-1.249895769637,0.127161383014999,0.0798116366953051,0.0399850261056294,24777.0000000001,3.1616202379414,0.0502016954101167,8195.0000000001,0.657751893682828,3.81937213152422,0.0504689995670382,0.231934171483846,1.00726377433285,1.37492250283357,0.326790059460585,-1.41477335868613,1.11126964115572,-1.79670801884225,-0.355689800608086,-2.10024484586149,-0.603660405502265,0.0355994999869801,1106.0000000001,1.57492187510039,0.0355994999869801,1106.0000000001,1.57492187510039,0.0771744652399036,0.0541795612387756,1e-10,-0.36725241457051,-0.782405453682221,-0.0512965537360566,-0.501426018709926,2.03293190255775,2.03293190255774,0,1.74553706738041e-14,1.68537717768233e-14,0.625352280620246,0.13842589856109,0.711193134614562,2.18437422557941,0.251897569004302,-0.418186441387264,-0.399478645004375,-0.0557317028454726,-0.432760859270177,-0.0411416983372144,-0.0506047446388066,-0.440634367204368,24777.0000000001,0.0417774976116543,0.00869150185538388,0.619874595997299,1.11185358092189,2108.26303744431,0.125,18,2,"SNETWORK (2 28 2108.26303744431 0.619874595997299 18 18)",454153.46567683,4499779.5
28,19,1.80433182795969,64,1.26666641235352,9.66665649414062,0,0,0,0.455018162122588,0.650147695375631,1.27758159726932,-1.03208989566663,-3.85612896010125,-1.32175860695318,-3.22743250839558,-3.85612896010125,-3.85612896010125,-1.97516028046237,-1.23167852620086,-0.937503751923842,-0.674070304112893,-0.886746698282863,0,0,0,0,1.80433182795969,0,-0.882106819825607,-0.837210726469001,-0.803763249975735,1.86457520775315,-0.665998637361852,1.81938442496602,1.09997473247717,-1.25612527099894,0.548996370864999,0.0703562674989327,0.0399850261056294,22148.0000000001,2.49133466718485,0.0513306921870285,8013.0000000001,0.657607909747249,3.1489425768321,0.0468701865027168,-6.56012648136314,0.0175386937380195,0.416374609762264,1.44425648585153,1.66169571481542,1.28524063790601,2.31495331982519,-0.152738223500813,-5.69830898594388,-1.69974539229934,0.116090010505827,961.0000000001,4.4625000001011,0.116090010505827,961.0000000001,4.4625000001011,0.197895910064519,0.139064545800721,1e-10,-2.36623467231318,-2.34909592101091,-0.0529002916669633,-1.42880768017939,2.03293190255775,2.03293190255774,1.78071447618183e-14,3.49107413476081e-14,-1.68537717768233e-14,0.533389913483533,0.222030713661206,0.782081286220111,8.68351168525026,0.251897569004302,-0.444626677085947,-0.528592027087071,-0.095375766808014,-0.452290412160218,-0.19450541963042,0.325109497920952,5.82496813361518,22148.0000000001,0.0370820735508609,0.00978811285185584,0.646802562075005,0.0140089154991366,2129.64067365489,0.125,19,2,"SNETWORK (2 28 2129.64067365489 0.646802562075005 19 19)",454133.380273604,4499782.6197264
29,20,-0.720211213565974,2,0,0,-2.44440248507735,-2.40935720971628,-2.44493547464259,-0.805785478990285,-0.601890966674422,-0.712841147332832,1.01029596609681,-0.401156984750931,0.189929267342375,-1.35499042751067,-0.401156984750931,-0.401156984750931,-0.708901279690022,1.06132731192974,1.00374926809219,-0.729510936273361,1.06875377849046,-0.282828282828282,0.794439683899836,1.83838383838383,0.513333333333333,-0.720211213565974,0,0.688675014283615,5.98945212526286,6.5340461357425,0.425859944287115,15.6116945410532,-0.692646019841828,-0.490510178519287,0.815977819778754,0.665335985619597,0.051672816755828,0.0399850261056294,30802.0000000001,2.54469547476843,0.100376643331406,158144,25.3793300152213,27.9240254898897,0.050085932931389,-0.430219607842888,-0.0924371782588928,-0.590447892787242,-0.476897894591006,0.365510829165945,-1.58097103729173,0.12754279121462,-3.41762192113516,0.076868690546274,-0.00827659473202195,0.575503710979238,10057.0000000001,231.513632812657,0.575503710979238,10057.0000000001,231.513632812657,21.826761889446,1.24203916536192,1e-10,-3.77114910831081,-4.27368745321553,-2.77778759171295,-1.67966784625626,0,-5.58259679756808e-15,-5.75090104301106,-5.54523048665059,-5.56889375486346,-4.30794026148382,-0.671231597927418,-0.379176727057107,-1.18688595562632,0.251897569004302,0.776303783735096,0.699786753166054,-0.500340801639474,1.00029251431161,-3.72445219690826,-2.98522142769837,-0.534122727897918,158144,0.00456429344928027,0.0455216393821088,0.0643500360317781,8.10151555015217,748.139177030901,0.25,20,2,"SNETWORK (2 29 748.139177030901 0.0643500360317781 20 20)",454975.5,4500508.5
29,21,-0.662888556225076,4,0,0,-2.44440248507735,-2.40935720971628,-2.44493547464259,-0.731837939493855,-0.557115892714587,-0.678544133218281,1.0096949674087,-0.398624957486276,0.19073705147977,-1.35252393891601,-0.398624957486276,-0.398624957486276,-0.710219769308864,1.05748666772641,0.999392851196333,-0.729441976498194,1.06548080028867,-0.282828282828282,0.794439683899836,1.83838383838383,0.513333333333333,-0.662888556225076,0,0.588973784960558,4.02364729202115,4.28857600144339,0.0656103303032247,7.18927083478275,-0.650874977167694,-0.587512902037219,0.809053449330146,0.652703716563115,0.0452299995778231,0.0399850261056294,1599.0000000001,0.115629810121243,0.0896912096959794,127246,18.2468871357699,18.3625169457911,0.060440583075265,0.761297244177352,2.44322125998452,-0.742024804774607,-0.691026976193293,0.285736617925313,-1.50610219548771,0.143246104490601,-2.92027223463917,0.0922378414322193,0.0157410491536349,0.4810605506394,6396.0000000001,123.07453125013,0.4810605506394,6396.0000000001,123.07453125013,11.4968649822295,1.01529710534358,1e-10,-2.00268148974157,-1.65391672690043,0.239733875516411,-1.57949616341404,0,-5.58259679756808e-15,-5.75090104301106,-5.54523048665059,-5.56889375486346,-4.13182794492067,-0.60933139685744,-0.4077074861709,-0.574338276209253,0.251897569004302,0.36294540062711,0.384488112283493,-0.28492755867182,0.489213137298042,-2.71999579686985,0.0198240628905278,7.47770086236913,127246,0.000380597776855585,0.0600599851984094,0.10430958537426,6.16231723882622,785.210244842767,0.25,21,2,"SNETWORK (2 29 785.210244842767 0.10430958537426 21 21)",454972.5,4500473.5
29,22,-0.64485237693885,5,0,0,-2.44440248507735,-2.40935720971628,-2.44493547464259,-0.731837939493855,-0.557115892714587,-0.686409682359177,1.00906992877307,-0.396049329300199,0.19231115797543,-1.35023241564162,-0.396049329300199,-0.396049329300199,-0.711496487165484,1.05559143348153,0.997478675929922,-0.728951919580761,1.06379196483705,-0.282828282828282,0.794439683899836,1.83838383838383,0.513333333333333,-0.64485237693885,0,0.608107340333969,5.20922976377721,5.63574998060057,0.335639630118705,11.6502412392332,-0.636664220678573,-0.620399746278722,0.808796347768081,0.5821781174029,0.108766448869137,0.0399850261056294,6238.0000000001,1.08476355353095,0.097916639808594,154561,24.1964239667048,25.2811875201358,0.057694547524227,-2.04341534425015,0.517006509483678,-0.724863976050269,-0.814668689434577,0.115242440071759,-1.61819298952542,0.0865550981507514,-3.73014594468736,0.0879562751090684,0.00835425402984942,0.452577541372937,9101.0000000001,164.75632812514,0.452577541372937,9101.0000000001,164.75632812514,15.4674683754909,0.946914215853647,1e-10,-1.14007640631283,-1.62963469161974,-2.03434016205579,-0.987358536841736,0,-5.58259679756808e-15,-5.75090104301106,-5.54523048665059,-5.56889375486346,0.902836466741848,0.486643156437236,-2.2361721740134,-6.84055420201696,0.251897569004302,-0.00279722065011866,0.0905541898138656,0.0558837170282777,0,-0.614224701075041,1.0501655830371,-0.534122727897918,154561,0.00247555389666309,0.0552189935275639,0.129069954841648,8.01784186013477,808.180807591244,0.25,22,2,"SNETWORK (2 29 808.180807591244 0.129069954841648 22 22)",454958.5,4500457.5
29,23,-0.632099681732983,6,0,0,-2.44440248507735,-2.40935720971628,-2.44493547464259,-0.672018474919922,-0.519768846133984,-0.657298583930128,1.00727380126519,-0.396752264618757,0.183771972895505,-1.33370801666357,-0.396752264618757,-0.396752264618757,-0.710290494109947,1.05273779827009,0.994316916955124,-0.729089408110724,1.06139031462547,-0.282828282828282,0.794439683899836,1.83838383838383,0.513333333333333,-0.632099681732983,0,0.601109852984522,4.99488478420538,5.39044921365246,0.288449644417253,10.718595895741,-0.623952806880586,-0.606453696858621,0.808098004335983,0.608706754023409,0.298552247824616,0.0399850261056294,7485.0000000001,3.57278527272495,0.0838131272144358,133162,17.8437906660351,21.4165759386601,0.0522195034204952,0.337822430664714,-2.12931270429971,-0.641957942385428,-0.859701025156097,-0.0738697340858856,-1.59465610414632,0.0432895585735395,-3.53030577068837,-0.0777473157886682,-0.277515163444588,0.410512444938376,8519.0000000001,139.886220703259,0.410512444938376,8519.0000000001,139.886220703259,13.0983446734535,0.84592303146166,1e-10,0.959893427880219,0.426947615751717,-0.915734903838825,0.190301671279913,0,-5.58259679756808e-15,-4.78031541838271,-4.6278618857436,-4.6454067973494,-0.663847517108147,-0.431670912595486,-0.631524746438076,0.436655025277716,-0.211949703103951,-0.462929700114106,-0.448187049467758,-0.453870850042983,-0.384249947163038,-0.0309378568386978,0.135779196448522,0.119555172285967,133162,0.0087114332815145,0.0435080700389807,0.157695505932967,8.86021766173192,834.737156777348,0.25,23,2,"SNETWORK (2 29 834.737156777348 0.157695505932967 23 23)",454945.5,4500437.5
29,24,-0.618705420603072,7,0,0,-2.44440248507735,-2.40935720971628,-2.44493547464259,-0.650748296807195,-0.51580999206011,-0.641300038407485,0.971976289743185,-0.371917674614826,0.24991120579957,-1.17129831311946,-0.371917674614826,-0.371917674614826,-0.718422251144513,1.04489101356093,0.998193887363171,-0.710636081832565,1.05161560924535,-0.282828282828282,0.794439683899836,1.83838383838383,0.513333333333333,-0.618705420603072,0,0.562745476669981,2.95373901758297,3.09729659481282,-0.126154346441156,4.34799666003344,-0.610475814976297,-0.539078649808907,0.806329562510423,0.469033513610047,2.40831735192271,0.0399850261056294,19065.0000000001,73.4083208336971,0.13049676488255,24816.0000000001,5.17757371805607,78.5858945516532,0.360118252763862,-1.66235302373433,0.117447018013595,-0.532537447198952,-0.840604538583442,-0.212804558151131,-1.33984345301949,-0.0484698353824876,-2.11325385910642,-0.348439217783074,-0.729949416133369,0.385753947312059,4339.0000000001,66.9514550782414,0.385753947312059,4339.0000000001,66.9514550782414,6.15058690893517,0.786482064698689,1e-10,0,-0.351104404296126,-1.46160201009189,-0.549364072737465,0,-5.58259679756808e-15,-3.87545052150553,-3.77260587204451,-3.78445140158164,-0.142917702475696,0.68478505145707,-1.32557130494231,0.597459877918566,0.0546170934126117,-0.545006147007738,-0.454167955906347,-0.446366876399546,-0.477040939184481,0.375882321819963,0.180871974326829,0.0931818669116458,24816.0000000001,0.336392127116923,0.0237261255469392,0.174463965531858,1.82411019750298,850.293505963452,0.25,24,2,"SNETWORK (2 29 850.293505963452 0.174463965531858 24 24)",454934.5,4500426.5
29,25,-0.603889650661064,8,0,0,-2.44440248507735,-2.40935720971628,-2.44493547464259,-0.640086418638209,-0.504515517049316,-0.64852018139848,0.964111792624544,-0.374425815617239,0.178225256973628,-1.10972803982722,-0.374425815617239,-0.374425815617239,-0.717556642461223,1.04459169556166,0.999338210860615,-0.70642067332828,1.05064966567136,-0.119894598155466,0.261925164238789,0.400673400673402,-0.218750000000001,-0.603889650661064,0,0.627233380413355,0.915335022182894,0.921643297303116,-0.480096846888185,0.95431593472872,-0.593797562852139,-0.450156159062393,0.762959308466285,0.58206091324164,5.48805842923796,0.0399850261056294,6241.0000000001,54.760534020131,0.179874738635819,17278.0000000001,4.96887888372672,59.7294129037577,0.514937243795501,2.4812830253222,-1.76977050215369,-0.482345692755426,-0.748347108356463,-0.150894289319136,-0.864539064481398,-0.110016612828116,-0.7068442003387,-0.475962348260567,-0.816249830306558,0.417737605553897,2104.0000000001,35.1567968751086,0.417737605553897,2104.0000000001,35.1567968751086,3.12183125985623,0.863269420507005,1e-10,2.19221277771925,1.68142586904145,0.20551765092287,1.8593532111699,1.03177499689812e-15,0,-2.50729685030102,-2.42686141728481,-2.42298285076954,-1.29569496834549,0.0431339760336489,-0.670125195669625,0.15591554373098,-1.42409853709768,-0.549145787364135,-0.497197240984509,-1.34372777859195,-0.260549906461275,0.450913014475303,0.30702354629581,0.268598581918868,17278.0000000001,0.472099709016923,0.0428375346785776,0.197403648666981,3.23947647179432,871.574990942083,0.25,25,2,"SNETWORK (2 29 871.574990942083 0.197403648666981 25 25)",454923.401465126,4500410.40146513
29,26,-0.553136754179613,10,0,0,-1,-1,-1,-0.73259342868742,-0.6403662143216,-0.60402743666647,0.710194998317204,-0.0122694304085518,-0.721931326769889,0.239184541671677,-0.0122694304085518,-0.0122694304085518,-0.130153004610536,1.08424971854276,1.14455763742411,0.142437607302534,0.940864163155136,-0.119894598155466,0.261925164238789,0.400673400673402,-0.218750000000001,-0.553136754179613,0,0.547125756969271,-0.256607607840712,-0.250648772097966,-0.55166826336678,-0.222668217609197,-0.539793164071777,-0.323921959605509,0.506104424926344,0.522748366966966,2.09506783312519,0.0399850261056294,7978.0000000001,26.7231030550023,0.761850171762634,1214.0000000001,1.47871004176548,28.2018130966677,0.350163785577043,-0.0432474454958466,0.114658009065825,0.0213866435719784,-0.570731374824442,-0.657367287494832,-0.355941060590344,-0.790388196303272,0.146726774036386,-0.589575587241203,-1.02446060111927,0.599761053956383,705.0000000001,16.9132617188542,0.599761053956383,705.0000000001,16.9132617188542,1.38395410418259,1.30027694454485,1e-10,-0.0480968419479522,0.179810652275496,-1.56447647646335,-0.622550015766792,0,-5.58259679756808e-15,-2,-1.99999062871921,-2.00000904829982,-1.66349839588634,-1.14959470581034,0.158449963007582,0.0557399681538859,-0.239191179310708,0.608076189189231,0.314328972432845,0.310139215564335,0.614219014245365,-0.330824502492776,-0.581153616500166,-0.534122727897918,7978.0000000001,0.331803593384446,0.018360192092597,0.246878109418192,0.546683900657275,917.473183480349,0.25,26,2,"SNETWORK (2 29 917.473183480349 0.246878109418192 26 26)",454888.431823313,4500385.43182331
29,27,-0.529433409231001,11,0,0,-1,-1,-1,-0.723240179342551,-0.635732382287221,-0.597206107927335,0.702828471540136,0,-0.66188677426182,0.235956916546726,0,0,-0.126947031880222,1.06012567761285,1.12558141512801,0.129534911193,0.922570762865652,-0.119894598155466,0.261925164238789,0.400673400673402,-0.218750000000001,-0.529433409231001,0,0.498492507356984,-0.179785592736857,-0.175992254696422,-0.517876945481946,-0.157842926065471,-0.515344928227859,0,0.504999583078548,-0.15523019181338,1.94529156599296,0.0399850261056294,898.0000000001,2.79290270174818,1.71571145416583,328.0000000001,0.899731364126691,3.69263406577487,0.0447637194514397,0.087245721837213,-0.242102313079591,-0.11510859190578,-0.453730567017935,-0.306000105566272,0.0834869780262165,-0.36529757114343,0.87870199345399,-0.265187323822017,-0.525950556012521,8.725830078225,34.0000000001,11.8671289063529,8.725830078225,34.0000000001,11.8671289063529,0.903260046576407,20.8095947583907,1e-10,-0.279299077843139,-0.544890137588069,-1.492591656102,-0.996545320766616,-1.03177499689812e-15,-5.58259679756808e-15,-2,-1.99999062871921,-2.00000904829982,-0.0785681272937367,-1.48537128844266,0.710283437342303,-0.844192735819062,-0.0995939370552531,0.828896106176669,0.805195564793107,0.493436013318216,0.813734286737871,-0.52421702697999,-0.599258812980121,-0.534122727897918,898.0000000001,0.0338567836641587,0.010906935687281,0.271719491362693,1.81647579319015,940.518902707869,0.25,27,2,"SNETWORK (2 29 940.518902707869 0.271719491362693 27 27)",454872.5,4500372.5
29,28,-0.485121331437988,13,0,0,-1,-1,-1,-0.669044608922054,-0.602368555254169,-0.572975856276417,0.69442479274131,0.00772011084815691,-0.584173731695895,0.229683366407222,0.00772011084815691,0.00772011084815691,-0.113658829299798,1.02217200378803,1.08239268358235,0.111455923407817,0.893414514216849,-0.119894598155466,0.261925164238789,0.400673400673402,-0.218750000000001,-0.485121331437988,0,0.781069066519401,-0.168834382731393,-0.165322896081881,-0.647281073228945,-0.14847631130043,-0.476321733916499,0.323272434575422,0.491470481961199,-1.04495119258014,1.3330917507427,0.0399850261056294,10308.0000000001,21.9699574830383,0.270291762286293,9065.0000000001,3.91737713195354,25.8873346148919,0.31274783313152,-0.109621037632261,0.0722448335064739,-0.0612429125157302,-0.162071718696633,0.000780832310366393,0.427227990871115,-0.0118042791798732,1.38501243453999,0.0429375023320195,-0.0619074688269181,0.0954904711790667,1543.0000000001,5.89367187510145,0.0954904711790667,1543.0000000001,5.89367187510145,0.334229185720966,0.0896085347399785,1e-10,0.00365065344983638,0,-1.62060318494111,-0.501713324690796,0,-5.58259679756808e-15,-1.36964299622689,-1.36963953219857,-1.36964634086754,-0.460200094421456,-0.229606285395003,-0.309226139454424,0.453125796127148,-0.928267754575342,0.578755831564088,0.520188832646138,0.790914373896635,0.463285805347935,-0.224837689277548,-0.533105822618952,-0.534122727897918,10308.0000000001,0.265421554471564,0.0473262785599558,0.318356409230736,1.04334585922853,983.784664541288,0.25,28,2,"SNETWORK (2 29 983.784664541288 0.318356409230736 28 28)",454850.09887457,4500339.09887457
29,29,-0.469019284716893,14,0,0,-1,-1,-1,-0.611704273630962,-0.565806480038624,-0.560424803956901,0.684077312471238,0.0203037126586474,-0.595976144031792,0.266356843987281,0.0203037126586474,0.0203037126586474,-0.0543968019657531,0.983245282812965,1.03895889761767,0.0776139001318281,0.86609514467303,-0.119894598155466,0.261925164238789,0.400673400673402,-0.218750000000001,-0.469019284716893,0,0.847726704409664,-0.00853760765482426,-0.00839721298824173,-0.660767651865401,-0.00769496925017066,-0.457486833620039,-0.0671503626818346,0.487735560620379,-0.212156120284191,0.397332070332536,0.0399850261056294,9770.0000000001,6.2064455473645,0.539180988887439,2454.0000000001,2.1154555037248,8.32190105098931,0.0956379575067292,0.675300476384251,-0.304727522123521,-0.0695975154035605,0.432480193182074,0.790517899128161,-0.0551217635770085,0.854545153016038,0.645066410264269,0.800075985224292,1.08902476949878,0.05816650400625,784.0000000001,1.82410156260045,0.05816650400625,784.0000000001,1.82410156260045,0.0534376355709132,1e-10,1e-10,1.28484756739302,0.861947239514204,-0.841611253158644,0.403847097158474,0,-5.58259679756808e-15,-1.99999999999998,-1.99999062871919,-2.00000904829982,-1.16610205660883,-1.13460702095404,0.196939281922412,-0.180722276400783,-0.448892898287879,0.211318974620924,0.0649907943710832,0.343231505009179,0.166452537864313,-0.427626892118998,-0.872158179347562,0.327927504573831,9770.0000000001,0.0713264639013024,0.0243114935054268,0.34062322124381,1.2598520230422,1004.44191697965,0.25,29,2,"SNETWORK (2 29 1004.44191697965 0.34062322124381 29 29)",454837.613311634,4500323.61331163
29,30,-0.450212597335614,15,0,0,-1,-1,-1,-0.506618958100229,-0.477378543713522,-0.452616095205954,0.625382063451724,0.130319752850045,-0.0850194905841022,0.283828161722546,0.130319752850045,0.130319752850045,-0.0481917368974904,0.865745612083697,0.959933671525466,0,0.779485638820176,-0.119894598155466,0.261925164238789,0.400673400673402,-0.218750000000001,-0.450212597335614,0,0.795184805105698,0.182325632721879,0.180250927268282,-0.62887674310224,0.169255744802589,-0.434014654888612,-0.0739398777239463,0.469835732947913,0.50427487673397,0.777893325568883,0.0399850261056294,4712.0000000001,5.86030328707289,0.403179621392373,177.0000000001,0.114094997966187,5.97439828493907,0.0646965234490377,0.79753339552407,0.435866324256447,-0.0309464916242696,-0.102130253181031,0.036683543823668,-0.123278148147892,0.0345173789090744,0.519736524751729,0.313750808280421,0.509800094395579,0.520134452208189,461.0000000001,9.59127929697735,0.520134452208189,461.0000000001,9.59127929697735,0.686462862696911,1.1091069365985,1e-10,2.06001753087149,1.58186385449778,-0.440714458291224,3.436277635682,1.01646595127887,1.01646595127887,-1,-0.999999999999983,-1,-0.183740538847894,-0.408126209304582,0.526455293794659,-0.377297622092844,-0.0790908548566444,-0.0827717539085456,-0.0202075113462148,0.279990767786272,-0.143825530893649,-0.0223128939095499,-0.497782568675732,0.551036749569967,4712.0000000001,0.0634609931179532,0.00123553023108452,0.365237050310411,0.743221439918367,1027.2765320204,0.25,30,2,"SNETWORK (2 29 1027.2765320204 0.365237050310411 30 30)",454824.830761523,4500307.83076152
29,31,-0.421099971066635,16,0,0,-1,-1,-1,-0.523830753921697,-0.430039838303431,-0.319694253277921,0.421478662829433,0.130930802050333,0.278068673230111,-0.121749686158528,0.130930802050333,0.130930802050333,-0.0756243333421446,0.591922931472978,0.71638291507225,-0.290606312371205,0.596193520065874,0.880105401844534,-0.738074835761211,-0.599326599326598,1,-0.421099971066635,0,0.807728323666056,0.917868151844459,0.924248914705349,-0.577772324311285,0.957347964766011,-0.411905980033447,-0.0425294431568208,0.214728445160932,0.0514583483182791,0.820616817804434,0.0399850261056294,12021.0000000001,15.7716007981175,1.0209218851622,922.0000000001,1.5049365863337,17.2765373843512,0.148826726136205,-0.459468927832003,0.551196259955096,-0.475606102409177,-0.111427214559187,0.673339250102276,-0.305879020309355,0.564436709894931,0,0.720741185385095,1.02223763879162,0.0293110575429461,482.0000000001,0.565117187600139,0.0293110575429461,482.0000000001,0.565117187600139,0.281034351337355,0.210018834649005,1e-10,0.269049943222002,-0.382835185163747,0.166152990773143,-0.728748116744333,0,-5.58259679756808e-15,-1,-0.999999999999983,-0.999999999999983,-0.808396594786887,0.274999045583674,0,0.179632903859298,-1.42960098625159,0.309292907838261,0.602771193437236,0.453513463778936,0.247839951850039,-0.553239848215567,0.122730933927722,0.250643414121226,12021.0000000001,0.135862624489709,0.0129641015464958,0.389847242835823,0.523549731350897,1050.10777338785,0.25,31,2,"SNETWORK (2 29 1050.10777338785 0.389847242835823 31 31)",454815.757703741,4500288.75770374
29,32,-0.397396626118023,17,0,0,-1,-1,-1,-0.457451309841218,-0.389815458227796,-0.285303988554478,0.409252632374254,0.148532842287414,0.191305490249695,-0.0886881923674325,0.148532842287414,0.148532842287414,-0.0171349992779579,0.5541357924817,0.663647569542071,-0.331494935363849,0.571029893936639,0.880105401844534,-0.738074835761211,-0.599326599326598,1,-0.397396626118023,0,0.862934379172542,1.40646362122514,1.43194649589382,-0.562457798660877,1.58872685426259,-0.38482193991751,-0.403889899970548,0.212202596030908,0.606466109660378,2.72069868779311,0.0399850261056294,2751.0000000001,11.9664630229787,1.36780291236641,199.0000000001,0.435182443344942,12.4016454662236,0.0917932352054239,1.77866210552767,-0.634818098090959,-0.584368271150956,-0.0684165436599537,0.870542059628325,-0.89632834555021,0.63470242885657,-1.203924051163,0.577876649611262,0.640365003839292,3.33721350003323,234.0000000001,31.2363183594827,3.33721350003323,234.0000000001,31.2363183594827,2.74836690696299,7.87243743337476,1e-10,-0.470500563589574,-0.631679576748388,0.349498772800359,-0.775824252829263,-1.03177499689812e-15,-5.58259679756808e-15,-1,-0.999999999999983,-1,0.240351831667273,1.23289955181394,-0.273050237462184,0.930428286288437,-1.17853362212293,0.452092170595467,1.03493092629913,1.22209307196069,0.216713204153784,-1.4967113953945,-0.674890502079048,-0.534122727897918,2751.0000000001,0.0885721460623889,0.00322108904303502,0.412995616340395,1.96015742108766,1071.58286352381,0.25,32,2,"SNETWORK (2 29 1071.58286352381 0.412995616340395 32 32)",454804.522269348,4500272.52226935
29,33,-0.369573421559131,18,0,0,-1,-1,-1,-0.40481035539718,-0.351067065107188,-0.292203158119107,0.405430280717901,0.146110976621563,0.126998558275689,-0.0708703527940547,0.146110976621563,0.146110976621563,0,0.538503377627716,0.636423145357283,-0.358616858049828,0.5623454050112,0.880105401844534,-0.738074835761211,-0.599326599326598,1,-0.369573421559131,0,0.713075652487881,1.20304273432927,1.21936147578892,-0.501238303703911,1.31426978371161,-0.363109418316735,-0.492277390148047,0.197794485518928,0.553530146593235,1.19327821067534,0.0399850261056294,10937.0000000001,20.8657830800447,1.05846632820332,901.0000000001,1.52474284281407,22.3905259227587,0.1765305108826,-0.0651399324984991,1.47691669462278,-0.548678917432939,-0.563231591531935,0.183283598635554,-0.994247520235663,0.156347450287007,-1.46363465278426,0.134443072335743,0.0580220312866552,0.425888289690747,1405.0000000001,23.9349218751059,0.425888289690747,1405.0000000001,23.9349218751059,2.05283667962303,0.882837835044363,1e-10,-0.329286135191569,-0.975248181125229,-1.46377837977272,-0.854756315475982,0,-5.58259679756808e-15,-1,-0.999999999999983,-1,0.77693046727441,1.68472119239452,-0.797878914061175,1.6477593755384,-1.41717410828147,0.499398534626909,1.13545770473715,1.6657561433025,0.159826890817772,-1.76576221683336,-1.29840735392989,-0.534122727897918,10937.0000000001,0.1645091927588,0.0120213180238005,0.440464253476986,0.531818079762161,1097.06592643983,0.25,33,2,"SNETWORK (2 29 1097.06592643983 0.440464253476986 33 33)",454785.018993446,4500261.5
29,34,-0.350122023322808,19,0,0,-1,-1,-1,-0.40481035539718,-0.351067065107188,-0.257771240317463,0.400773399454637,0.136894315659567,0.0306655976361942,-0.0362008464001414,0.136894315659567,0.136894315659567,0.0233856557615038,0.522420279038992,0.608390297918323,-0.391279123742816,0.554216297057173,0.880105401844534,-0.738074835761211,-0.599326599326598,1,-0.350122023322808,0,0.547348752596388,1.66811481272394,1.70778354215588,-0.326663126048902,1.9680066130493,-0.342210924213023,-0.463273808868955,0.193027683584413,0.522034489511896,6.14769838332669,0.0399850261056294,3282.0000000001,32.2586281555462,1.98072290430532,384.0000000001,1.2160451882566,33.4746733437028,0.228450382274414,2.26179764008431,-0.262758443490837,-0.284450908163816,-0.684261602864935,-0.340207567739451,-1.0365012497364,-0.193350567686822,-1.58120761779995,-0.218057096886099,-0.402987393682521,3.2040043962643,299.0000000001,38.3198925782344,3.2040043962643,299.0000000001,38.3198925782344,3.42314740919844,7.55262489752696,1e-10,-0.541992634955464,-0.661144614101877,-1.73201679848693,-0.682540906064959,0,-5.58259679756808e-15,-1.28231891732986,-1.28231627163998,-1.28232147183606,0.183793341177842,0.521834934748948,-0.32318255440567,-0.00138595545260596,-7.19624431200974,0.982722518218773,1.76098306665643,2.18579600495548,0.567239140729823,-1.82551595097075,-2.83941258700093,-0.534122727897918,3282.0000000001,0.220151391916191,0.00829899025822228,0.463366673577248,1.43307303472063,1118.31284194721,0.25,34,2,"SNETWORK (2 29 1118.31284194721 0.463366673577248 34 34)",454767.5,4500252.5
29,35,-0.325519228108135,20,0,0,-1,-1,-1,-0.363100985084626,-0.311103563768528,-0.22425754682178,0.397122761709172,0.134740294363136,0,-0.0200459043110704,0.134740294363136,0.134740294363136,0.110880625964958,0.50247048947143,0.574338792534189,-0.427190966107089,0.543351779497093,0.880105401844534,-0.738074835761211,-0.599326599326598,1,-0.325519228108135,0,0.347850705914047,1.05784684980191,1.06867007304036,-0.242508456298975,1.12862737946919,-0.318642523076657,-0.248544267852334,0.190408027127689,-0.738228157148068,0.720902773726284,0.0399850261056294,2483.0000000001,2.86185866262269,1.74280748309673,141.0000000001,0.392883051578203,3.2547417141009,0.0268444673162608,0.903839806844473,1.93276762681244,-0.0186352722360942,-0.644546663976448,-0.646593168804948,-0.597278209714323,-0.490109621368995,-0.567155549617869,-0.684218708852891,-1.00541124548191,6.29392264239911,140.0000000001,35.2459667969837,6.29392264239911,140.0000000001,35.2459667969837,3.13032557682235,14.9709961792145,1e-10,-0.293680043380618,-0.573052384248283,-1.61554533728073,-0.523821870291861,0,-1.11651935951362e-14,-1.4221924367059,-1.42218848022202,-1.42219625682967,0.472213388483451,0.292947637198038,-0.347747933105215,1.49727283850942,-4.98458975287451,1.19989793631487,1.79655504458445,1.76735302938479,0.910963289201033,-1.79781044133112,-2.94882034866926,-0.534122727897918,2483.0000000001,0.0236040453573274,0.00324042185893349,0.490191384270009,0.129559786990285,1143.19852473112,0.25,35,2,"SNETWORK (2 29 1143.19852473112 0.490191384270009 35 35)",454746.75645284,4500244.5
29,36,-0.305552061187778,21,0,0,-1,-1,-1,-0.298116319564245,-0.253940894110069,-0.177864975406729,0.392122452624132,0.128383494998111,-0.0333584310437774,0,0.128383494998111,0.128383494998111,0.180773598825504,0.472346680555582,0.528625495208892,-0.463402781777989,0.523904671877518,0.880105401844534,-0.738074835761211,-0.599326599326598,1,-0.305552061187778,0,0.153037398479003,0.276290925317786,0.273822885299441,-0.179497188842021,0.260268875284291,-0.298878834541369,-0.0325245140961576,0.186092890099505,-1.10925523488695,0.752960788840627,0.0399850261056294,11869.0000000001,14.2883228892718,3.69659859045326,575.0000000001,3.39832494887741,17.6866478380492,0.186005714506896,2.80978396426135,0.651499121640924,0,-0.350515022953707,-0.30534903638243,-0.101507183364897,-0.305813072113002,0.322359673131702,-0.404384172119464,-0.639814012639926,0.0472813260165194,849.0000000001,1.60567382822539,0.0472813260165194,849.0000000001,1.60567382822539,0.380157662660444,0.253162410934665,1e-10,-0.102548679065543,-0.391360360497772,0.161839588589929,-0.388921201079149,0,-5.58259679756808e-15,-0.998864915018198,-0.998864904380957,-0.998864925288789,0.676276103178119,-0.182876948947463,-0.340394322290531,1.37954165647197,-5.41142975287756,1.10117938916925,1.70640388864406,1.56306419490324,0.851910732832493,-1.89696819132402,-3.10436676939143,-0.376300892983895,11869.0000000001,0.150266445684202,0.0357392687226939,0.515583936620038,0.127642918729535,1166.75557293545,0.25,36,2,"SNETWORK (2 29 1166.75557293545 0.515583936620038 36 36)",454730.095058824,4500232.09505882
29,37,-0.282880253607236,22,0,0,-1,-1,-1,-0.255713908454174,-0.221140340845637,-0.132957116986999,0.38566257529655,0.115393670497579,-0.0450350928528413,0.028476266815413,0.115393670497579,0.115393670497579,0.290854628753626,0.437338450423787,0.475033513634819,-0.504121574823295,0.501073078143461,0.880105401844534,-0.738074835761211,-0.599326599326598,1,-0.282880253607236,0,-0.109041151044728,0.299464549306036,0.296968749030012,0.166494696998871,0.283122360874315,-0.272419183418448,-0.0173802322123222,0.181492856745789,-0.523635230099626,1.11570043750899,0.0399850261056294,2747.0000000001,4.90005583110044,2.64287724923686,353.0000000001,1.49157969771941,6.39163552871985,0.0667359451944848,0.528609161516568,2.44980696429881,0.114464823920757,-0.0547166787224359,-0.101898279191921,-0.0906564350021775,-0.101309440128889,0.336103827410249,0,-0.112588976038521,0.620836412684459,259.0000000001,6.43186523447658,0.620836412684459,259.0000000001,6.43186523447658,0.385497426036366,1.35087531753909,1e-10,0.323517095659942,0.0101593274068737,0.161246518816878,-0.0596965768543499,0,-5.58259679756808e-15,-0.948163933829455,-0.948163933829435,-0.948163933829436,-0.171560240272207,-0.537704284018202,0.493242895391902,0.300585914155169,-2.0303692243131,0.726977560820206,0.9065139410704,0.349622043679698,0.736237412936195,-0.85222063672885,-1.07129738016026,-0.0915098141405057,2747.0000000001,0.0511621564517097,0.0155737886427751,0.541512963603342,1.44504466387235,1190.81031663027,0.25,37,2,"SNETWORK (2 29 1190.81031663027 0.541512963603342 37 37)",454714.5,4500214.5
29,38,-0.256730152340458,23,0,0,0,0,0,-0.255192414444276,-0.206150803209941,-0.0763783775279089,0.373282002321572,0.112023161027095,-0.0110628133002731,0.00269107893174992,0.112023161027095,0.112023161027095,0.357038432526408,0.385643001818553,0.411262731221302,-0.52975387625394,0.461529826480083,0.880105401844534,-0.738074835761211,-0.599326599326598,1,-0.256730152340458,0,-0.312999481980095,0.522523408946823,0.521128929246536,0.603548020712097,0.511647780526917,-0.250448899289807,0.0756416210387387,0.173932681082884,-1.55319174252399,2.53322047919935,0.0399850261056294,7428.0000000001,30.0842820024799,1.0195636415645,171.0000000001,0.278743799754182,30.363025802134,0.29576599527127,2.43278513320795,0.297459256583555,0.13251589357695,-0.0339794385954687,-0.102615211554614,-0.0555012996806274,-0.0898899717843536,0.386714514162312,-0.275018153921283,-0.458569360247059,0.140298527451365,1026.0000000001,5.75785156260141,0.140298527451365,1026.0000000001,5.75785156260141,0.775693657689069,0.476480984715823,1e-10,0.0925569273214582,-0.0154493237049385,0.159943377029712,0.00603342559826215,0,0,1.78071447618183e-14,1.74553706738041e-14,0,0.195103964027814,-0.493090663758017,-0.533811211224153,0.0178215106880968,-2.01508055515657,0.767514672390679,1.12606023530122,0.389035003908819,0.771442647670941,-1.50458980666266,-1.45081019518244,0.247738641620127,7428.0000000001,0.293050754014474,0.00271524115679595,0.566501043183152,0.932043364381179,1213.99212943431,0.25,38,2,"SNETWORK (2 29 1213.99212943431 0.566501043183152 38 38)",454713.113842441,4500194.88615756
29,39,-0.236118274565056,24,0,0,0,0,0,-0.168971017950711,-0.144682864808827,-0.0109858787602967,0.364682569664334,0.103004916106579,0.00556995704657208,0.0456770740672815,0.103004916106579,0.103004916106579,0.401062215948128,0.347965385818476,0.358544518345773,-0.547157888050147,0.432494561841006,0.880105401844534,-0.738074835761211,-0.599326599326598,1,-0.236118274565056,0,-0.185391071217471,-0.157103741001754,-0.153886782208389,0.173542925780065,-0.13840792933711,-0.22647340288026,0.090311140416548,0.163009339040525,-0.659138944561722,3.88224787361231,0.0399850261056294,11007.0000000001,68.3198639502575,3.11992960835016,191.0000000001,0.95273677388351,69.272600724041,0.833834897566523,0,2.09409877005926,-0.198127586789725,0.0933964596293079,0.515272118405525,0.181776081653004,0.576663475555705,0.74987668428745,0.161873315565746,0.103259042978366,0.00380644827326897,751.0000000001,0.114345703225028,0.00380644827326897,751.0000000001,0.114345703225028,0.238093909234716,0.148786579978995,1e-10,0.598165389319543,0.270224725684031,0.158388746841356,0.132896534809572,0,-5.58259679756808e-15,-1.78071447618183e-14,1.74553706738041e-14,0,-0.550322766315093,-0.378477978086212,-0.323606324579081,0.435640040009603,-1.40576962642447,0.350257744334094,0.636611771192342,-0.826732354264457,0.608636453188526,-0.737817774976131,-1.09994265686737,-0.117679655856084,11007.0000000001,0.82236679663332,0.0114681008332029,0.593005243173152,0.28507962875301,1238.58046967578,0.25,39,2,"SNETWORK (2 29 1238.58046967578 0.593005243173152 39 39)",454715.5,4500172.11462327
29,40,-0.204687834148919,25,0,0,0,0,0,-0.0798297065116701,-0.0976948680547754,0.047465139663529,0.345076275319216,0.108292038562498,0.0605106669530295,0.134879497547947,0.108292038562498,0.108292038562498,0.468387176544877,0.285982667109575,0.27388185902156,-0.510826051424379,0.373744252311737,0.880105401844534,-0.738074835761211,-0.599326599326598,1,-0.204687834148919,0,-0.33078503440736,-0.156962771490426,-0.153749305724666,0.432725145556007,-0.138286714150102,-0.194818206591712,-0.178392101816033,0.150300183445439,0.444253750774349,6.83789793363812,0.0399850261056294,17905.0000000001,195.745463091859,4.19452294674691,1329.0000000001,8.91255701609077,204.65802010785,2.46336209870764,-0.171916447714493,-0.201297224374628,-0.506814335608714,0.113483601972421,1.02579405559172,-0.158994625120884,1.16021511726005,0.195055629648543,0.907803798995841,1.05296153233818,0.0385360910949622,794.0000000001,1.2239062501003,0.0385360910949622,794.0000000001,1.2239062501003,0.110612175132606,0.0471293024920389,1e-10,-0.154408980179507,-0.554005732670623,0.155232078530416,-0.558831155180267,0,-5.58259679756808e-15,0,3.49107413476081e-14,0,0.387820318911638,0.379610500414138,-1.63699040465933,-0.504337972155293,-0.046556905217823,0.0614738722598041,0.321009161820691,-2.21116044511047,0.629732462514359,-1.59091636571048,-1.25584719154478,-0.184145047647122,17905.0000000001,2.35608628726483,0.107275811342806,0.61615186353227,0.78895787341753,1260.05393339265,0.25,40,2,"SNETWORK (2 29 1260.05393339265 0.61615186353227 40 40)",454713.5,4500152.2980138
29,41,-0.170681695243606,26,0,0,0,0,0,-0.0354479095028248,-0.0662820905699115,0.0764508545943425,0.33911093405499,0.101848381158188,0.00934659350914906,0.210982288801892,0.101848381158188,0.101848381158188,0.470989389420529,0.27182346401902,0.255172923001907,-0.465028073843123,0.353990772230327,0.880105401844534,-0.738074835761211,-0.599326599326598,1,-0.170681695243606,0,0.0567277473796835,0,0,-0.12337875333462,0,-0.167293901622931,-0.429251819811722,0.13115306576241,0.359746696442535,0.971234799484859,0.0399850261056294,9002.0000000001,13.9784175456687,0.442174229993956,1998.0000000001,1.4124844573854,15.3909020029541,0.176407254291388,0.0933163021337086,-0.363504860418834,-0.169955813299472,-0.254454851617725,0.0382267237065445,-0.61276671891457,0.0336048122133669,-0.651393511264401,0.0441143901316507,0,0.0605599492974044,915.0000000001,2.21649414072554,0.0605599492974044,915.0000000001,2.21649414072554,0.438344338555413,0.285042140351612,1e-10,1.37366055623156,1.20993681317246,-0.744102881133068,3.05137171087208,0.994388285041298,0.99438828504129,-1.78071447618183e-14,0,-1.68537717768233e-14,-0.265160966401144,-1.12060990515237,0.545806695419946,-0.633707794690047,-0.227704037211214,0,0.157503101160883,-0.546486536221064,0.151501672227327,0.0472838367435474,-0.842539906289975,0.553730537653633,9002.0000000001,0.160217656944162,0.0161895972472258,0.640159340982094,0.515622649596979,1282.3260270268,0.25,41,2,"SNETWORK (2 29 1282.3260270268 0.640159340982094 41 41)",454706.679493559,4500133.67949356
29,42,-0.151101354836275,27,0,0,0,0,0,0.0738714165466612,0.00866947119495603,0.1514998378994,0.272448159570303,0.103003324232052,0.672601222015174,0.0365736945183382,0.103003324232052,0.103003324232052,0.44415724987189,0.138337003374723,0.0996476969486572,-0.375678429291255,0.225598918274045,0.880105401844534,-0.738074835761211,-0.599326599326598,1,-0.151101354836275,0,0.125173194817043,-0.0682694940183198,-0.0670368178319635,-0.210920627061759,-0.0609690490697212,-0.145435341944546,-0.155497814386328,0.0649494135304909,-0.509394824011259,6.94153985148436,0.0399850261056294,12280.0000000001,136.285280923855,0.427013167339833,5225.0000000001,3.5671578477185,139.852438771474,1.63742782617451,-0.233162559325464,-0.113250868282897,-0.0767965849404453,-0.597959961345804,-0.555965044598931,-0.153860476735373,-0.628062809303858,0.12489678674758,-0.528534134180655,-0.723054095713909,0.0288819616057862,1361.0000000001,1.57233398447539,0.0288819616057862,1361.0000000001,1.57233398447539,0.0774209874166665,0.0703072351256234,1e-10,-0.595108637257197,-1.11185270094527,0.32914102800432,-1.07375354752812,1.03177499689812e-15,0,0,0,-1.68537717768233e-14,-0.275594511176775,-0.0196345097885687,-0.712607999428989,1.17012618002082,-1.11993589952833,1.45133685298984,1.60983634526083,-1.01735405072807,1.8756147328779,-1.61037003992467,-1.34050032870905,-0.534122727662524,12280.0000000001,1.59566263720112,0.0417651888733896,0.66360381419708,0.514731404255144,1304.07581326481,0.25,42,2,"SNETWORK (2 29 1304.07581326481 0.66360381419708 42 42)",454702.5,4500113.66091024
29,43,-0.122633439422339,28,0,0,0,0,0,0.0738714165466612,0.00866947119495603,0.179922796174796,0.269106606864435,0.10373261755191,0.662866713844386,0.0580888189889493,0.10373261755191,0.10373261755191,0.451746382839053,0.114046507356138,0.0696484217669482,-0.364339370409303,0.203067452685441,0.880105401844534,-0.738074835761211,-0.599326599326598,1,-0.122633439422339,0,-0.0367839786864514,-0.133567176436212,-0.130918197139005,-0.0354569109374155,-0.118096478655303,-0.122066039480619,-0.079790328255962,0.0607558785924732,-1.36630868234277,3.80082352174308,0.0399850261056294,15617.0000000001,94.9008453463854,0.0403365310221031,1370.0000000001,0.0883514899829394,94.9891968362683,1.13502652157183,0.303075916487632,-0.421292158338192,0.20316241701678,-0.22310543937043,-0.469093098913184,-0.0317984056035411,-0.544018423594791,0.321166037185966,-0.460383690739435,-0.660626059441699,0.16347212767138,1112.0000000001,7.27124023447679,0.16347212767138,1112.0000000001,7.27124023447679,0.919858896387655,0.532116880772463,1e-10,0.908666237989553,0.422820462085034,-1.21068606539269,-0.000280298517921586,0,0,0,1.74553706738041e-14,0,-0.393027087486917,0.327647701716741,-1.16992971435205,0.130396356026843,-0.585366739970895,-0.506111908320198,-0.394511552151971,-2.38197353365878,0.0429191145847969,0.575593362613276,0.574688911905071,0.591100348663844,15617.0000000001,1.13397080895326,0.00105571251856825,0.688277446106729,0.29488814889919,1326.96590829186,0.25,43,2,"SNETWORK (2 29 1326.96590829186 0.688277446106729 43 43)",454696.5,4500094.91295083
29,44,-0.076000402551168,30,0,0,0,0,0,0.198193347153393,0.0817421777159429,0.179926216572359,0.235224017968144,0.124248140177977,0.439709344107833,0.410700708300647,0.124248140177977,0.124248140177977,0.472368733657235,0.0828229567217913,0.0446124055220698,-0.0723618659029424,0.127227476462966,0.880105401844534,-0.738074835761211,-0.599326599326598,1,-0.076000402551168,0,-0.0389343092804963,-0.207562333300099,-0.203024154769507,-0.0481264735871739,-0.18145924468615,-0.0686511197057233,0.00743474765932742,0.0263911279115015,-0.78019000714668,1.36527412696783,0.0399850261056294,15526.0000000001,33.8902059074628,0.04443297469999,3746.0000000001,0.266114125158146,34.156320032521,0.417659660357291,-0.136357839179231,0.28227140536784,0.465215134974675,0.192098708966652,-0.302918367450119,0.101640365136221,-0.365582694590613,0.499440658481255,-0.242131101526825,-0.359080101121604,0.141504132406134,1080.0000000001,6.1129785157265,0.141504132406134,1080.0000000001,6.1129785157265,0.809523012247497,0.479375438374819,1e-10,0.278077054737847,0.575328808354558,0.32281100278921,0.441168844819733,-1.03177499689812e-15,-5.58259679756808e-15,0,0,0,-0.755621034521557,-0.978606941256661,0.350698693696603,-0.375844799612609,0.125168166833583,0.572472167028726,0.549258749215304,-1.64070557350888,1.05538814668481,-0.0897127881361353,0,0,15526.0000000001,0.414405646506513,0.0032540137507774,0.735825930496125,1.38211312482292,1371.07734393503,0.25,44,2,"SNETWORK (2 29 1371.07734393503 0.735825930496125 44 44)",454669.5,4500065.5
29,45,-0.0484350823342936,31,0,0,0,0,0,0.217581102793224,0.112020551847945,0.197999249835279,0.223557774862457,0.141003292030566,0.544122654023847,0.401868300608764,0.141003292030566,0.141003292030566,0.453017353669912,0.0289620006287485,-0.00964258057328372,-0.00412820495777454,0.0699852377395683,0.880105401844534,-0.738074835761211,-0.599326599326598,1,-0.0484350823342936,0,0,-0.0878727744081892,-0.0862394154596794,-0.0726385585612617,-0.0782403793128719,-0.0333926910433032,0.360685033023624,0.0150230696536772,0.318655322164988,1.70701924435554,0.0399850261056294,10249.0000000001,27.9714304075891,0.127569116730664,1745.0000000001,0.355906357041008,28.3273367645301,0.333696338138666,-0.356911885296939,-0.329954389197458,-0.416101239173477,0,0.745784890294957,0.433800738788866,0.823918228679796,0.986190282413034,0.680612044821588,0.702622047346019,0.130216169346665,862.0000000001,4.4898535157261,0.130216169346665,862.0000000001,4.4898535157261,0.654904302981798,0.452274947579029,1e-10,2.12549874109479,2.01982000508879,0.319594747604617,5.14092708734803,0.959678548362444,0.959678548362434,0,1.74553706738041e-14,0,-0.685250541035047,0.236599783282633,-0.187458029454164,-0.402540122081434,-0.748102430995698,-0.624229876983457,-0.477634441218737,-0.344836944169402,-0.589835655966983,0.185171969281179,0.134229088589077,0.637774486596177,10249.0000000001,0.32950375724706,0.00419258079160575,0.760771241352558,1.03545207173461,1394.21947955876,0.25,45,2,"SNETWORK (2 29 1394.21947955876 0.760771241352558 45 45)",454657.5,4500048.5
29,46,0,32,0,0,0,0,0,0.051002695811085,0.0569406242212382,0.106286304538601,0,0.442403974617276,-0.991785879617939,1.3018826296374,0.442403974617276,0.442403974617276,0.799512062151554,0,0.0261222724540382,0.264545776216942,0,0.866930171278002,-0.511853756069693,-0.164983164983165,0.875,0,0,0.0540840993188877,-0.0451484433137681,-0.0443614771270502,-0.128950159929114,-0.0404638987633946,0,-0.355532225830695,0,0.600537765037909,0.0966946908790782,0.0399850261056294,9137.0000000001,1.41254086044522,0.055195178974734,3613.0000000001,0.318833445519413,1.73137430586463,0.0201258199204003,-0.550807298474712,-0.538052863289662,-0.395938482696028,0.48370969641935,1.3767870810315,-0.468765349579095,1.51064967115776,-0.494746653310663,1.1614571868315,1.37965641022828,0.0868421622846801,1219.0000000001,4.23442382822604,0.0868421622846801,1219.0000000001,4.23442382822604,0.630572098999116,0.348141290074389,1e-10,0.375087172429204,0.212251211943921,0.0977699247283492,-0.163308924004064,-1.03177499689812e-15,-5.58259679756808e-15,0,1.74553706738041e-14,0,-0.586548558128534,0.598796988285193,-0.284534188625009,-0.238045005740062,-0.166449120975439,-0.292159633881056,-0.146409504903955,-1.16881444932121,-0.0188969239551997,1.21934243739473,1.54003662309412,0.0760278385553226,9137.0000000001,0.0164196400221534,0.00370617979824685,0.784082412221608,2.74883208882937,1415.84559922928,0.25,46,2,"SNETWORK (2 29 1415.84559922928 0.784082412221608 46 46)",454648.571985161,4500030.57198516
29,47,0.0217723573144805,33,0,0,0,0,0,0.00589929574657726,0,0,-0.0138504440521736,0.462468472679921,-1.19036453640815,1.39355962256986,0.462468472679921,0.462468472679921,0.807408348914276,-0.0253689935436342,0,0.337322990833622,-0.0338286988189465,-0.191831357048747,0.419080262782062,0.641077441077439,-0.350000000000001,0.0217723573144805,0,0.102683989360405,-0.0699566141612069,-0.0686902776269888,-0.187554084128785,-0.0624595797354267,0.0240236266795331,-0.339146607000925,-0.214516510089499,0.319145952960545,1.02214274637483,0.0399850261056294,9815.0000000001,16.0397140115554,0.170989626748809,6463.0000000001,1.76684595110706,17.8065599625624,0.208593377660911,0.122727202675196,-0.720998224420048,-0.248391112664013,-0.497014869714961,-0.169858254566661,-0.434069201641295,-0.19888870921763,-0.655321492424229,-0.230119748462156,-0.215115025438995,0.105668462684755,1143.0000000001,4.83116210947619,0.105668462684755,1143.0000000001,4.83116210947619,0.233014622121035,0.114044171503348,1e-10,-0.728125126472129,-0.695745401944284,0.280506203858862,-1.01634841105778,-1.03177499689812e-15,-1.11651935951362e-14,-1.78071447618183e-14,0,-1.68537717768233e-14,-0.868535734310211,-1.43442187559656,0.314016414977563,1.06666413502865,-0.687363538349866,1.02898257754368,0.96648656768903,-1.92354389001408,1.63089169828244,0.710393305488151,2.312912822722,-0.534122727897918,9815.0000000001,0.187895816362829,0.0206975611980819,0.809862502336562,1.51531384623127,1439.7621719778,0.25,47,2,"SNETWORK (2 29 1439.7621719778 0.809862502336562 47 47)",454629.145695762,4500023.14569576
29,48,0.0492087353603462,34,0,0,0,0,0,0.116281178654225,0.093739881554155,0,-0.0164845354451855,0.468632231154669,-1.15138504539726,1.39539097452855,0.468632231154669,0.468632231154669,0.822105564348301,-0.0451535849238037,-0.0204237063918741,0.361776732634994,-0.0547533619815218,-0.191831357048747,0.419080262782062,0.641077441077439,-0.350000000000001,0.0492087353603462,0,0.0963427883575973,-0.262361507287404,-0.256227127317062,-0.214599152546951,-0.227462095380916,0.0502119366379246,-0.219239640541082,-0.227343793429318,-0.0792130226297961,1.67213483380643,0.0399850261056294,12508.0000000001,33.439050127435,0.0919632740331349,1328.0000000001,0.195257293342848,33.6343074206779,0.418365711501041,-0.0183035989017019,-0.0855009193153111,-0.250019795954311,-0.474577852568274,-0.134673894179332,-0.186936673960357,-0.174498903591196,-0.233159357663524,-0.164975202876284,-0.259429386703224,0.135690358863966,1074.0000000001,5.82925781260143,0.135690358863966,1074.0000000001,5.82925781260143,0.782495809222995,0.465417551062621,1e-10,0.279857954010414,0.317096199752019,-1.27707133693277,0.0657370099155601,1.03177499689812e-15,0,1.78071447618183e-14,5.23661120214122e-14,1.68537717768233e-14,-0.475200538972393,0.425382368048272,-0.186905954043867,0.0879391928210838,0.131147810785191,-0.461120728314046,-0.352468512665685,-1.33040243801873,-0.16629926309908,1.22871096590734,1.4285840730291,0.26901774032827,12508.0000000001,0.415936972334935,0.00242873906610628,0.832285352906135,0.0679973622828276,1460.56418370409,0.25,48,2,"SNETWORK (2 29 1460.56418370409 0.832285352906135 48 48)",454613.264879333,4500011.26487933
29,49,0.095838627300517,36,0,0,0,0,0,0,0.0246476855460381,-0.0147091434740774,-0.0909843328227706,0.406315662533247,-0.645403580276443,1.25951265449651,0.406315662533247,0.406315662533247,0.711847130735204,-0.132030751407905,-0.0719831462522356,0.81264603392993,-0.204675911316252,-0.191831357048747,0.419080262782062,0.641077441077439,-0.350000000000001,0.095838627300517,0,-0.0649115300263401,-0.141552805801181,-0.138714548794373,0,-0.125004385562599,0.0977099416855619,0.0729870342078253,-0.251181277447329,-0.477965510488104,0.132954119864637,0.0399850261056294,13681.0000000001,2.90813395779525,0.0516612069551486,3050.0000000001,0.251917972675373,3.16005193037063,0.0378536022095447,-0.0830734596897849,-0.196738867421045,-0.0183946137960225,-0.312200249083963,-0.262138407293204,0.156903828284857,-0.31013667100412,0.291871063332668,-0.253353793900563,-0.295972818930068,0.0925096972210055,1283.0000000001,4.74759765635117,0.0925096972210055,1283.0000000001,4.74759765635117,0.679456981515019,0.361748083219221,1e-10,-0.0140930643901462,-0.146800171511125,0.0813971646120795,-0.317445079009145,-1.03177499689812e-15,-5.58259679756808e-15,1.78071447618183e-14,1.74553706738041e-14,0,-0.118491491346621,-0.521037184352212,0.160436584843352,0.0137737771043468,0.0518124754340743,0.279293708291861,0.281927642780333,-1.20534043482506,0.623282791864974,0.644596111885417,0.971494262184482,-0.293129016390321,13681.0000000001,0.0348359293280424,0.00301767278150226,0.878700153801596,1.29776358511299,1503.6238843209,0.25,49,2,"SNETWORK (2 29 1503.6238843209 0.878700153801596 49 49)",454579.634700481,4499988.5
29,50,0.126498559621602,37,0,0,0,0,0,-0.0586970680239674,-0.0231272028562227,-0.0300206109690676,-0.0992369033800166,0.409258025842155,-0.615262407861861,1.27026207683526,0.409258025842155,0.409258025842155,0.706182409063453,-0.164886152887809,-0.103713965891354,0.856911831918265,-0.240041658929263,-0.191831357048747,0.419080262782062,0.641077441077439,-0.350000000000001,0.126498559621602,0,-0.218228426798873,-0.182535592715106,-0.178670430568683,0.220807527843396,-0.16019005252689,0.127265518862968,-0.032328938780273,-0.306909778197788,-0.961209938205389,0.336629817743123,0.0399850261056294,15974.0000000001,8.5972791346651,0.145693679219283,4001.0000000001,0.931974495297494,9.5292536298626,0.115616859993126,0.400614389523017,-0.279679192437813,1.61557597172392,0.0897615032165319,-2.12041198535865,0.0444777642062535,-2.45632144144033,0.0512700573584403,-2.09235913603812,-2.01978986226452,0.0703339386408781,1321.0000000001,3.71644531260091,0.0703339386408781,1321.0000000001,3.71644531260091,0.581229522479562,0.308507836230086,1e-10,0.167431524906352,0.131248898376769,0.264044507059071,0,0,-5.58259679756808e-15,1.78071447618183e-14,1.74553706738041e-14,0,-0.340424892395362,0.686039074781374,-0.424337392171304,-0.287054606310185,0.190305134193263,-0.568625183952164,-0.441937299128993,-0.895941371370189,-0.39245192523784,0.397107129608901,0.0807642332420476,0.297225691099594,15974.0000000001,0.104309367321129,0.0113074925719969,0.900741849815533,0.847971703374138,1524.07229330114,0.25,50,2,"SNETWORK (2 29 1524.07229330114 0.900741849815533 50 50)",454562.5,4499980.5
29,51,0.14646572654196,38,0,0,0,0,0,-0.0523701884767312,-0.0202255278399105,-0.0371244482329214,-0.101661503801746,0.412425900436932,-0.776247650594389,1.34644162023023,0.412425900436932,0.412425900436932,0.693560980325418,-0.17547250566783,-0.109778368383128,0.903337071055722,-0.256872778986248,-1.77997364953887,1.81548129105969,1.85016835016835,-2.1875,0.14646572654196,0,0.0526880210940147,-0.355286181833523,-0.346056233226513,-0.184692610880306,-0.303717264121487,0.150936557799079,1.29554600844379,-0.313580521429763,-2.98317287515971,0.543957911687445,0.0399850261056294,25656.0000000001,22.3125399100735,0.0655397015853395,729.0000000001,0.0763882838952244,22.3889281938687,0.286679359033751,-0.156014413998999,0.176692862983039,0.478045754042991,-0.0544488751831518,-0.647503102913582,1.21509524522202,-0.805567833273818,1.69904672581943,-1.52408238683836,-1.46087310041252,0.113326270763198,949.0000000001,4.30186523447606,0.113326270763198,949.0000000001,4.30186523447606,0.636996559952794,0.411725156736201,1e-10,0.866321378535572,0.819425592302281,0.133743708931256,2.30396272029712,0.937860732788729,0.937860732788725,0,1.74553706738041e-14,-1.68537717768233e-14,0.309443928375023,-1.55977659147723,0.620823272942893,-0.49339302291734,0.231579805673187,-0.505567672308952,-0.37647660250241,-0.884951723212709,-0.325290686520562,0.309061218882952,0.278901940282113,0.592711612383996,25656.0000000001,0.285701244035221,0.000978114898530933,0.924548699493644,0.696655211038888,1546.15826156971,0.25,51,2,"SNETWORK (2 29 1546.15826156971 0.924548699493644 51 51)",454545.970380918,4499968.5
29,52,0.177767224787088,39,0,0,0,0,0,-0.12697174621501,-0.0664210292984357,-0.0511276229859361,-0.140032694328633,0.350871889422659,-0.0839279677019594,1.24680563908898,0.350871889422659,0.350871889422659,0.62488928915411,-0.209463199402934,-0.131325849273138,1.0533523346923,-0.311071563548104,-1.77997364953887,1.81548129105969,1.85016835016835,-2.1875,0.177767224787088,0,0.163254136830795,-1.43142437585828,-1.34791628563762,-0.441949286394678,-1.04463946045545,0.188175084856082,0.371112061373569,-0.352809355717383,0.543076388277729,0.896378115654716,0.0399850261056294,22498.0000000001,32.2425901699275,0.160586050656846,1571.0000000001,0.403346941381121,32.6459371112086,0.585278919897924,1.3260359609612,-0.348500878359076,-0.35810992311713,1.76382562937166,2.90953023846257,0.939189369047542,4.89677652672208,1.28582828165325,2.90229879156035,2.66100430445511,0.076628654333871,1085.0000000001,3.32568359385082,0.076628654333871,1085.0000000001,3.32568359385082,0.544005604060728,0.32362038433122,1e-10,0.52705867766675,-0.125442958431644,-1.14939392184556,-0.17708559615991,0,-5.58259679756808e-15,0,1.74553706738041e-14,0,0,1.09662094153359,-0.63499692057632,-0.350973063849894,0.251897569004302,-0.738484672183538,-0.53695424921315,-0.687370964971923,-0.632043978116287,0.385775298924958,-0.27703443337078,-0.277326745963301,22498.0000000001,0.578047684214355,0.00723123558356922,0.94916280235577,1.8790072593838,1568.99313061464,0.25,52,2,"SNETWORK (2 29 1568.99313061464 0.94916280235577 52 52)",454529.106074621,4499955.5
29,53,0.223497666461198,40,0,0,0,0,0,-0.13530844376255,-0.0721038665327778,-0.05429845628517,-0.157829124052998,0.345235217793109,-0.473012012945268,1.42483408935363,0.345235217793109,0.345235217793109,0.584478266375647,-0.207449502881552,-0.124717524516574,1.12806155909012,-0.32198508767765,-1.77997364953887,1.81548129105969,1.85016835016835,-2.1875,0.223497666461198,0,0.50355182472842,0.568470023652951,0.567604134608416,-0.439142380891077,0.560702656911472,0.221583908796552,-0.308404562438105,-0.358191116793596,0.0883689093364243,4.08741774262795,0.0399850261056294,6976.0000000001,45.587970998678,0.160088854129773,19594.0000000001,5.01509270151574,50.6030637000937,0.485929470643325,-1.41065184263644,1.0498521647422,0.521433692252627,0.497987546789679,0.0157531911815227,-0.556153814308226,0.0204526585976573,-1.05844027685558,0.665181153507025,0.567607919956723,0.124015896576834,1813.0000000001,8.99363281260221,0.124015896576834,1813.0000000001,8.99363281260221,0.629531124222521,0.158093258189676,1e-10,0.621220871226578,0.3338268075067,0.248482961081327,0.282723100101608,0,0,0,1.74553706738041e-14,0,-0.38989847011071,0.787379610511112,-0.381699933314937,-0.194537769656245,-0.0928793246523417,-0.467259763923474,-0.285316350981133,-0.305464424028939,-0.42561026137141,-0.151457288200203,0.035582946898246,0.502492488446749,19594.0000000001,0.437770699849665,0.0481587706936595,0.973230359614526,0.974932624958456,1591.32096118045,0.25,53,2,"SNETWORK (2 29 1591.32096118045 0.973230359614526 53 53)",454508.435098305,4499953.5
