"n","p","npar","value","AIC","AICc","logLik","deviance","pseudo.r.squared","bootstrap_rep"
349,16,7,-550.344828986534,-504.344828986534,-500.947905909611,275.172414493267,311.788907108916,0.408203260808858,2
349,16,7,-569.327749572798,-523.327749572798,-519.930826495875,284.663874786399,296.204791220049,0.427145881405586,5
349,16,7,-612.098916635298,-566.098916635298,-562.701993558375,306.049458317649,294.411824448534,0.328944666940296,9
349,16,7,-638.506036262817,-592.506036262817,-589.109113185894,319.253018131408,354.563181347992,0.398090748384684,13
349,16,7,-620.793111471903,-574.793111471903,-571.39618839498,310.396555735951,314.464073614898,0.37178475320263,15
349,16,7,-551.534262574118,-505.534262574118,-502.137339497195,275.767131287059,310.6292705487,0.32973437623422,17
349,16,7,-452.975989640569,-406.975989640569,-403.579066563646,226.487994820285,377.461156849365,0.405115216326926,18
349,16,7,-756.581902515846,-710.581902515846,-707.184979438922,378.290951257923,280.279075347715,0.343719277081977,19
349,16,7,-690.013861523287,-644.013861523287,-640.616938446364,345.006930761643,287.207141108596,0.364955265850804,22
349,16,7,-1655.23650869267,-1609.23650869267,-1605.83958561575,827.618254346336,1.98967475439446e-10,0.189123075637166,23
349,16,7,-632.093407983825,-586.093407983825,-582.696484906902,316.046703991912,337.76094672897,0.265428813991029,24
349,16,7,-666.596510561997,-620.596510561997,-617.199587485074,333.298255280998,309.463841851722,0.311480695808681,25
349,16,7,-583.938933643481,-537.938933643481,-534.542010566558,291.969466821741,333.215828323525,0.387927797794912,27
349,16,7,-601.438125212005,-555.438125212005,-552.041202135082,300.719062606002,292.553889073406,0.433296720475124,28
349,16,7,-1619.10795140707,-1573.10795140707,-1569.71102833015,809.553975703537,3.7080323080257e-14,0.172748188665645,29
349,16,7,-678.643877103191,-632.643877103191,-629.246954026268,339.321938551595,285.950405973255,0.429484964003302,31
349,16,7,-641.135390274802,-595.135390274802,-591.738467197879,320.567695137401,276.204709772129,0.405834209678347,32
349,16,7,-652.10582453294,-606.10582453294,-602.708901456017,326.05291226647,323.454181609391,0.339483585289964,35
349,16,7,-589.767144632384,-543.767144632384,-540.370221555461,294.883572316192,305.866573478852,0.430931198612813,39
349,16,7,-560.951462043811,-514.951462043811,-511.554538966888,280.475731021906,335.002809989671,0.46269166457651,40
349,16,7,-516.799407498494,-470.799407498494,-467.402484421571,258.399703749247,334.21531378152,0.444117340278981,43
349,16,7,-659.427919207319,-613.427919207319,-610.030996130396,329.713959603659,315.078027096226,0.352049588649394,44
349,16,7,-589.760388583503,-543.760388583503,-540.36346550658,294.880194291752,315.699140540667,0.407821550619847,46
349,16,7,-665.235049763699,-619.235049763699,-615.838126686776,332.61752488185,314.301576172003,0.252310617327236,48
349,16,7,-591.345370797616,-545.345370797616,-541.948447720693,295.672685398808,310.498100042601,0.510228836089408,49
349,16,7,-495.177597554669,-449.177597554669,-445.780674477746,247.588798777334,336.411967944879,0.363867688981185,51
349,16,7,-598.635197429701,-552.635197429701,-549.238274352778,299.31759871485,250.159730714895,0.51580638107618,52
349,16,7,-607.928283387468,-561.928283387468,-558.531360310545,303.964141693734,259.398950524165,0.395464109243394,53
349,16,7,-591.206974190925,-545.206974190925,-541.810051114002,295.603487095462,335.607075546105,0.404224260216952,55
349,16,7,-476.060172013158,-430.060172013158,-426.663248936235,238.030086006579,319.876512415114,0.471199193658055,60
349,16,7,-590.508119184544,-544.508119184544,-541.111196107621,295.254059592272,323.158607127131,0.362913460739674,61
349,16,7,-551.827561380898,-505.827561380898,-502.430638303975,275.913780690449,215.13301957753,0.0155845288112494,63
349,16,7,-624.076008512085,-578.076008512085,-574.679085435162,312.038004256043,342.31503547885,0.248177356258099,65
349,16,7,-599.410259968645,-553.410259968645,-550.013336891722,299.705129984323,305.137253120503,0.361066317425148,67
349,16,7,-680.951761209474,-634.951761209474,-631.554838132551,340.475880604737,345.510611062037,0.391770376229045,70
349,16,7,-1782.74633267523,-1736.74633267523,-1733.34940959831,891.373166337616,1.7521517146056e-13,0.224457444925371,71
349,16,7,-743.802520510381,-697.802520510381,-694.405597433458,371.901260255191,266.687548902744,0.443282297790779,73
349,16,7,-628.870241417006,-582.870241417006,-579.473318340083,314.435120708503,273.468988108742,0.393733485710504,74
349,16,7,-628.860793144922,-582.860793144922,-579.463870067999,314.430396572461,278.743076539344,0.302241958350165,77
349,16,7,-661.23017777174,-615.23017777174,-611.833254694817,330.61508888587,290.788306623305,0.447806813250753,79
349,16,7,-630.292438470329,-584.292438470329,-580.895515393406,315.146219235165,285.859353681917,0.419570682281021,80
349,16,7,-710.69221194669,-664.69221194669,-661.295288869767,355.346105973345,221.195304086937,0.339872776373775,82
349,16,7,-507.979354435396,-461.979354435396,-458.582431358473,253.989677217698,334.784948445664,0.423680295502982,83
349,16,7,-527.751920452546,-481.751920452546,-478.354997375623,263.875960226273,301.323857182916,0.345326920364276,84
349,16,7,-582.666510505552,-536.666510505552,-533.269587428629,291.333255252776,332.19000691894,0.334517981596994,85
349,16,7,-599.556802070735,-553.556802070735,-550.159878993812,299.778401035367,329.179202998103,0.290188942524811,86
349,16,7,-562.407039574085,-516.407039574085,-513.010116497162,281.203519787043,341.145202405395,0.375288096821332,88
349,16,7,-637.684411638661,-591.684411638661,-588.287488561738,318.842205819331,284.635990623423,0.361523507049896,89
349,16,7,-537.484059572719,-491.484059572719,-488.087136495796,268.742029786359,350.513848200428,0.449973868837934,90
349,16,7,-565.79510469992,-519.79510469992,-516.398181622997,282.89755234996,335.130451348393,0.415870976393163,91
349,16,7,-496.557499973098,-450.557499973098,-447.160576896175,248.278749986549,380.686317726109,0.373304936001973,92
349,16,7,-669.886831248968,-623.886831248968,-620.489908172045,334.943415624484,312.317112660733,0.362007594596235,95
349,16,7,-596.302129903008,-550.302129903008,-546.905206826085,298.151064951504,246.56702231137,0.393471412903852,96
349,16,7,-1619.60868766531,-1573.60868766531,-1570.21176458838,809.804343832653,1.61771618853778e-14,0,97
349,16,7,-537.475825246647,-491.475825246647,-488.078902169723,268.737912623323,332.367316433283,0.410268951233922,99
